date,city,temp,humidity,wind_speed,pressure,cape,elevation,raw_nwp,observed_rain,error,regime
2023-06-01,Indore,32.7,72.3,15.9,1015.6,1611.1,553,0.0,0.0,0.0,0
2023-06-02,Indore,34.5,67.0,8.8,1005.1,1705.6,553,15.8,14.1,-1.6,0
2023-06-03,Indore,33.9,55.7,9.4,1004.3,1541.1,553,0.0,0.0,0.0,0
2023-06-04,Indore,30.2,74.8,3.5,1005.3,1709.0,553,1.1,4.7,3.6,0
2023-06-05,Indore,28.9,70.5,8.4,1017.3,1473.4,553,0.0,0.0,0.0,0
2023-06-06,Indore,31.0,71.2,14.3,1001.7,1720.9,553,11.3,19.8,8.5,0
2023-06-07,Indore,31.8,84.6,5.9,1000.1,1945.5,553,0.0,0.0,0.0,0
2023-06-08,Indore,34.7,78.1,2.0,1009.6,1811.1,553,0.0,0.0,0.0,0
2023-06-09,Indore,33.0,84.7,17.4,1011.8,1836.7,553,1.2,0.0,-1.2,0
2023-06-10,Indore,29.9,78.0,17.9,1005.6,1742.4,553,0.0,0.0,0.0,0
2023-06-11,Indore,35.1,63.2,17.0,1009.5,1614.4,553,0.0,3.2,3.2,0
2023-06-12,Indore,33.8,91.9,14.0,1024.9,1799.7,553,1.6,0.0,-1.6,0
2023-06-13,Indore,31.3,70.4,12.6,998.1,1760.3,553,0.0,7.2,7.2,0
2023-06-14,Indore,29.2,64.3,9.0,1012.6,1449.7,553,0.5,5.2,4.6,0
2023-06-15,Indore,31.3,85.6,7.8,1006.4,1874.5,553,0.0,0.0,0.0,0
2023-06-16,Indore,30.0,42.1,14.1,1006.0,1237.1,553,0.0,0.0,0.0,0
2023-06-17,Indore,30.4,78.8,23.3,1008.9,1727.9,553,0.0,0.0,0.0,0
2023-06-18,Indore,25.1,61.1,6.0,1008.5,1357.1,553,0.5,1.3,0.8,0
2023-06-19,Indore,32.7,70.9,8.6,1005.9,1705.9,553,99.3,106.1,6.8,0
2023-06-20,Indore,27.0,64.7,16.6,1004.0,1505.3,553,15.2,25.1,9.9,0
2023-06-21,Indore,27.9,74.9,9.0,1012.6,1567.6,553,0.0,0.0,0.0,0
2023-06-22,Indore,29.2,55.4,12.4,1002.7,1444.9,553,6.9,12.2,5.4,0
2023-06-23,Indore,28.3,70.1,16.9,1001.8,1638.0,553,25.3,20.3,-5.0,0
2023-06-24,Indore,31.6,77.1,16.7,1001.8,1817.4,553,60.5,56.9,-3.6,0
2023-06-25,Indore,31.9,78.2,7.9,1009.2,1749.3,553,0.0,0.0,0.0,0
2023-06-26,Indore,34.0,76.1,4.7,1013.2,1721.6,553,0.0,0.0,0.0,0
2023-06-27,Indore,27.6,83.4,19.0,1003.9,1783.6,553,40.2,47.3,7.1,0
2023-06-28,Indore,37.6,71.1,7.5,1003.6,1855.5,553,13.6,12.5,-1.1,0
2023-06-29,Indore,32.0,83.9,12.1,1015.3,1759.0,553,10.8,17.0,6.1,0
2023-06-30,Indore,28.0,61.1,14.9,1006.9,1445.5,553,0.0,0.0,0.0,0
2023-07-01,Indore,30.6,82.9,9.3,1011.9,1751.3,553,0.0,0.0,0.0,0
2023-07-02,Indore,34.0,76.6,4.5,1008.9,1781.5,553,0.0,2.6,2.6,0
2023-07-03,Indore,31.2,60.3,14.1,1010.8,1463.2,553,34.2,30.3,-3.9,0
2023-07-04,Indore,27.7,80.2,15.1,1010.6,1660.8,553,4.0,26.2,22.3,0
2023-07-05,Indore,34.3,81.8,10.1,1011.8,1828.0,553,0.0,0.0,0.0,0
2023-07-06,Indore,28.0,73.5,8.8,999.1,1712.8,553,0.0,0.8,0.8,0
2023-07-07,Indore,27.9,70.0,21.4,1008.6,1545.0,553,0.7,0.0,-0.7,0
2023-07-08,Indore,31.8,74.5,8.1,1018.7,1581.2,553,86.9,93.1,6.2,0
2023-07-09,Indore,23.9,76.2,8.0,1012.3,1494.1,553,0.9,0.0,-0.9,0
2023-07-10,Indore,36.8,70.0,10.1,1009.6,1748.3,553,32.0,27.0,-5.1,0
2023-07-11,Indore,32.3,93.8,4.0,1017.2,1882.5,553,0.0,0.0,0.0,0
2023-07-12,Indore,28.5,79.3,16.6,1003.4,1754.7,553,13.3,16.0,2.7,0
2023-07-13,Indore,30.1,59.0,21.8,1000.8,1539.0,553,0.0,1.2,1.2,0
2023-07-14,Indore,26.0,88.0,12.1,1003.1,1817.7,553,0.0,0.0,0.0,0
2023-07-15,Indore,30.3,74.7,15.9,1008.6,1669.7,553,12.4,12.3,-0.1,0
2023-07-16,Indore,38.4,82.2,12.4,1010.2,1950.4,553,3.0,5.4,2.5,0
2023-07-17,Indore,29.3,76.5,17.3,1005.7,1705.9,553,0.0,0.0,0.0,0
2023-07-18,Indore,34.0,78.3,7.8,1012.5,1761.4,553,36.1,40.7,4.5,0
2023-07-19,Indore,28.1,67.3,16.5,1011.1,1483.6,553,3.9,13.3,9.4,0
2023-07-20,Indore,28.9,80.6,10.8,1006.9,1739.3,553,26.6,35.1,8.5,0
2023-07-21,Indore,35.6,74.3,16.1,1006.4,1815.8,553,0.0,0.0,0.0,0
2023-07-22,Indore,28.9,96.9,18.4,999.0,2061.3,553,0.0,0.0,0.0,0
2023-07-23,Indore,35.1,83.5,15.7,1011.1,1876.6,553,0.5,0.0,-0.5,0
2023-07-24,Indore,31.0,48.9,22.6,1006.5,1350.7,553,0.0,0.0,0.0,0
2023-07-25,Indore,32.4,67.2,7.1,1009.2,1609.4,553,0.0,0.0,0.0,0
2023-07-26,Indore,31.7,80.7,17.2,1013.8,1725.8,553,106.1,106.7,0.6,0
2023-07-27,Indore,28.7,90.3,2.0,1015.9,1762.5,553,1.5,2.9,1.5,0
2023-07-28,Indore,31.0,65.8,11.7,1014.4,1492.7,553,75.0,81.9,6.9,0
2023-07-29,Indore,25.9,63.9,9.9,1010.3,1393.3,553,0.0,0.3,0.3,0
2023-07-30,Indore,34.4,79.7,12.3,1019.4,1709.6,553,10.1,15.2,5.0,0
2023-07-31,Indore,35.2,95.8,11.3,1012.9,2031.4,553,5.9,8.1,2.2,0
2023-08-01,Indore,26.3,86.4,2.0,998.4,1858.4,553,24.0,28.9,4.8,0
2023-08-02,Indore,33.6,91.7,16.2,1007.3,2002.3,553,0.0,1.2,1.2,0
2023-08-03,Indore,30.0,77.5,5.4,1009.7,1689.5,553,43.0,45.6,2.6,0
2023-08-04,Indore,22.4,63.2,11.3,1007.7,1329.9,553,31.3,41.9,10.6,0
2023-08-05,Indore,32.1,70.2,2.4,1001.2,1739.8,553,18.4,24.1,5.7,0
2023-08-06,Indore,28.1,70.4,13.5,1018.2,1440.6,553,14.5,18.4,3.8,0
2023-08-07,Indore,35.0,86.3,13.0,1002.9,2014.6,553,0.0,0.0,0.0,0
2023-08-08,Indore,33.3,90.4,6.2,1011.4,1927.0,553,5.7,0.0,-5.7,0
2023-08-09,Indore,36.1,84.6,11.2,1009.0,1942.2,553,20.5,12.6,-7.9,0
2023-08-10,Indore,34.4,78.0,11.9,1012.0,1774.2,553,0.0,0.0,0.0,0
2023-08-11,Indore,30.9,49.2,11.5,1001.5,1412.2,553,0.0,0.0,0.0,0
2023-08-12,Indore,27.1,79.9,16.5,1006.5,1690.9,553,26.8,27.5,0.8,0
2023-08-13,Indore,29.3,64.2,8.6,1000.8,1593.1,553,0.0,0.0,0.0,0
2023-08-14,Indore,37.9,74.4,7.8,1009.1,1842.1,553,61.0,63.4,2.4,0
2023-08-15,Indore,30.2,81.4,16.5,1005.3,1800.4,553,0.0,0.0,0.0,0
2023-08-16,Indore,39.3,70.3,8.2,997.0,1962.8,553,0.0,0.9,0.9,0
2023-08-17,Indore,27.5,74.3,17.8,1003.1,1664.2,553,0.0,0.0,0.0,0
2023-08-18,Indore,25.4,76.4,7.5,1000.9,1668.6,553,2.3,0.0,-2.3,0
2023-08-19,Indore,28.7,64.7,9.9,1009.1,1486.0,553,31.4,38.9,7.6,0
2023-08-20,Indore,27.9,74.0,26.2,1013.1,1549.2,553,13.1,14.1,1.1,0
2023-08-21,Indore,28.7,90.7,4.1,998.4,1977.2,553,15.6,23.3,7.7,0
2023-08-22,Indore,29.7,71.1,9.3,1004.9,1651.1,553,0.0,0.0,0.0,0
2023-08-23,Indore,28.0,74.6,7.0,1009.4,1603.3,553,0.0,0.0,0.0,0
2023-08-24,Indore,32.4,73.0,13.4,1009.4,1686.1,553,0.0,0.0,0.0,0
2023-08-25,Indore,27.6,75.2,16.5,999.7,1718.7,553,0.0,5.2,5.2,0
2023-08-26,Indore,28.3,52.3,2.2,1008.2,1313.8,553,4.6,0.0,-4.6,0
2023-08-27,Indore,33.8,60.3,13.6,1021.9,1392.6,553,5.1,0.0,-5.1,0
2023-08-28,Indore,28.0,69.4,18.0,1005.1,1581.7,553,0.0,0.0,0.0,0
2023-08-29,Indore,33.7,65.3,26.6,999.1,1733.5,553,46.6,44.4,-2.2,0
2023-08-30,Indore,31.6,75.1,14.9,1015.9,1618.5,553,3.7,3.8,0.0,0
2023-08-31,Indore,33.1,70.2,10.1,1010.7,1647.3,553,2.9,11.1,8.2,0
2023-09-01,Indore,30.1,85.4,10.5,1014.5,1742.4,553,6.4,0.0,-6.4,0
2023-09-02,Indore,29.8,74.2,22.1,1009.6,1638.0,553,0.0,0.0,0.0,0
2023-09-03,Indore,34.1,75.1,6.7,1009.4,1757.8,553,26.1,24.7,-1.4,0
2023-09-04,Indore,29.6,80.1,19.5,1012.8,1678.0,553,0.7,4.1,3.4,0
2023-09-05,Indore,27.2,64.2,21.1,1010.0,1430.9,553,1.0,10.5,9.4,0
2023-09-06,Indore,29.4,68.9,8.7,1012.8,1517.0,553,21.7,29.6,7.9,0
2023-09-07,Indore,25.3,77.4,5.6,1005.4,1624.9,553,23.3,21.9,-1.5,0
2023-09-08,Indore,22.9,76.2,27.9,1007.0,1531.2,553,64.0,67.2,3.2,0
2023-09-09,Indore,37.2,81.1,13.3,1010.2,1906.3,553,0.0,0.0,0.0,0
2023-09-10,Indore,35.7,93.1,8.9,1003.1,2124.0,553,43.3,45.6,2.4,0
2023-09-11,Indore,31.2,87.1,2.0,1015.6,1780.7,553,0.0,0.0,0.0,0
2023-09-12,Indore,29.0,84.2,2.0,1006.9,1792.0,553,0.0,0.0,0.0,0
2023-09-13,Indore,29.8,94.0,10.4,1000.5,2026.4,553,0.0,0.0,0.0,0
2023-09-14,Indore,26.4,83.7,11.1,1013.4,1643.5,553,6.6,0.3,-6.2,0
2023-09-15,Indore,27.4,80.2,7.2,1007.2,1695.2,553,17.8,17.4,-0.4,0
2023-09-16,Indore,31.5,64.6,16.0,1007.4,1572.0,553,0.0,0.0,0.0,0
2023-09-17,Indore,30.9,67.5,7.7,1008.5,1583.6,553,25.4,15.1,-10.3,0
2023-09-18,Indore,34.8,89.0,2.0,1006.3,2005.6,553,71.9,73.0,1.1,0
2023-09-19,Indore,26.1,64.7,5.3,1016.8,1330.0,553,0.0,0.0,0.0,0
2023-09-20,Indore,28.3,72.9,12.2,1004.5,1646.4,553,1.1,0.5,-0.6,0
2023-09-21,Indore,31.3,72.4,15.0,1002.7,1733.6,553,0.0,0.0,0.0,0
2023-09-22,Indore,29.7,82.5,14.7,1006.2,1793.6,553,0.0,5.7,5.7,0
2023-09-23,Indore,33.1,70.3,14.0,1001.7,1756.9,553,3.2,0.0,-3.2,0
2023-09-24,Indore,28.1,89.8,2.0,1011.8,1791.1,553,4.1,0.0,-4.1,0
2023-09-25,Indore,23.7,94.4,13.3,1007.5,1799.9,553,1.0,3.8,2.8,0
2023-09-26,Indore,34.9,75.4,12.9,1006.2,1817.7,553,0.0,0.0,0.0,0
2023-09-27,Indore,38.5,82.1,8.3,1005.9,2003.1,553,107.5,104.0,-3.4,0
2023-09-28,Indore,31.4,54.4,15.3,1018.0,1298.4,553,0.0,5.8,5.8,0
2023-09-29,Indore,36.7,92.8,6.0,1010.6,2053.4,553,8.6,13.6,4.9,0
2023-09-30,Indore,22.7,69.8,13.2,1000.8,1512.5,553,0.0,0.0,0.0,0
2023-10-01,Indore,27.8,57.8,6.1,1013.3,1316.1,553,10.7,16.2,5.5,0
2023-10-02,Indore,31.6,63.7,16.2,1005.1,1589.9,553,19.1,22.7,3.6,0
2023-10-03,Indore,35.0,65.6,11.8,1016.9,1556.2,553,7.7,14.3,6.5,0
2023-10-04,Indore,29.0,81.6,17.8,1011.1,1705.7,553,4.9,0.0,-4.9,0
2023-10-05,Indore,26.4,71.3,18.4,1008.6,1528.0,553,31.6,41.1,9.4,0
2023-10-06,Indore,34.7,68.6,15.8,1000.4,1788.6,553,69.4,72.1,2.7,0
2023-10-07,Indore,33.9,75.6,14.7,1006.9,1788.0,553,63.5,72.2,8.6,0
2023-10-08,Indore,30.7,68.4,17.3,1001.0,1683.4,553,0.0,0.0,0.0,0
2023-10-09,Indore,31.8,68.3,19.5,1003.5,1675.9,553,0.0,0.0,0.0,0
2023-10-10,Indore,24.2,66.2,18.3,1012.3,1360.5,553,2.2,6.6,4.4,0
2023-10-11,Indore,33.5,74.6,19.3,1004.6,1792.8,553,0.0,0.0,0.0,0
2023-10-12,Indore,29.7,68.7,20.7,1015.9,1483.9,553,0.0,0.0,0.0,0
2023-10-13,Indore,29.9,64.3,6.0,1002.7,1586.6,553,0.0,0.0,0.0,0
2023-10-14,Indore,31.8,92.6,6.0,1012.9,1905.1,553,13.8,15.7,1.9,0
2023-10-15,Indore,27.1,78.6,13.0,1010.5,1624.4,553,18.2,18.0,-0.2,0
2023-10-16,Indore,29.1,66.5,8.7,1004.8,1573.0,553,0.0,0.0,0.0,0
2023-10-17,Indore,29.7,59.9,16.8,1013.2,1392.6,553,0.0,0.0,0.0,0
2023-10-18,Indore,33.2,76.4,2.9,1015.7,1678.4,553,0.0,0.0,0.0,0
2023-10-19,Indore,29.7,81.0,15.3,1013.4,1686.6,553,8.0,2.3,-5.7,0
2023-10-20,Indore,26.6,84.6,6.3,1003.8,1777.4,553,0.0,0.0,0.0,0
2023-10-21,Indore,29.2,76.7,11.9,1013.9,1606.8,553,21.9,22.4,0.6,0
2023-10-22,Indore,34.7,82.2,23.1,1010.9,1851.2,553,25.7,26.9,1.2,0
2023-10-23,Indore,33.9,80.1,18.4,1013.8,1768.0,553,32.8,34.9,2.2,0
2023-10-24,Indore,31.5,88.5,7.1,1009.8,1876.9,553,16.7,17.7,1.0,0
2023-10-25,Indore,31.7,74.6,3.8,1011.7,1663.1,553,18.0,19.4,1.5,0
2023-10-26,Indore,31.8,77.0,21.5,1007.5,1750.0,553,62.8,67.2,4.4,0
2023-10-27,Indore,29.4,76.3,18.4,1002.9,1740.7,553,6.0,0.0,-6.0,0
2023-10-28,Indore,34.4,68.2,12.8,1009.8,1662.4,553,0.0,0.0,0.0,0
2023-10-29,Indore,36.5,73.2,8.7,1017.4,1691.6,553,3.1,0.0,-3.1,0
2023-10-30,Indore,30.4,81.8,17.9,1013.6,1710.7,553,0.0,0.0,0.0,0
2023-10-31,Indore,33.3,72.8,23.1,1002.6,1786.2,553,0.0,0.0,0.0,0
2023-11-01,Indore,30.3,65.5,8.0,1008.4,1542.8,553,0.0,0.0,0.0,0
2023-11-02,Indore,30.7,87.4,14.1,1010.3,1837.4,553,40.4,46.6,6.2,0
2023-11-03,Indore,35.7,76.4,16.3,1007.6,1834.0,553,0.0,0.0,0.0,0
2023-11-04,Indore,32.3,64.9,3.9,1006.4,1607.2,553,6.6,1.7,-5.0,0
2023-11-05,Indore,33.0,66.4,18.0,1006.6,1641.4,553,0.0,0.0,0.0,0
2023-11-06,Indore,29.4,44.9,2.5,1011.8,1193.2,553,51.0,49.2,-1.8,0
2023-11-07,Indore,30.8,74.0,5.0,1015.5,1589.2,553,0.0,0.2,0.2,0
2023-11-08,Indore,31.7,49.5,10.5,1004.6,1399.4,553,0.0,0.0,0.0,0
2023-11-09,Indore,28.4,76.3,5.6,1012.9,1596.0,553,0.0,0.0,0.0,0
2023-11-10,Indore,35.9,85.1,12.4,1004.8,1995.7,553,43.7,51.2,7.5,0
2023-11-11,Indore,33.2,86.6,8.8,1014.6,1834.6,553,21.8,25.8,4.0,0
2023-11-12,Indore,37.1,76.4,8.1,1005.6,1892.1,553,0.6,6.2,5.6,0
2023-11-13,Indore,29.0,73.7,24.9,1016.6,1528.1,553,0.0,0.0,0.0,0
2023-11-14,Indore,27.1,80.8,9.0,1009.1,1671.4,553,0.0,0.0,0.0,0
2023-11-15,Indore,25.2,78.8,15.9,1005.6,1639.9,553,0.0,0.0,0.0,0
2023-11-16,Indore,25.5,98.0,11.4,1016.9,1782.0,553,62.9,57.7,-5.2,0
2023-11-17,Indore,29.0,83.6,13.1,1010.7,1738.4,553,36.3,33.0,-3.3,0
2023-11-18,Indore,32.4,65.8,13.9,1006.5,1620.0,553,4.9,7.1,2.2,0
2023-11-19,Indore,34.7,47.2,13.4,1002.2,1467.2,553,0.0,0.0,0.0,0
2023-11-20,Indore,26.5,87.9,9.2,1009.7,1749.5,553,11.7,15.1,3.4,0
2023-11-21,Indore,26.5,86.0,9.0,1000.2,1837.0,553,29.8,30.7,0.9,0
2023-11-22,Indore,29.8,69.8,10.1,1018.4,1471.4,553,32.8,41.0,8.2,0
2023-11-23,Indore,31.8,70.9,10.8,1007.6,1664.8,553,66.1,69.0,2.8,0
2023-11-24,Indore,33.6,73.0,12.5,998.0,1851.9,553,0.0,0.0,0.0,0
2023-11-25,Indore,32.6,72.4,18.5,997.5,1825.6,553,0.0,3.8,3.8,0
2023-11-26,Indore,27.7,81.7,13.7,1004.7,1752.4,553,0.0,0.0,0.0,0
2023-11-27,Indore,31.8,84.4,15.0,1008.8,1839.4,553,19.2,24.0,4.8,0
2023-11-28,Indore,31.7,86.6,18.6,1013.9,1806.2,553,2.4,0.0,-2.4,0
2023-11-29,Indore,36.7,64.7,13.8,1013.0,1631.1,553,19.2,20.9,1.7,0
2023-11-30,Indore,33.0,78.3,2.0,1003.3,1847.2,553,34.6,41.2,6.6,0
2023-12-01,Indore,33.2,89.5,10.4,1008.6,1946.8,553,2.1,0.0,-2.1,0
2023-12-02,Indore,27.2,56.7,21.6,1003.8,1400.8,553,4.8,0.0,-4.8,0
2023-12-03,Indore,29.9,58.5,8.4,1008.8,1431.1,553,24.7,24.2,-0.5,0
2023-12-04,Indore,23.1,65.8,12.4,1013.6,1312.8,553,3.4,0.6,-2.8,0
2023-12-05,Indore,25.6,91.3,2.0,1019.6,1658.4,553,35.3,41.9,6.6,0
2023-12-06,Indore,30.1,78.7,10.9,1010.8,1695.5,553,5.5,0.0,-5.5,0
2023-12-07,Indore,30.7,62.1,5.4,1008.9,1498.9,553,0.0,0.0,0.0,0
2023-12-08,Indore,36.3,83.3,8.4,1000.1,2036.3,553,0.0,0.0,0.0,0
2023-12-09,Indore,27.6,75.3,4.0,1005.0,1656.4,553,2.8,7.4,4.6,0
2023-12-10,Indore,30.9,80.6,13.3,1014.8,1693.3,553,0.0,0.0,0.0,0
2023-12-11,Indore,31.5,88.5,14.3,1006.6,1915.4,553,0.0,0.0,0.0,0
2023-12-12,Indore,26.1,95.0,4.5,1004.5,1901.7,553,6.5,8.0,1.5,0
2023-12-13,Indore,35.4,65.9,13.7,1003.8,1725.8,553,0.0,4.6,4.6,0
2023-12-14,Indore,33.2,79.0,10.9,1007.4,1814.5,553,0.0,0.0,0.0,0
2023-12-15,Indore,36.7,55.6,13.6,1015.3,1474.6,553,115.6,110.1,-5.4,0
2023-12-16,Indore,32.5,64.7,3.4,998.4,1703.9,553,25.0,29.5,4.5,0
2023-12-17,Indore,29.1,54.5,15.4,1002.5,1432.5,553,0.6,0.0,-0.6,0
2023-12-18,Indore,31.1,64.8,13.4,1000.2,1650.9,553,33.3,26.3,-7.0,0
2023-12-19,Indore,32.3,88.7,4.7,1016.4,1821.3,553,0.0,1.6,1.6,0
2023-12-20,Indore,33.0,74.9,15.2,1003.4,1798.9,553,1.6,0.0,-1.6,0
2023-12-21,Indore,31.3,93.0,10.2,1014.6,1878.0,553,68.6,65.5,-3.1,0
2023-12-22,Indore,29.1,57.1,12.4,1011.9,1355.9,553,19.1,18.4,-0.7,0
2023-12-23,Indore,31.8,67.7,14.2,1010.5,1584.1,553,0.0,0.9,0.9,0
2023-12-24,Indore,27.3,63.3,7.8,1006.8,1458.9,553,21.4,20.2,-1.2,0
2023-12-25,Indore,25.4,98.0,5.2,1012.2,1835.3,553,118.1,121.2,3.2,0
2023-12-26,Indore,29.7,79.6,9.4,1013.8,1659.6,553,44.8,50.6,5.8,0
2023-12-27,Indore,33.1,67.9,10.6,1002.1,1720.4,553,9.4,10.6,1.2,0
2023-12-28,Indore,31.2,76.0,10.6,1009.0,1705.0,553,48.7,64.0,15.3,0
2023-12-29,Indore,29.9,66.2,15.2,995.4,1701.1,553,0.0,0.0,0.0,0
2023-12-30,Indore,28.9,71.8,12.3,1010.6,1569.6,553,10.8,14.2,3.3,0
2023-12-31,Indore,24.1,62.7,11.1,1002.0,1432.8,553,20.3,26.3,6.0,0
2024-01-01,Indore,30.3,91.9,12.9,1006.3,1936.7,553,6.9,6.8,-0.1,0
2024-01-02,Indore,29.9,69.3,13.0,1008.8,1583.7,553,20.9,23.9,3.0,0
2024-01-03,Indore,34.3,56.2,2.0,1012.7,1458.2,553,0.0,0.0,0.0,0
2024-01-04,Indore,34.5,67.9,5.0,1014.0,1609.4,553,35.2,36.7,1.4,0
2024-01-05,Indore,30.9,71.9,9.7,1007.9,1653.1,553,0.0,0.0,0.0,0
2024-01-06,Indore,32.4,56.3,13.1,1007.9,1469.4,553,0.0,0.0,0.0,0
2024-01-07,Indore,24.1,98.0,4.8,1007.8,1857.8,553,0.0,0.0,0.0,0
2024-01-08,Indore,37.0,57.5,2.3,1015.4,1509.0,553,75.8,77.7,2.0,0
2024-01-09,Indore,28.7,86.5,8.4,1017.1,1692.9,553,0.0,0.0,0.0,0
2024-01-10,Indore,34.2,90.9,19.3,1009.4,1981.8,553,0.0,1.7,1.7,0
2024-01-11,Indore,26.8,74.8,12.5,1016.6,1491.1,553,0.0,1.1,1.1,0
2024-01-12,Indore,29.4,64.4,19.8,1003.1,1569.8,553,30.7,27.1,-3.6,0
2024-01-13,Indore,29.4,68.8,13.7,1004.5,1615.3,553,1.7,7.7,6.0,0
2024-01-14,Indore,35.6,59.0,9.0,1009.4,1566.8,553,27.4,25.8,-1.6,0
2024-01-15,Indore,29.0,74.5,20.7,1017.0,1533.5,553,43.0,41.8,-1.3,0
2024-01-16,Indore,32.3,80.7,10.7,1005.0,1843.4,553,3.4,0.0,-3.4,0
2024-01-17,Indore,38.2,60.8,10.7,1006.6,1688.0,553,18.6,25.9,7.3,0
2024-01-18,Indore,29.0,72.0,13.7,1006.8,1621.9,553,21.6,32.6,11.0,0
2024-01-19,Indore,33.3,88.1,13.1,1001.5,2014.6,553,64.3,69.3,5.0,0
2024-01-20,Indore,28.7,67.7,15.5,1014.2,1466.2,553,16.4,19.5,3.1,0
2024-01-21,Indore,31.8,98.0,15.4,999.2,2145.9,553,42.2,51.7,9.4,0
2024-01-22,Indore,33.4,72.3,4.7,1007.0,1729.8,553,7.0,5.7,-1.3,0
2024-01-23,Indore,36.8,78.7,4.8,1010.2,1863.9,553,0.0,0.0,0.0,0
2024-01-24,Indore,36.1,56.6,5.4,1005.7,1589.9,553,141.3,140.2,-1.1,0
2024-01-25,Indore,28.1,48.9,15.5,1009.7,1243.2,553,1.0,12.4,11.4,0
2024-01-26,Indore,28.4,88.0,8.6,1008.9,1806.0,553,26.9,25.7,-1.2,0
2024-01-27,Indore,31.4,65.7,23.2,1017.4,1465.9,553,28.3,28.2,-0.1,0
2024-01-28,Indore,33.9,73.9,19.9,1013.6,1685.4,553,39.1,38.9,-0.2,0
2024-01-29,Indore,21.3,83.6,9.4,1003.6,1638.7,553,0.0,0.0,0.0,0
2024-01-30,Indore,30.6,92.2,15.8,1002.9,1989.5,553,26.2,38.5,12.3,0
2024-01-31,Indore,30.2,62.5,9.8,1013.4,1438.5,553,21.6,22.2,0.6,0
2024-02-01,Indore,27.1,75.7,2.0,1009.6,1594.2,553,0.0,0.0,0.0,0
2024-02-02,Indore,34.6,71.7,9.8,1010.0,1713.9,553,17.9,15.3,-2.6,0
2024-02-03,Indore,30.8,76.5,9.7,993.6,1886.5,553,34.1,36.3,2.2,0
2024-02-04,Indore,32.2,60.8,14.4,1005.1,1563.8,553,80.3,78.4,-1.9,0
2024-02-05,Indore,27.9,78.3,10.7,1003.8,1719.1,553,16.5,14.9,-1.6,0
2024-02-06,Indore,29.2,73.8,12.6,1002.3,1705.3,553,0.0,0.0,0.0,0
2024-02-07,Indore,30.0,74.8,15.1,1000.2,1765.4,553,99.1,99.5,0.4,0
2024-02-08,Indore,33.8,58.9,13.8,1001.2,1621.4,553,94.5,89.4,-5.1,0
2024-02-09,Indore,35.1,65.2,7.1,1009.0,1646.4,553,0.0,3.0,3.0,0
2024-02-10,Indore,32.5,82.3,13.1,1006.2,1858.5,553,4.5,2.1,-2.4,0
2024-02-11,Indore,20.8,79.2,17.4,996.2,1653.7,553,21.8,19.7,-2.0,0
2024-02-12,Indore,31.1,65.3,10.9,1014.9,1480.9,553,0.1,0.0,-0.1,0
2024-02-13,Indore,33.1,65.5,8.9,1013.8,1545.8,553,6.6,5.7,-0.8,0
2024-02-14,Indore,29.7,80.1,13.9,1007.8,1741.6,553,0.0,0.7,0.7,0
2024-02-15,Indore,28.4,75.0,17.3,1003.1,1694.6,553,40.2,43.2,3.0,0
2024-02-16,Indore,35.6,67.2,2.0,1009.0,1686.5,553,12.6,21.5,8.9,0
2024-02-17,Indore,32.9,83.2,10.8,1001.9,1930.8,553,35.8,39.4,3.6,0
2024-02-18,Indore,33.9,68.9,10.4,1010.4,1653.2,553,3.5,3.8,0.3,0
2024-02-19,Indore,29.2,77.6,16.6,1007.0,1702.7,553,5.0,2.2,-2.8,0
2024-02-20,Indore,31.7,76.9,15.1,1008.0,1740.3,553,2.3,0.0,-2.3,0
2024-02-21,Indore,32.5,71.8,17.9,1013.9,1617.3,553,39.3,55.2,15.9,0
2024-02-22,Indore,31.7,69.8,14.0,1006.5,1658.7,553,21.5,19.5,-2.0,0
2024-02-23,Indore,35.0,89.8,11.3,997.4,2128.3,553,44.1,44.0,-0.0,0
2024-02-24,Indore,27.5,67.9,17.0,1010.7,1482.5,553,0.0,0.0,0.0,0
2024-02-25,Indore,29.6,66.0,2.0,1011.8,1492.3,553,1.6,10.9,9.3,0
2024-02-26,Indore,30.6,88.7,12.2,1008.7,1873.0,553,2.9,0.0,-2.9,0
2024-02-27,Indore,35.2,68.4,13.2,1009.4,1688.7,553,0.0,0.0,0.0,0
2024-02-28,Indore,29.2,83.3,20.3,1013.1,1711.1,553,1.0,9.1,8.1,0
2024-02-29,Indore,26.4,82.7,16.0,1001.9,1767.7,553,20.6,27.8,7.2,0
2024-03-01,Indore,27.6,75.8,2.0,996.6,1764.7,553,15.5,19.8,4.3,0
2024-03-02,Indore,30.8,71.7,6.3,1006.9,1660.5,553,3.5,8.6,5.1,0
2024-03-03,Indore,31.7,77.8,17.3,1005.4,1785.3,553,0.0,0.0,0.0,0
2024-03-04,Indore,37.4,71.3,9.9,1007.9,1802.0,553,0.0,0.0,0.0,0
2024-03-05,Indore,25.4,83.4,18.3,1003.7,1731.8,553,0.0,0.0,0.0,0
2024-03-06,Indore,37.0,72.7,11.0,1008.4,1805.9,553,0.0,0.0,0.0,0
2024-03-07,Indore,32.2,88.0,13.6,1011.2,1870.1,553,46.5,52.8,6.3,0
2024-03-08,Indore,40.4,52.3,7.9,1015.4,1517.2,553,54.5,55.8,1.2,0
2024-03-09,Indore,38.4,60.6,19.3,1016.7,1568.9,553,8.6,6.8,-1.8,0
2024-03-10,Indore,31.1,70.9,2.0,1010.1,1618.0,553,30.3,34.0,3.7,0
2024-03-11,Indore,39.0,75.3,11.4,1007.1,1905.5,553,0.1,0.0,-0.1,0
2024-03-12,Indore,30.9,68.8,7.8,1001.0,1693.1,553,5.7,8.2,2.6,0
2024-03-13,Indore,31.3,56.5,10.1,1004.2,1491.2,553,27.6,21.2,-6.4,0
2024-03-14,Indore,31.4,72.1,16.0,1009.1,1654.0,553,0.8,0.0,-0.8,0
2024-03-15,Indore,31.4,48.1,11.9,1013.4,1264.9,553,122.4,123.4,1.0,0
2024-03-16,Indore,28.7,57.5,2.0,1012.2,1347.8,553,21.3,23.4,2.1,0
2024-03-17,Indore,34.2,67.5,12.9,1004.9,1707.2,553,4.2,3.0,-1.2,0
2024-03-18,Indore,23.3,63.3,10.2,1015.6,1257.9,553,0.0,0.0,0.0,0
2024-03-19,Indore,30.2,66.2,13.0,1010.2,1529.4,553,8.7,11.2,2.5,0
2024-03-20,Indore,31.1,82.5,13.4,1012.8,1747.4,553,0.0,3.2,3.2,0
2024-03-21,Indore,27.0,75.3,11.8,1007.0,1618.7,553,0.0,0.0,0.0,0
2024-03-22,Indore,29.3,50.5,16.4,1012.3,1262.7,553,20.0,29.5,9.4,0
2024-03-23,Indore,37.4,65.1,6.3,1002.5,1779.0,553,9.1,14.8,5.6,0
2024-03-24,Indore,32.7,52.2,7.8,998.8,1529.5,553,21.7,30.6,8.9,0
2024-03-25,Indore,27.5,91.8,10.5,1001.9,1923.0,553,0.0,0.0,0.0,0
2024-03-26,Indore,33.7,89.7,20.4,1005.2,2003.4,553,0.0,0.0,0.0,0
2024-03-27,Indore,34.9,59.8,2.2,1014.4,1502.1,553,0.0,0.0,0.0,0
2024-03-28,Indore,32.0,64.3,14.5,1005.6,1600.0,553,80.2,83.1,2.9,0
2024-03-29,Indore,29.5,72.7,11.5,1006.1,1651.1,553,6.0,0.0,-6.0,0
2024-03-30,Indore,29.8,72.9,13.4,1009.2,1624.1,553,95.9,103.4,7.5,0
2024-03-31,Indore,25.6,56.2,15.2,997.8,1427.3,553,0.0,0.0,0.0,0
2024-04-01,Indore,38.8,81.7,15.0,999.0,2086.7,553,0.0,0.0,0.0,0
2024-04-02,Indore,26.6,63.6,12.4,1010.5,1403.1,553,2.4,0.0,-2.4,0
2024-04-03,Indore,31.8,98.0,6.5,995.3,2191.9,553,51.5,53.1,1.6,0
2024-04-04,Indore,34.9,97.5,4.6,1010.5,2075.7,553,0.0,0.0,0.0,0
2024-04-05,Indore,29.0,55.7,13.4,1009.3,1364.2,553,0.0,3.5,3.5,0
2024-04-06,Indore,29.7,77.4,8.0,1012.4,1648.3,553,69.7,72.1,2.4,0
2024-04-07,Indore,26.9,73.8,14.3,1009.3,1567.9,553,0.0,0.0,0.0,0
2024-04-08,Indore,27.8,66.2,8.4,1014.9,1415.6,553,8.7,16.9,8.3,0
2024-04-09,Indore,31.8,73.3,13.7,1010.6,1662.3,553,71.9,78.1,6.2,0
2024-04-10,Indore,30.3,72.2,10.8,1013.7,1574.0,553,49.9,55.9,6.0,0
2024-04-11,Indore,20.7,81.9,13.2,1007.9,1548.3,553,31.0,32.1,1.1,0
2024-04-12,Indore,28.3,78.9,6.2,1001.1,1770.2,553,0.4,8.2,7.8,0
2024-04-13,Indore,32.8,82.7,15.1,1004.8,1887.4,553,31.5,36.6,5.2,0
2024-04-14,Indore,35.2,82.5,14.1,1013.4,1838.7,553,1.1,0.0,-1.1,0
2024-04-15,Indore,30.9,54.3,2.2,1007.0,1417.9,553,0.0,0.0,0.0,0
2024-04-16,Indore,24.4,76.6,12.0,1003.9,1609.8,553,35.7,30.7,-5.0,0
2024-04-17,Indore,28.3,64.8,6.4,1012.1,1440.9,553,0.0,0.0,0.0,0
2024-04-18,Indore,25.6,72.4,12.5,1008.1,1530.9,553,12.3,11.1,-1.3,0
2024-04-19,Indore,32.2,74.1,18.0,1018.9,1582.2,553,5.3,1.9,-3.5,0
2024-04-20,Indore,27.1,83.4,17.1,1010.8,1689.0,553,22.9,20.1,-2.8,0
2024-04-21,Indore,31.2,65.1,17.3,998.8,1675.4,553,0.0,0.0,0.0,0
2024-04-22,Indore,29.2,75.8,7.1,1013.6,1598.3,553,0.1,0.0,-0.1,0
2024-04-23,Indore,31.1,85.5,5.8,1003.7,1897.3,553,0.0,0.0,0.0,0
2024-04-24,Indore,26.3,64.2,9.1,1012.4,1380.8,553,48.4,55.6,7.3,0
2024-04-25,Indore,30.5,78.7,11.4,1009.3,1722.1,553,12.2,12.3,0.1,0
2024-04-26,Indore,36.0,85.1,17.8,1014.2,1884.9,553,32.3,35.8,3.4,0
2024-04-27,Indore,31.7,66.6,10.1,1011.1,1559.9,553,0.0,0.0,0.0,0
2024-04-28,Indore,32.4,72.5,2.0,1008.1,1696.3,553,9.9,5.9,-4.0,0
2024-04-29,Indore,26.0,88.8,10.1,1006.0,1796.3,553,10.6,16.0,5.4,0
2024-04-30,Indore,30.0,78.4,17.8,1016.0,1626.3,553,0.0,0.0,0.0,0
2024-05-01,Indore,27.8,63.6,18.8,1002.1,1533.5,553,0.0,5.6,5.6,0
2024-05-02,Indore,29.8,81.2,8.7,1007.2,1767.5,553,5.7,0.0,-5.7,0
2024-05-03,Indore,31.4,55.7,5.2,1006.9,1450.8,553,10.2,0.0,-10.2,0
2024-05-04,Indore,39.4,83.4,11.9,1006.7,2034.2,553,21.2,18.3,-2.9,0
2024-05-05,Indore,34.9,82.6,16.3,1010.2,1871.5,553,0.0,0.0,0.0,0
2024-05-06,Indore,30.2,76.3,17.9,1004.3,1740.9,553,2.8,10.7,7.9,0
2024-05-07,Indore,26.3,82.0,16.1,996.6,1819.5,553,1.7,0.0,-1.7,0
2024-05-08,Indore,30.6,54.3,10.9,1016.3,1299.6,553,0.0,0.0,0.0,0
2024-05-09,Indore,31.2,71.5,8.1,1004.7,1693.5,553,0.0,0.0,0.0,0
2024-05-10,Indore,35.5,80.7,5.3,1009.2,1870.6,553,14.4,25.3,10.9,0
2024-05-11,Indore,27.4,64.3,4.5,1006.8,1476.5,553,49.9,55.2,5.3,0
2024-05-12,Indore,29.9,75.8,7.0,1018.4,1557.3,553,0.0,0.0,0.0,0
2024-05-13,Indore,33.0,74.0,2.2,1005.4,1765.5,553,0.0,0.0,0.0,0
2024-05-14,Indore,30.4,90.5,2.0,1015.7,1807.5,553,0.0,0.0,0.0,0
2024-05-15,Indore,26.7,79.4,14.2,1008.2,1652.9,553,0.0,0.0,0.0,0
2024-05-16,Indore,38.1,57.6,13.1,1004.7,1664.7,553,0.1,5.3,5.1,0
2024-05-17,Indore,31.1,66.3,14.9,1017.0,1469.6,553,0.0,0.0,0.0,0
2024-05-18,Indore,35.9,88.1,13.4,1002.0,2070.6,553,11.2,17.3,6.1,0
2024-05-19,Indore,30.3,81.5,4.4,1004.5,1813.9,553,35.0,32.6,-2.4,0
2024-05-20,Indore,30.5,63.5,11.9,1005.6,1553.6,553,3.9,3.2,-0.8,0
2024-05-21,Indore,25.5,57.9,2.4,1009.2,1311.8,553,17.8,21.5,3.8,0
2024-05-22,Indore,35.2,66.9,14.4,1000.1,1779.4,553,3.1,0.0,-3.1,0
2024-05-23,Indore,33.6,74.2,6.3,1006.0,1772.2,553,15.4,21.8,6.4,0
2024-05-24,Indore,37.9,55.2,21.7,1008.5,1581.0,553,0.0,0.0,0.0,0
2024-05-25,Indore,30.0,90.9,9.6,1006.2,1918.3,553,14.4,0.0,-14.4,0
2024-05-26,Indore,26.6,78.4,17.3,1005.9,1665.1,553,0.0,0.0,0.0,0
2024-05-27,Indore,33.5,89.2,9.8,1005.6,1984.9,553,29.1,36.9,7.8,0
2024-05-28,Indore,27.7,79.1,12.7,1013.3,1611.9,553,0.0,0.0,0.0,0
2024-05-29,Indore,30.7,78.2,9.1,1004.6,1776.1,553,3.2,6.4,3.2,0
2024-05-30,Indore,27.2,61.0,16.1,1002.3,1479.2,553,52.8,47.2,-5.6,0
2024-05-31,Indore,28.6,88.3,6.1,1005.7,1855.6,553,0.0,0.0,0.0,0
2024-06-01,Indore,36.1,53.4,8.4,1009.1,1503.9,553,25.5,30.9,5.4,0
2024-06-02,Indore,29.0,80.8,12.6,1000.1,1827.0,553,28.6,35.6,7.0,0
2024-06-03,Indore,31.1,62.5,2.0,1008.8,1516.7,553,35.5,43.9,8.4,0
2024-06-04,Indore,34.5,83.8,11.6,1013.4,1839.5,553,0.4,8.0,7.6,0
2024-06-05,Indore,29.1,80.5,4.2,1001.9,1803.0,553,40.3,48.5,8.3,0
2024-06-06,Indore,34.3,81.6,12.5,996.0,2012.7,553,0.0,0.0,0.0,0
2024-06-07,Indore,33.4,84.2,10.2,1007.6,1889.4,553,4.9,0.3,-4.6,0
2024-06-08,Indore,29.8,84.7,15.5,1010.5,1773.6,553,0.0,0.0,0.0,0
2024-06-09,Indore,37.4,74.5,10.6,1009.3,1827.4,553,22.1,20.1,-2.0,0
2024-06-10,Indore,30.0,60.6,5.9,1009.9,1450.2,553,0.2,7.2,7.0,0
2024-06-11,Indore,34.9,97.2,12.4,1004.8,2140.8,553,2.1,0.0,-2.1,0
2024-06-12,Indore,26.3,55.7,18.7,1004.9,1352.4,553,0.0,0.0,0.0,0
2024-06-13,Indore,28.5,85.2,22.9,1004.7,1820.9,553,0.0,0.0,0.0,0
2024-06-14,Indore,29.1,75.9,15.0,1013.6,1597.8,553,0.0,0.0,0.0,0
2024-06-15,Indore,36.3,68.1,10.2,1005.4,1760.3,553,0.0,0.0,0.0,0
2024-06-16,Indore,30.8,74.4,7.4,1006.8,1699.2,553,32.1,30.5,-1.6,0
2024-06-17,Indore,24.5,62.8,3.0,1004.7,1411.8,553,5.7,0.0,-5.7,0
2024-06-18,Indore,30.6,85.4,4.3,1008.4,1827.3,553,0.0,0.0,0.0,0
2024-06-19,Indore,29.1,70.7,22.0,1014.7,1512.0,553,0.7,7.8,7.1,0
2024-06-20,Indore,27.0,83.8,21.2,1002.4,1792.5,553,51.9,50.3,-1.6,0
2024-06-21,Indore,32.9,78.1,14.3,1001.4,1867.1,553,26.6,28.5,1.9,0
2024-06-22,Indore,30.8,55.6,15.1,1010.9,1388.8,553,0.0,0.0,0.0,0
2024-06-23,Indore,29.7,79.0,6.8,1007.3,1730.7,553,66.5,61.5,-5.0,0
2024-06-24,Indore,29.5,94.1,9.0,1008.1,1928.0,553,22.8,25.4,2.6,0
2024-06-25,Indore,33.8,62.3,14.2,1010.8,1554.3,553,0.9,0.0,-0.9,0
2024-06-26,Indore,28.6,63.0,7.0,1007.7,1476.1,553,23.9,23.3,-0.6,0
2024-06-27,Indore,29.0,76.9,15.0,1010.4,1647.2,553,14.2,19.6,5.4,0
2024-06-28,Indore,26.7,84.4,17.3,1004.2,1771.9,553,0.0,0.0,0.0,0
2024-06-29,Indore,31.5,83.2,2.0,1009.4,1808.6,553,0.0,0.0,0.0,0
2024-06-30,Indore,33.5,71.2,20.7,1001.3,1786.1,553,7.5,13.9,6.5,0
2024-07-01,Indore,38.0,64.8,8.7,1012.3,1671.0,553,0.5,0.0,-0.5,0
2024-07-02,Indore,31.0,83.5,11.9,1009.3,1802.5,553,0.0,0.0,0.0,0
2024-07-03,Indore,26.6,83.8,10.3,1006.6,1731.9,553,0.0,0.0,0.0,0
2024-07-04,Indore,27.4,75.6,13.0,1004.5,1661.2,553,0.0,0.0,0.0,0
2024-07-05,Indore,27.2,64.1,29.7,1014.2,1379.5,553,0.0,0.0,0.0,0
2024-07-06,Indore,29.4,66.0,18.0,1002.3,1601.3,553,74.6,70.8,-3.8,0
2024-07-07,Indore,34.7,48.3,3.6,1008.1,1413.0,553,24.4,28.2,3.9,0
2024-07-08,Indore,31.6,69.3,21.5,1002.5,1698.6,553,0.1,4.9,4.8,0
2024-07-09,Indore,27.4,82.9,12.7,1016.7,1617.2,553,0.5,0.0,-0.5,0
2024-07-10,Indore,26.6,71.4,10.1,1020.1,1396.2,553,0.0,0.0,0.0,0
2024-07-11,Indore,30.5,66.9,7.6,1004.5,1614.0,553,31.4,23.9,-7.5,0
2024-07-12,Indore,35.9,90.1,2.0,1013.4,1962.9,553,0.0,0.0,0.0,0
2024-07-13,Indore,21.8,74.0,14.0,1012.6,1407.7,553,4.7,3.1,-1.6,0
2024-07-14,Indore,31.9,63.3,9.6,1003.0,1614.8,553,0.0,0.0,0.0,0
2024-07-15,Indore,30.5,76.1,2.0,1009.3,1687.0,553,0.0,0.0,0.0,0
2024-07-16,Indore,27.1,91.6,18.0,1009.4,1819.7,553,31.3,43.1,11.8,0
2024-07-17,Indore,30.8,88.7,18.6,1004.9,1922.6,553,6.1,5.1,-1.0,0
2024-07-18,Indore,30.8,88.8,9.3,1007.8,1889.1,553,0.0,0.0,0.0,0
2024-07-19,Indore,30.0,85.3,15.0,1008.2,1816.2,553,0.0,0.0,-0.0,0
2024-07-20,Indore,31.7,88.4,9.0,998.6,2016.0,553,0.0,0.0,0.0,0
2024-07-21,Indore,26.6,56.3,10.9,1004.9,1368.6,553,22.6,32.1,9.4,0
2024-07-22,Indore,34.4,71.5,24.7,1009.3,1714.1,553,0.0,0.0,0.0,0
2024-07-23,Indore,32.6,91.5,16.2,1011.9,1919.6,553,13.2,18.2,5.0,0
2024-07-24,Indore,28.0,90.8,16.2,1005.8,1874.0,553,34.1,34.7,0.6,0
2024-07-25,Indore,31.7,77.7,22.2,1013.4,1688.6,553,23.8,21.6,-2.2,0
2024-07-26,Indore,32.4,95.7,10.7,1003.8,2072.2,553,0.3,0.0,-0.3,0
2024-07-27,Indore,28.3,65.8,17.1,1007.2,1514.2,553,1.1,5.2,4.1,0
2024-07-28,Indore,29.3,87.9,9.5,1013.5,1771.4,553,0.0,0.0,0.0,0
2024-07-29,Indore,27.2,84.7,13.0,1010.8,1708.6,553,1.1,0.0,-1.1,0
2024-07-30,Indore,28.9,61.8,16.2,1000.4,1554.1,553,36.1,42.2,6.1,0
2024-07-31,Indore,33.5,83.1,6.3,1015.2,1785.4,553,0.0,0.0,0.0,0
2024-08-01,Indore,25.5,75.1,10.4,1011.4,1527.8,553,8.3,9.8,1.5,0
2024-08-02,Indore,32.2,77.8,14.8,1000.3,1857.4,553,0.0,0.0,0.0,0
2024-08-03,Indore,28.2,78.4,13.9,1007.5,1683.6,553,0.0,0.0,0.0,0
2024-08-04,Indore,30.9,72.4,14.0,1015.2,1572.2,553,3.0,0.0,-3.0,0
2024-08-05,Indore,33.4,90.0,15.8,1013.4,1902.1,553,36.9,50.0,13.1,0
2024-08-06,Indore,36.7,95.1,22.6,1005.5,2145.6,553,0.0,0.0,0.0,0
2024-08-07,Indore,26.1,78.4,2.0,1011.1,1590.7,553,0.0,1.4,1.4,0
2024-08-08,Indore,37.8,67.9,5.6,1015.4,1674.3,553,0.0,4.6,4.6,0
2024-08-09,Indore,31.0,86.1,20.0,1004.3,1898.8,553,22.3,22.9,0.6,0
2024-08-10,Indore,33.0,63.4,23.9,1005.3,1615.3,553,0.0,4.7,4.7,0
2024-08-11,Indore,34.0,79.0,14.8,1008.2,1822.8,553,7.1,12.8,5.8,0
2024-08-12,Indore,31.8,60.2,14.3,1007.0,1523.2,553,21.8,22.5,0.7,0
2024-08-13,Indore,30.5,73.1,9.3,1009.0,1647.2,553,54.4,53.6,-0.8,0
2024-08-14,Indore,27.0,81.5,15.8,1004.0,1741.9,553,0.0,0.0,0.0,0
2024-08-15,Indore,31.3,88.3,11.3,1007.1,1901.6,553,0.0,0.0,0.0,0
2024-08-16,Indore,30.3,65.0,10.9,1000.3,1634.2,553,5.5,0.0,-5.5,0
2024-08-17,Indore,29.4,66.6,18.3,1002.9,1603.1,553,0.8,0.0,-0.8,0
2024-08-18,Indore,28.3,58.4,9.3,1008.9,1390.7,553,0.0,0.0,0.0,0
2024-08-19,Indore,32.2,84.6,9.7,998.4,1975.0,553,38.5,40.7,2.2,0
2024-08-20,Indore,31.8,61.2,5.0,1008.1,1524.2,553,9.2,8.0,-1.2,0
2024-08-21,Indore,30.9,51.4,9.6,1002.1,1436.3,553,30.0,21.3,-8.6,0
2024-08-22,Indore,35.0,82.2,9.5,1012.0,1845.0,553,48.8,45.8,-2.9,0
2024-08-23,Indore,29.3,94.4,11.6,991.4,2127.6,553,15.6,11.2,-4.3,0
2024-08-24,Indore,30.0,86.7,8.8,998.2,1956.1,553,0.0,3.4,3.4,0
2024-08-25,Indore,26.6,69.8,28.1,1001.8,1593.6,553,5.3,11.6,6.3,0
2024-08-26,Indore,27.9,78.8,4.3,1009.5,1659.1,553,0.0,0.0,-0.0,0
2024-08-27,Indore,29.1,67.4,17.0,1002.5,1612.9,553,0.0,0.0,0.0,0
2024-08-28,Indore,29.1,88.3,12.7,1003.8,1890.8,553,34.1,39.7,5.6,0
2024-08-29,Indore,27.6,65.8,7.9,1006.2,1508.9,553,0.0,0.0,0.0,0
2024-08-30,Indore,32.9,88.7,8.2,1010.3,1907.9,553,8.0,10.8,2.8,0
2024-08-31,Indore,27.8,62.8,8.0,1009.5,1432.7,553,13.6,15.7,2.1,0
2024-09-01,Indore,28.9,79.5,2.0,1005.5,1739.9,553,192.7,193.1,0.4,0
2024-09-02,Indore,35.9,69.4,14.3,1008.7,1727.5,553,68.0,60.4,-7.7,0
2024-09-03,Indore,32.8,98.0,2.0,1016.6,1959.2,553,1.6,4.4,2.8,0
2024-09-04,Indore,29.5,67.2,14.0,1000.4,1643.7,553,0.0,0.0,0.0,0
2024-09-05,Indore,35.3,68.2,20.6,1004.9,1741.6,553,0.7,0.0,-0.7,0
2024-09-06,Indore,33.7,82.2,23.1,1007.1,1873.4,553,0.0,0.0,0.0,0
2024-09-07,Indore,36.4,75.7,7.8,1002.0,1908.3,553,0.0,0.0,0.0,0
2024-09-08,Indore,31.9,72.6,13.3,1015.9,1591.0,553,0.0,0.0,0.0,0
2024-09-09,Indore,32.2,80.4,6.2,1003.1,1860.3,553,0.0,0.3,0.3,0
2024-09-10,Indore,34.6,60.9,4.3,1007.5,1594.9,553,1.0,0.0,-1.0,0
2024-09-11,Indore,34.5,68.4,15.8,1007.0,1700.8,553,2.5,0.0,-2.5,0
2024-09-12,Indore,32.0,73.3,14.9,999.8,1798.7,553,24.1,27.1,3.0,0
2024-09-13,Indore,33.9,83.8,17.2,1008.8,1880.4,553,29.2,35.4,6.2,0
2024-09-14,Indore,27.1,53.5,2.7,1006.6,1319.5,553,2.0,7.9,6.0,0
2024-09-15,Indore,29.2,68.1,7.0,998.6,1672.1,553,0.0,3.2,3.2,0
2024-09-16,Indore,37.0,73.2,2.0,1011.9,1770.5,553,5.1,0.0,-5.1,0
2024-09-17,Indore,34.2,75.3,19.6,1003.8,1829.1,553,62.7,67.0,4.3,0
2024-09-18,Indore,35.5,82.8,13.7,999.7,2013.2,553,1.8,0.0,-1.8,0
2024-09-19,Indore,32.6,80.1,13.1,1003.4,1863.0,553,0.0,3.2,3.2,0
2024-09-20,Indore,28.6,79.1,24.5,999.3,1802.7,553,36.8,42.7,5.9,0
2024-09-21,Indore,30.8,79.4,9.4,1007.3,1762.9,553,0.0,0.0,0.0,0
2024-09-22,Indore,37.6,80.7,4.0,1010.4,1906.9,553,4.7,0.0,-4.7,0
2024-09-23,Indore,32.5,79.2,2.0,1006.4,1812.6,553,0.0,0.0,0.0,0
2024-09-24,Indore,34.6,55.8,2.0,1005.7,1543.0,553,0.0,0.0,0.0,0
2024-09-25,Indore,32.7,79.5,7.2,996.8,1936.4,553,0.0,0.0,0.0,0
2024-09-26,Indore,32.6,67.9,12.2,995.6,1785.4,553,0.3,0.0,-0.3,0
2024-09-27,Indore,31.6,74.6,22.3,1010.5,1676.5,553,1.8,0.0,-1.8,0
2024-09-28,Indore,30.3,81.3,12.9,1005.1,1804.4,553,0.0,0.0,0.0,0
2024-09-29,Indore,23.4,87.7,14.4,1010.1,1666.9,553,11.0,11.7,0.7,0
2024-09-30,Indore,30.0,61.2,2.0,1013.8,1410.7,553,0.0,0.0,0.0,0
2024-10-01,Indore,26.8,69.3,13.9,1006.3,1536.5,553,3.0,0.0,-3.0,0
2024-10-02,Indore,30.0,75.8,18.1,1008.1,1684.3,553,84.2,79.3,-4.9,0
2024-10-03,Indore,32.2,70.9,20.2,1015.1,1584.9,553,0.0,0.0,0.0,0
2024-10-04,Indore,36.7,65.2,22.9,1011.9,1651.4,553,0.0,0.0,0.0,0
2024-10-05,Indore,31.5,89.1,10.6,1013.8,1837.7,553,0.0,0.0,0.0,0
2024-10-06,Indore,32.1,73.3,19.3,998.2,1817.6,553,6.1,9.8,3.7,0
2024-10-07,Indore,30.7,79.0,6.8,1014.4,1669.8,553,38.6,40.9,2.4,0
2024-10-08,Indore,33.0,65.5,17.1,1016.2,1515.0,553,0.0,3.2,3.2,0
2024-10-09,Indore,26.5,80.9,14.7,998.7,1783.7,553,0.0,0.0,0.0,0
2024-10-10,Indore,29.8,92.0,9.1,1003.8,1957.3,553,0.0,0.0,0.0,0
2024-10-11,Indore,34.7,93.9,9.1,1004.9,2086.9,553,0.0,0.0,0.0,0
2024-10-12,Indore,29.2,66.9,11.4,1008.4,1536.6,553,0.0,0.0,0.0,0
2024-10-13,Indore,31.3,69.1,11.5,1007.8,1623.2,553,9.5,12.7,3.2,0
2024-10-14,Indore,32.6,85.4,5.9,1010.4,1852.7,553,0.0,0.0,0.0,0
2024-10-15,Indore,28.8,74.8,19.3,1006.7,1659.0,553,0.2,6.4,6.2,0
2024-10-16,Indore,29.1,50.2,8.3,1011.4,1263.7,553,0.9,0.0,-0.9,0
2024-10-17,Indore,20.8,69.5,5.8,999.8,1474.7,553,0.0,4.4,4.4,0
2024-10-18,Indore,32.1,66.7,14.7,1005.7,1636.0,553,0.5,0.0,-0.5,0
2024-10-19,Indore,36.9,63.6,21.4,1003.7,1732.9,553,3.6,0.0,-3.6,0
2024-10-20,Indore,33.7,62.0,7.5,1000.7,1668.8,553,43.2,43.7,0.5,0
2024-10-21,Indore,34.4,80.3,5.4,1006.3,1873.8,553,14.2,11.2,-3.0,0
2024-10-22,Indore,34.1,84.7,23.0,1006.0,1933.7,553,17.6,24.1,6.6,0
2024-10-23,Indore,25.6,51.4,16.3,998.6,1352.2,553,1.7,5.6,3.9,0
2024-10-24,Indore,32.5,76.7,19.7,1003.2,1814.2,553,7.7,7.3,-0.4,0
2024-10-25,Indore,34.2,79.4,19.1,1002.1,1906.1,553,16.4,23.1,6.7,0
2024-10-26,Indore,37.2,54.1,8.9,1004.3,1599.5,553,0.0,6.6,6.6,0
2024-10-27,Indore,35.8,82.3,13.7,1003.1,1975.2,553,2.4,1.2,-1.2,0
2024-10-28,Indore,35.4,83.4,11.8,1005.9,1945.0,553,7.1,0.0,-7.1,0
2024-10-29,Indore,30.4,70.1,12.5,1006.6,1630.7,553,3.4,0.0,-3.4,0
2024-10-30,Indore,31.7,86.1,4.5,1008.9,1858.1,553,9.7,17.3,7.7,0
2024-10-31,Indore,25.2,86.7,11.0,1011.9,1675.4,553,2.0,0.0,-2.0,0
2024-11-01,Indore,34.6,96.8,13.5,1008.6,2083.9,553,24.7,28.5,3.8,0
2024-11-02,Indore,30.6,77.0,15.9,1002.3,1785.0,553,13.7,22.5,8.8,0
2024-11-03,Indore,26.6,50.4,16.3,1004.2,1294.0,553,0.0,0.0,0.0,0
2024-11-04,Indore,34.1,82.7,6.5,1014.8,1797.9,553,0.0,0.0,0.0,0
2024-11-05,Indore,29.9,81.3,28.6,1008.5,1755.0,553,1.2,0.0,-1.2,0
2024-11-06,Indore,25.5,92.0,10.0,1006.9,1818.1,553,0.0,0.0,0.0,0
2024-11-07,Indore,32.0,86.8,12.5,1005.2,1920.4,553,0.0,0.0,0.0,0
2024-11-08,Indore,36.9,62.7,5.1,1013.7,1597.7,553,1.6,0.0,-1.6,0
2024-11-09,Indore,32.1,94.8,16.2,1013.2,1940.3,553,10.2,17.3,7.1,0
2024-11-10,Indore,33.6,91.3,9.2,999.3,2092.7,553,45.9,47.4,1.5,0
2024-11-11,Indore,30.2,98.0,8.1,1003.7,2051.0,553,0.0,0.0,0.0,0
2024-11-12,Indore,31.7,63.2,2.7,1009.3,1533.1,553,39.9,42.9,3.0,0
2024-11-13,Indore,28.9,60.9,17.0,1012.6,1396.2,553,46.2,41.5,-4.7,0
2024-11-14,Indore,36.6,80.9,20.4,1001.3,1994.5,553,0.0,5.3,5.3,0
2024-11-15,Indore,37.3,82.5,10.5,1002.9,2015.1,553,3.5,12.6,9.2,0
2024-11-16,Indore,30.0,93.1,16.1,1007.3,1935.5,553,0.0,0.0,0.0,0
2024-11-17,Indore,27.6,72.9,14.0,1007.1,1597.9,553,3.9,4.4,0.5,0
2024-11-18,Indore,23.8,65.8,6.4,1006.8,1409.7,553,2.5,13.4,10.9,0
2024-11-19,Indore,27.1,97.9,7.3,1008.9,1914.6,553,0.0,4.1,4.1,0
2024-11-20,Indore,39.6,67.5,2.0,1015.5,1708.8,553,0.0,0.0,0.0,0
2024-11-21,Indore,27.6,80.1,7.6,1018.8,1558.1,553,12.6,21.5,9.0,0
2024-11-22,Indore,34.9,67.2,7.1,1008.4,1677.5,553,64.5,59.7,-4.9,0
2024-11-23,Indore,28.2,73.1,11.5,1017.9,1485.8,553,3.9,0.0,-3.9,0
2024-11-24,Indore,35.2,77.8,11.7,1003.8,1888.2,553,44.6,44.1,-0.5,0
2024-11-25,Indore,34.1,80.7,7.1,1007.5,1859.6,553,21.2,21.7,0.5,0
2024-11-26,Indore,31.7,79.7,20.3,1007.6,1784.1,553,0.5,0.6,0.1,0
2024-11-27,Indore,34.0,71.9,5.6,1001.7,1801.4,553,0.0,0.0,0.0,0
2024-11-28,Indore,33.9,76.5,4.2,1005.3,1821.5,553,0.0,0.0,0.0,0
2024-11-29,Indore,35.2,87.7,8.6,1014.3,1901.1,553,34.3,38.4,4.1,0
2024-11-30,Indore,25.7,95.0,12.3,1010.9,1815.0,553,0.0,6.2,6.2,0
2024-12-01,Indore,37.8,90.8,15.3,1000.3,2174.5,553,0.0,2.1,2.1,0
2024-12-02,Indore,26.7,71.5,8.9,1005.3,1579.4,553,0.0,0.0,0.0,0
2024-12-03,Indore,29.0,38.8,24.3,1013.4,1079.4,553,0.0,0.0,0.0,0
2024-12-04,Indore,28.5,74.1,12.8,1004.3,1668.5,553,46.9,52.6,5.7,0
2024-12-05,Indore,31.2,98.0,15.6,1005.6,2055.1,553,0.0,0.0,0.0,0
2024-12-06,Indore,30.7,73.0,12.3,1002.7,1726.4,553,0.0,0.0,0.0,0
2024-12-07,Indore,31.5,70.0,5.9,1004.1,1686.3,553,0.0,0.0,0.0,0
2024-12-08,Indore,35.0,90.6,10.2,995.0,2170.0,553,0.0,0.0,0.0,0
2024-12-09,Indore,32.8,63.0,18.8,1001.0,1656.4,553,0.0,0.0,0.0,0
2024-12-10,Indore,32.7,67.6,15.1,1017.7,1519.6,553,61.8,63.9,2.1,0
2024-12-11,Indore,29.8,88.2,8.2,1008.2,1849.7,553,0.0,0.0,0.0,0
2024-12-12,Indore,25.7,53.6,8.4,1013.4,1205.1,553,4.6,13.6,9.0,0
2024-12-13,Indore,32.0,78.1,13.7,1008.8,1755.3,553,0.0,0.0,0.0,0
2024-12-14,Indore,35.5,47.4,15.0,995.5,1568.7,553,5.5,3.6,-1.8,0
2024-12-15,Indore,36.7,67.0,5.0,1007.0,1735.0,553,0.0,0.0,0.0,0
2024-12-16,Indore,35.0,53.2,4.9,1009.3,1473.1,553,24.1,20.2,-4.0,0
2024-12-17,Indore,32.2,88.5,8.3,999.9,2012.1,553,15.8,20.9,5.2,0
2024-12-18,Indore,33.3,83.9,10.4,1020.2,1731.8,553,0.0,0.0,0.0,0
2024-12-19,Indore,25.5,78.2,27.1,998.8,1721.0,553,0.0,0.6,0.6,0
2024-12-20,Indore,33.2,75.5,11.3,1001.5,1836.4,553,0.0,0.0,0.0,0
2024-12-21,Indore,38.4,81.0,2.0,1007.8,1961.8,553,0.0,0.0,0.0,0
2024-12-22,Indore,31.8,86.9,13.3,1012.5,1829.5,553,9.4,14.0,4.6,0
2024-12-23,Indore,31.7,58.8,13.7,1003.8,1536.8,553,0.2,0.0,-0.2,0
2024-12-24,Indore,32.8,52.0,2.7,1017.3,1307.9,553,6.6,2.1,-4.4,0
2024-12-25,Indore,31.3,65.4,2.6,1014.7,1490.9,553,58.6,67.5,8.9,0
2024-12-26,Indore,30.6,86.0,23.4,1011.8,1797.6,553,60.9,67.1,6.2,0
2024-12-27,Indore,29.7,70.7,14.7,1005.6,1635.4,553,16.2,17.3,1.2,0
2024-12-28,Indore,27.0,83.1,16.8,1011.9,1669.2,553,3.7,0.0,-3.7,0
2024-12-29,Indore,29.5,74.4,12.7,1007.1,1665.6,553,31.3,36.3,5.0,0
2024-12-30,Indore,27.5,70.6,19.2,1012.5,1499.8,553,12.7,5.8,-6.9,0
2024-12-31,Indore,31.2,96.8,6.3,1003.8,2056.8,553,0.0,0.0,0.0,0
2025-01-01,Indore,28.1,66.3,12.7,1008.4,1502.2,553,0.0,0.0,0.0,0
2025-01-02,Indore,31.9,69.9,14.2,1007.4,1656.9,553,0.0,0.0,0.0,0
2025-01-03,Indore,30.9,65.3,10.2,1005.7,1586.9,553,0.0,0.0,0.0,0
2025-01-04,Indore,31.7,83.4,9.4,1010.0,1808.9,553,0.0,0.0,0.0,0
2025-01-05,Indore,32.2,75.7,5.2,1014.1,1661.9,553,28.2,25.9,-2.2,0
2025-01-06,Indore,31.1,85.9,8.3,1007.4,1860.5,553,30.1,34.8,4.7,0
2025-01-07,Indore,33.9,68.9,14.4,1004.4,1724.3,553,22.5,28.3,5.8,0
2025-01-08,Indore,29.7,71.6,22.8,1006.2,1640.0,553,0.0,0.0,0.0,0
2025-01-09,Indore,31.6,88.8,15.6,1003.7,1956.6,553,13.8,23.2,9.4,0
2025-01-10,Indore,30.5,80.4,17.0,1014.1,1687.8,553,0.0,0.0,0.0,0
2025-01-11,Indore,32.3,81.3,10.7,1003.4,1872.2,553,0.0,1.2,1.2,0
2025-01-12,Indore,31.7,57.4,16.8,1013.0,1407.2,553,0.6,0.0,-0.6,0
2025-01-13,Indore,32.5,74.5,3.4,1001.4,1805.2,553,10.6,0.0,-10.6,0
2025-01-14,Indore,34.3,74.2,18.3,1002.3,1834.0,553,4.1,7.2,3.1,0
2025-01-15,Indore,31.8,67.3,2.7,1016.7,1502.9,553,0.1,0.0,-0.1,0
2025-01-16,Indore,33.0,80.0,18.4,1002.0,1888.4,553,8.6,0.0,-8.6,0
2025-01-17,Indore,31.3,93.8,17.4,999.6,2068.8,553,12.4,14.3,1.9,0
2025-01-18,Indore,33.2,57.1,9.5,1010.4,1470.6,553,0.0,0.0,0.0,0
2025-01-19,Indore,32.1,76.0,6.0,1007.1,1750.1,553,0.6,10.7,10.1,0
2025-01-20,Indore,25.8,67.0,14.0,1014.3,1386.6,553,0.0,0.0,0.0,0
2025-01-21,Indore,37.7,66.7,18.8,1008.1,1740.6,553,0.0,0.2,0.2,0
2025-01-22,Indore,36.3,73.9,13.8,1009.2,1793.7,553,53.8,48.7,-5.1,0
2025-01-23,Indore,32.0,67.2,3.5,1005.4,1644.7,553,12.6,10.3,-2.3,0
2025-01-24,Indore,28.2,76.8,4.0,1004.7,1696.7,553,5.3,0.0,-5.3,0
2025-01-25,Indore,23.7,73.0,11.1,1006.4,1514.8,553,1.6,0.0,-1.6,0
2025-01-26,Indore,29.3,69.4,13.7,1003.5,1631.5,553,0.0,0.0,0.0,0
2025-01-27,Indore,31.6,89.6,15.5,1005.9,1942.9,553,0.0,0.0,0.0,0
2025-01-28,Indore,31.2,66.3,6.7,1003.7,1633.5,553,4.3,0.0,-4.3,0
2025-01-29,Indore,26.7,75.9,6.6,1010.6,1577.7,553,0.0,0.0,0.0,0
2025-01-30,Indore,31.1,83.5,19.8,1008.8,1808.3,553,3.0,0.0,-3.0,0
2025-01-31,Indore,26.6,52.5,9.7,1007.4,1284.0,553,0.0,0.0,0.0,0
2025-02-01,Indore,30.5,78.8,8.7,1014.6,1661.6,553,0.0,0.0,0.0,0
2025-02-02,Indore,26.9,79.9,19.1,1010.4,1638.3,553,3.2,0.0,-3.2,0
2025-02-03,Indore,27.1,57.2,19.9,1009.5,1337.6,553,14.5,12.0,-2.4,0
2025-02-04,Indore,30.0,70.0,7.3,1002.9,1665.5,553,24.9,23.0,-1.9,0
2025-02-05,Indore,35.9,68.2,15.2,1015.1,1635.5,553,0.0,0.0,0.0,0
2025-02-06,Indore,35.5,60.7,9.8,1007.2,1615.9,553,7.5,6.9,-0.6,0
2025-02-07,Indore,30.3,68.6,7.3,1008.0,1592.1,553,0.0,0.0,0.0,0
2025-02-08,Indore,32.7,71.4,16.0,1004.0,1736.3,553,43.2,54.0,10.7,0
2025-02-09,Indore,39.4,68.4,9.4,1006.8,1822.6,553,0.0,0.0,0.0,0
2025-02-10,Indore,28.4,88.3,17.7,1009.2,1807.6,553,0.0,0.0,0.0,0
2025-02-11,Indore,25.2,82.9,7.0,1007.3,1677.3,553,0.0,0.0,0.0,0
2025-02-12,Indore,30.8,80.4,2.0,1007.2,1778.4,553,14.6,21.0,6.5,0
2025-02-13,Indore,33.0,64.4,2.0,1006.0,1622.1,553,62.7,70.8,8.0,0
2025-02-14,Indore,35.9,82.5,14.6,1009.9,1897.6,553,0.0,0.0,0.0,0
2025-02-15,Indore,29.0,67.3,23.6,1004.3,1587.6,553,0.0,5.2,5.2,0
2025-02-16,Indore,32.0,93.5,8.1,1003.3,2037.2,553,17.9,16.5,-1.4,0
2025-02-17,Indore,21.9,74.7,17.7,1002.9,1537.4,553,0.0,0.0,0.0,0
2025-02-18,Indore,30.1,70.0,17.8,1010.3,1577.7,553,0.0,4.2,4.2,0
2025-02-19,Indore,36.3,84.7,16.6,1008.3,1957.9,553,0.0,0.0,0.0,0
2025-02-20,Indore,29.0,76.4,18.0,1005.3,1702.0,553,3.7,12.5,8.8,0
2025-02-21,Indore,30.7,84.2,9.8,1008.5,1814.2,553,2.7,5.0,2.3,0
2025-02-22,Indore,26.8,71.0,13.9,1017.2,1430.0,553,0.0,5.5,5.5,0
2025-02-23,Indore,24.4,78.9,17.3,1010.9,1560.0,553,64.0,66.5,2.6,0
2025-02-24,Indore,25.1,76.3,9.8,1004.5,1616.9,553,23.5,20.8,-2.8,0
2025-02-25,Indore,32.2,91.5,3.0,1008.4,1953.4,553,1.7,5.3,3.6,0
2025-02-26,Indore,34.9,92.1,10.5,1020.5,1881.0,553,14.2,10.2,-4.1,0
2025-02-27,Indore,31.3,67.7,15.0,1007.4,1611.5,553,15.5,14.4,-1.1,0
2025-02-28,Indore,32.6,53.6,15.3,1007.0,1447.0,553,8.5,17.4,8.9,0
2025-03-01,Indore,28.0,73.6,8.7,1011.0,1571.1,553,0.0,0.0,0.0,0
2025-03-02,Indore,36.8,78.3,6.8,1007.8,1884.5,553,22.1,18.2,-3.8,0
2025-03-03,Indore,33.1,41.5,8.2,1005.6,1308.7,553,0.0,0.0,0.0,0
2025-03-04,Indore,36.5,74.3,12.7,1004.6,1861.6,553,0.0,0.0,0.0,0
2025-03-05,Indore,29.0,68.2,16.2,1005.4,1585.6,553,0.0,0.0,0.0,0
2025-03-06,Indore,36.9,96.1,4.6,1002.4,2202.6,553,0.9,0.0,-0.9,0
2025-03-07,Indore,30.1,93.2,16.8,1012.3,1879.0,553,20.5,16.4,-4.1,0
2025-03-08,Indore,28.2,85.5,15.1,1006.9,1790.0,553,0.0,0.0,0.0,0
2025-03-09,Indore,30.9,85.1,25.2,1004.1,1883.4,553,23.6,20.5,-3.2,0
2025-03-10,Indore,27.7,74.4,20.2,999.8,1708.8,553,0.0,0.0,0.0,0
2025-03-11,Indore,31.7,61.8,13.2,1015.3,1441.3,553,0.0,0.0,0.0,0
2025-03-12,Indore,32.2,84.1,13.5,1012.0,1804.3,553,2.0,0.0,-2.0,0
2025-03-13,Indore,28.8,76.3,13.8,1002.1,1734.0,553,0.0,0.0,0.0,0
2025-03-14,Indore,30.4,93.4,15.4,1001.4,2021.9,553,0.0,0.0,0.0,0
2025-03-15,Indore,24.0,69.3,10.2,1011.2,1412.1,553,0.5,0.0,-0.5,0
2025-03-16,Indore,29.7,74.6,11.6,1005.5,1692.1,553,50.7,54.1,3.4,0
2025-03-17,Indore,28.0,71.5,16.6,1007.1,1588.0,553,31.0,34.8,3.8,0
2025-03-18,Indore,31.6,79.0,15.4,1007.1,1778.6,553,0.0,0.0,0.0,0
2025-03-19,Indore,27.4,81.1,8.5,1007.3,1705.3,553,0.0,0.0,0.0,0
2025-03-20,Indore,27.6,60.9,19.3,1005.5,1448.2,553,0.0,0.0,0.0,0
2025-03-21,Indore,31.8,87.8,7.3,1015.8,1802.5,553,4.7,0.0,-4.7,0
2025-03-22,Indore,28.1,83.0,11.1,1006.4,1758.6,553,7.4,4.6,-2.8,0
2025-03-23,Indore,25.1,75.4,8.2,1016.4,1461.8,553,0.0,0.0,0.0,0
2025-03-24,Indore,28.4,93.9,10.5,1008.0,1900.3,553,24.6,27.1,2.4,0
2025-03-25,Indore,29.6,73.3,14.0,1012.5,1588.5,553,18.8,21.8,3.0,0
2025-03-26,Indore,32.3,77.7,2.9,994.8,1926.2,553,0.8,0.0,-0.8,0
2025-03-27,Indore,30.9,47.6,19.9,1006.8,1326.7,553,15.8,20.4,4.6,0
2025-03-28,Indore,24.5,75.3,18.9,1007.5,1552.3,553,0.0,0.0,0.0,0
2025-03-29,Indore,30.1,85.8,7.7,1000.3,1921.6,553,0.0,0.0,0.0,0
2025-03-30,Indore,32.6,71.9,4.0,1007.7,1696.9,553,17.3,15.4,-1.9,0
2025-03-31,Indore,34.4,72.8,5.4,1001.5,1828.6,553,0.0,0.0,0.0,0
2025-04-01,Indore,32.4,77.2,19.7,995.9,1907.1,553,3.8,12.3,8.5,0
2025-04-02,Indore,25.5,37.9,15.4,1009.2,1032.6,553,2.5,0.0,-2.5,0
2025-04-03,Indore,28.6,55.1,7.2,1008.7,1354.2,553,0.0,0.0,0.0,0
2025-04-04,Indore,21.0,63.7,5.2,1006.7,1315.6,553,72.1,72.4,0.3,0
2025-04-05,Indore,33.8,51.7,12.3,1010.8,1405.2,553,0.0,0.0,0.0,0
2025-04-06,Indore,25.3,87.1,17.4,1017.9,1610.2,553,0.0,0.0,0.0,0
2025-04-07,Indore,31.0,88.1,3.8,1010.6,1850.3,553,25.3,29.7,4.4,0
2025-04-08,Indore,31.0,55.1,20.1,1004.9,1457.5,553,0.0,0.0,0.0,0
2025-04-09,Indore,28.0,51.1,11.5,1015.6,1201.0,553,13.1,21.5,8.4,0
2025-04-10,Indore,29.1,64.9,7.7,999.4,1613.5,553,0.0,0.0,0.0,0
2025-04-11,Indore,31.6,98.0,15.0,1007.7,2037.3,553,45.7,49.8,4.0,0
2025-04-12,Indore,27.2,76.8,18.2,1003.8,1681.8,553,0.0,0.0,0.0,0
2025-04-13,Indore,23.1,63.2,9.7,1010.7,1309.7,553,80.1,79.3,-0.8,0
2025-04-14,Indore,26.6,51.3,8.4,1017.8,1145.2,553,0.0,0.0,0.0,0
2025-04-15,Indore,30.5,67.7,3.8,1002.6,1649.7,553,9.7,9.7,0.0,0
2025-04-16,Indore,27.6,73.2,14.2,1018.5,1465.8,553,11.5,6.9,-4.6,0
2025-04-17,Indore,35.1,85.7,7.3,1009.0,1932.7,553,0.0,1.7,1.7,0
2025-04-18,Indore,33.1,80.1,9.4,1000.6,1909.4,553,0.0,0.0,0.0,0
2025-04-19,Indore,29.0,60.6,16.9,1018.9,1317.1,553,1.9,0.0,-1.9,0
2025-04-20,Indore,28.2,68.9,3.8,1003.1,1604.7,553,0.0,0.0,0.0,0
2025-04-21,Indore,32.0,73.2,5.2,1003.5,1750.9,553,34.1,37.6,3.5,0
2025-04-22,Indore,31.4,90.7,5.7,1006.0,1951.0,553,0.0,0.2,0.2,0
2025-04-23,Indore,25.0,63.0,18.3,1011.8,1339.9,553,0.0,0.0,0.0,0
2025-04-24,Indore,34.2,94.4,9.6,1011.4,2004.3,553,64.4,61.7,-2.8,0
2025-04-25,Indore,32.7,66.3,2.0,1010.5,1585.1,553,2.4,10.2,7.7,0
2025-04-26,Indore,31.7,97.4,18.2,1004.7,2066.7,553,0.0,0.0,0.0,0
2025-04-27,Indore,24.1,73.0,12.1,1001.3,1585.6,553,0.0,0.0,0.0,0
2025-04-28,Indore,25.1,78.9,16.3,1009.1,1597.8,553,35.1,36.5,1.4,0
2025-04-29,Indore,32.1,64.1,13.7,1014.0,1499.6,553,15.0,15.3,0.4,0
2025-04-30,Indore,31.1,65.9,13.3,999.3,1678.3,553,3.3,3.6,0.3,0
2025-05-01,Indore,34.5,81.8,2.0,1018.2,1753.5,553,0.0,0.0,0.0,0
2025-05-02,Indore,32.3,79.1,18.6,1006.0,1810.2,553,0.1,0.0,-0.1,0
2025-05-03,Indore,31.5,81.0,15.1,1012.1,1745.4,553,1.5,0.0,-1.5,0
2025-05-04,Indore,34.3,57.2,19.3,1009.6,1509.6,553,0.0,0.0,0.0,0
2025-05-05,Indore,34.8,85.3,14.9,1013.4,1868.8,553,1.1,3.4,2.4,0
2025-05-06,Indore,34.0,72.6,9.7,1010.7,1703.3,553,0.0,1.4,1.4,0
2025-05-07,Indore,27.3,44.0,13.2,1011.0,1138.9,553,0.7,0.0,-0.7,0
2025-05-08,Indore,31.2,73.2,13.4,997.0,1807.7,553,25.8,27.1,1.3,0
2025-05-09,Indore,27.5,85.0,7.4,1006.1,1777.9,553,0.0,1.0,1.0,0
2025-05-10,Indore,31.9,72.5,17.8,1004.0,1733.2,553,40.4,43.0,2.6,0
2025-05-11,Indore,29.4,55.8,13.9,1000.1,1485.4,553,0.0,0.0,0.0,0
2025-05-12,Indore,33.4,50.8,7.4,1003.6,1468.5,553,18.3,21.8,3.5,0
2025-05-13,Indore,29.3,68.0,18.9,1009.5,1541.0,553,0.0,0.0,0.0,0
2025-05-14,Indore,28.9,67.5,18.0,1013.5,1478.0,553,5.5,0.0,-5.5,0
2025-05-15,Indore,35.2,96.2,17.1,1013.8,2024.8,553,1.3,0.0,-1.3,0
2025-05-16,Indore,29.8,78.6,7.2,1002.3,1788.3,553,0.0,0.0,0.0,0
2025-05-17,Indore,32.1,89.4,19.8,1010.7,1894.2,553,44.3,45.0,0.7,0
2025-05-18,Indore,33.6,57.3,18.3,1002.0,1584.9,553,0.4,4.8,4.4,0
2025-05-19,Indore,30.9,54.9,14.5,1005.1,1447.9,553,55.7,60.7,5.0,0
2025-05-20,Indore,27.6,66.9,9.2,1012.3,1453.2,553,0.0,9.3,9.3,0
2025-05-21,Indore,23.4,59.7,6.2,1001.2,1382.3,553,5.3,7.3,1.9,0
2025-05-22,Indore,32.3,82.3,13.6,1011.3,1792.4,553,6.3,9.0,2.7,0
2025-05-23,Indore,28.9,62.8,10.9,1003.4,1532.1,553,0.0,3.8,3.8,0
2025-05-24,Indore,27.9,68.1,18.4,1010.5,1496.9,553,15.3,28.7,13.4,0
2025-05-25,Indore,26.1,83.2,11.7,1005.2,1728.8,553,15.6,21.1,5.5,0
2025-05-26,Indore,27.9,82.9,8.2,1009.1,1721.9,553,10.6,12.1,1.5,0
2025-05-27,Indore,27.4,97.3,2.0,1005.0,1959.3,553,63.9,68.8,4.9,0
2025-05-28,Indore,33.0,72.8,11.7,1010.1,1691.6,553,30.1,31.9,1.8,0
2025-05-29,Indore,34.1,62.4,11.5,1006.5,1613.0,553,3.6,3.9,0.3,0
2025-05-30,Indore,33.3,61.2,22.3,1003.5,1613.0,553,0.0,0.0,0.0,0
2025-05-31,Indore,30.1,79.2,7.9,1003.8,1787.0,553,81.1,84.1,3.0,0
2025-06-01,Indore,34.0,69.3,13.9,1005.5,1720.3,553,1.2,0.0,-1.2,0
2025-06-02,Indore,33.8,67.0,7.5,1006.9,1667.1,553,0.0,0.0,0.0,0
2025-06-03,Indore,31.4,59.8,10.2,1006.3,1513.7,553,0.0,0.0,0.0,0
2025-06-04,Indore,31.7,62.2,12.0,1011.9,1489.2,553,6.7,14.8,8.1,0
2025-06-05,Indore,34.2,68.5,5.5,1004.9,1720.8,553,0.0,0.0,0.0,0
2025-06-06,Indore,31.5,74.1,20.1,1007.5,1704.2,553,0.0,0.0,0.0,0
2025-06-07,Indore,35.6,71.4,17.6,1016.2,1659.7,553,0.0,0.0,0.0,0
2025-06-08,Indore,28.4,66.0,6.7,1013.7,1441.0,553,2.8,4.4,1.7,0
2025-06-09,Indore,34.6,67.2,14.5,1002.1,1746.6,553,0.0,0.2,0.2,0
2025-06-10,Indore,36.8,67.0,22.0,1005.9,1749.1,553,0.0,0.0,0.0,0
2025-06-11,Indore,35.4,66.0,7.6,1013.5,1612.1,553,0.0,0.0,0.0,0
2025-06-12,Indore,33.1,69.3,8.4,1017.7,1551.1,553,10.0,5.7,-4.3,0
2025-06-13,Indore,35.6,73.9,13.1,1021.8,1627.1,553,40.3,40.3,0.0,0
2025-06-14,Indore,37.1,69.3,10.6,1021.2,1606.9,553,5.1,0.0,-5.1,0
2025-06-15,Indore,30.2,71.0,15.8,1008.2,1620.2,553,13.5,19.6,6.1,0
2025-06-16,Indore,29.9,62.7,13.5,1004.0,1547.6,553,0.5,0.0,-0.5,0
2025-06-17,Indore,33.4,70.1,5.0,1009.0,1675.6,553,0.0,0.0,0.0,0
2025-06-18,Indore,28.0,74.4,15.9,999.8,1715.9,553,3.3,0.0,-3.3,0
2025-06-19,Indore,33.6,85.2,16.4,1013.2,1840.0,553,0.0,2.0,2.0,0
2025-06-20,Indore,26.9,64.5,17.4,1013.7,1385.1,553,1.0,0.0,-1.0,0
2025-06-21,Indore,27.7,56.7,9.1,1007.6,1366.6,553,0.0,0.0,0.0,0
2025-06-22,Indore,30.0,77.3,14.6,1005.5,1735.3,553,5.6,1.1,-4.5,0
2025-06-23,Indore,34.4,89.4,8.2,1006.0,2004.4,553,3.8,13.0,9.2,0
2025-06-24,Indore,30.7,92.7,14.9,1010.7,1904.8,553,0.0,0.0,0.0,0
2025-06-25,Indore,32.2,75.0,11.8,1019.9,1584.3,553,0.0,0.4,0.4,0
2025-06-26,Indore,33.5,75.3,18.0,1010.6,1732.4,553,7.2,0.0,-7.2,0
2025-06-27,Indore,38.4,64.5,12.0,1008.2,1726.6,553,3.6,16.6,13.0,0
2025-06-28,Indore,32.4,62.5,12.8,1007.4,1563.7,553,1.2,4.3,3.1,0
2025-06-29,Indore,32.9,76.3,8.1,1011.8,1717.1,553,96.6,96.5,-0.1,0
2025-06-30,Indore,20.2,75.5,8.7,1009.9,1422.3,553,17.6,19.8,2.2,0
2025-07-01,Indore,28.1,81.0,9.8,1010.0,1689.3,553,0.3,0.0,-0.3,0
2025-07-02,Indore,25.8,89.4,8.0,1011.6,1730.1,553,0.4,6.7,6.4,0
2025-07-03,Indore,32.3,62.1,13.5,1002.1,1620.2,553,33.8,35.6,1.7,0
2025-07-04,Indore,31.1,62.3,15.9,1008.1,1520.3,553,9.7,12.5,2.9,0
2025-07-05,Indore,35.2,60.9,2.0,1009.4,1584.3,553,0.0,0.0,0.0,0
2025-07-06,Indore,30.6,48.9,3.0,1010.1,1298.8,553,17.3,16.7,-0.7,0
2025-07-07,Indore,29.9,63.4,8.9,998.5,1622.9,553,0.0,0.0,0.0,0
2025-07-08,Indore,32.7,50.6,2.0,1011.7,1353.0,553,0.0,0.0,0.0,0
2025-07-09,Indore,32.3,63.7,7.1,1015.9,1476.1,553,0.0,0.0,0.0,0
2025-07-10,Indore,36.0,69.0,16.5,998.4,1848.3,553,0.0,0.0,0.0,0
2025-07-11,Indore,32.5,69.9,17.2,1003.3,1717.8,553,0.0,3.4,3.4,0
2025-07-12,Indore,30.9,58.1,16.1,1007.0,1470.3,553,0.0,7.9,7.9,0
2025-07-13,Indore,35.5,69.5,12.9,1008.3,1725.1,553,0.0,0.0,0.0,0
2025-07-14,Indore,29.4,64.9,20.1,1004.7,1556.4,553,0.0,2.0,2.0,0
2025-07-15,Indore,30.5,88.0,15.2,997.1,1998.7,553,0.0,0.0,0.0,0
2025-07-16,Indore,32.0,78.7,12.3,1001.6,1851.6,553,21.0,24.5,3.6,0
2025-07-17,Indore,33.2,66.4,12.3,1004.6,1669.5,553,0.0,4.2,4.2,0
2025-07-18,Indore,27.3,64.1,3.8,1004.4,1499.5,553,12.8,13.1,0.3,0
2025-07-19,Indore,31.5,74.5,19.5,1021.0,1548.5,553,0.0,0.0,0.0,0
2025-07-20,Indore,28.9,61.8,4.0,1010.2,1436.6,553,0.0,0.0,0.0,0
2025-07-21,Indore,33.1,65.1,9.5,1010.2,1583.8,553,39.2,38.2,-1.0,0
2025-07-22,Indore,31.6,78.7,9.2,1004.9,1801.7,553,1.9,5.9,4.0,0
2025-07-23,Indore,29.5,83.0,11.0,1004.5,1816.0,553,3.2,7.5,4.3,0
2025-07-24,Indore,27.5,53.8,12.0,1004.7,1354.9,553,5.4,0.0,-5.4,0
2025-07-25,Indore,27.1,82.1,15.6,1006.0,1726.1,553,2.1,0.0,-2.1,0
2025-07-26,Indore,32.3,68.7,6.6,1011.0,1605.0,553,0.0,0.0,0.0,0
2025-07-27,Indore,28.1,67.8,20.0,1012.1,1478.1,553,1.0,4.8,3.8,0
2025-07-28,Indore,34.7,69.5,20.1,1014.5,1632.6,553,44.8,56.1,11.3,0
2025-07-29,Indore,32.1,81.0,20.5,1010.2,1781.5,553,1.8,2.3,0.5,0
2025-07-30,Indore,26.5,72.3,18.6,997.0,1683.0,553,26.5,27.2,0.7,0
2025-07-31,Indore,32.9,74.0,19.4,1012.9,1671.2,553,4.0,0.0,-4.0,0
2025-08-01,Indore,38.7,88.4,4.4,1011.9,2023.5,553,0.0,0.0,0.0,0
2025-08-02,Indore,32.5,76.9,19.5,1011.9,1713.5,553,0.0,0.0,0.0,0
2025-08-03,Indore,34.7,76.4,14.9,1007.7,1810.4,553,0.0,3.9,3.9,0
2025-08-04,Indore,30.6,83.6,9.6,1006.4,1827.4,553,0.0,0.0,0.0,0
2025-08-05,Indore,27.7,87.4,10.2,1015.3,1706.0,553,39.7,37.6,-2.0,0
2025-08-06,Indore,23.7,56.3,3.8,1014.9,1178.8,553,0.0,0.0,0.0,0
2025-08-07,Indore,38.2,77.5,6.4,1003.2,1962.0,553,19.9,32.1,12.3,0
2025-08-08,Indore,34.4,75.0,10.0,1023.1,1598.8,553,0.0,0.0,0.0,0
2025-08-09,Indore,30.6,80.8,8.1,1007.8,1772.5,553,0.0,0.0,0.0,0
2025-08-10,Indore,37.2,54.4,12.3,1004.5,1602.2,553,0.0,0.0,0.0,0
2025-08-11,Indore,24.7,70.0,16.4,1001.6,1554.2,553,44.2,43.5,-0.7,0
2025-08-12,Indore,30.5,93.2,16.4,1008.0,1940.1,553,0.0,0.0,0.0,0
2025-08-13,Indore,33.8,75.6,12.3,1010.5,1742.2,553,71.9,72.5,0.6,0
2025-08-14,Indore,31.7,54.9,10.7,995.6,1580.4,553,16.4,11.0,-5.4,0
2025-08-15,Indore,31.0,58.9,14.9,1012.9,1413.8,553,0.0,0.0,0.0,0
2025-08-16,Indore,32.9,82.6,26.4,1018.9,1718.4,553,34.4,33.9,-0.4,0
2025-08-17,Indore,32.7,53.7,11.0,1003.9,1490.4,553,36.9,29.6,-7.4,0
2025-08-18,Indore,30.9,87.5,10.9,1011.6,1826.9,553,0.0,0.0,0.0,0
2025-08-19,Indore,29.9,82.9,12.8,998.1,1900.2,553,0.0,1.2,1.2,0
2025-08-20,Indore,29.6,58.8,9.4,998.5,1552.0,553,39.1,35.9,-3.2,0
2025-08-21,Indore,32.1,74.0,7.8,1007.7,1713.5,553,2.9,0.0,-2.9,0
2025-08-22,Indore,30.2,81.3,2.7,1009.0,1755.9,553,14.6,18.1,3.5,0
2025-08-23,Indore,32.2,91.7,6.0,1008.7,1952.3,553,5.7,0.0,-5.7,0
2025-08-24,Indore,31.8,75.0,9.5,1010.5,1687.6,553,0.0,1.6,1.6,0
2025-08-25,Indore,35.2,76.2,15.8,1006.6,1832.5,553,4.0,0.0,-4.0,0
2025-08-26,Indore,37.0,72.6,9.9,1012.4,1754.5,553,10.4,7.8,-2.6,0
2025-08-27,Indore,28.3,74.8,18.2,1010.5,1600.9,553,81.8,86.8,5.0,0
2025-08-28,Indore,31.7,61.6,12.3,1002.6,1592.3,553,13.1,16.5,3.4,0
2025-08-29,Indore,30.9,57.1,11.2,1010.6,1413.6,553,0.0,0.0,0.0,0
2025-08-30,Indore,36.4,65.2,2.1,1006.4,1710.2,553,1.7,0.0,-1.7,0
2025-08-31,Indore,33.4,65.8,10.4,1007.9,1627.9,553,0.0,0.0,0.0,0
2025-09-01,Indore,33.3,70.0,12.8,1010.6,1652.2,553,12.6,17.8,5.1,0
2025-09-02,Indore,33.0,68.6,9.3,1005.2,1690.7,553,0.0,0.0,0.0,0
2025-09-03,Indore,32.9,86.4,9.6,1012.5,1848.3,553,0.0,0.2,0.2,0
2025-09-04,Indore,30.6,71.5,16.5,1009.6,1618.5,553,17.8,23.3,5.6,0
2025-09-05,Indore,29.1,63.6,11.9,1008.7,1485.3,553,0.0,0.0,0.0,0
2025-09-06,Indore,24.2,65.9,27.3,1011.3,1369.5,553,0.0,0.0,0.0,0
2025-09-07,Indore,34.4,68.0,11.1,1004.2,1727.2,553,2.6,0.0,-2.6,0
2025-09-08,Indore,27.0,77.1,20.2,1003.0,1690.5,553,1.4,12.2,10.8,0
2025-09-09,Indore,24.0,79.5,13.4,1004.1,1641.0,553,57.3,53.4,-4.0,0
2025-09-10,Indore,31.9,66.5,7.2,995.7,1748.2,553,0.0,0.0,0.0,0
2025-09-11,Indore,28.9,51.8,9.4,1013.1,1262.3,553,6.6,7.9,1.3,0
2025-09-12,Indore,29.8,67.9,12.9,1011.9,1524.3,553,13.9,22.7,8.8,0
2025-09-13,Indore,29.2,61.7,12.4,1008.5,1462.7,553,11.6,9.2,-2.4,0
2025-09-14,Indore,32.3,80.1,13.7,1005.5,1829.4,553,0.0,0.0,0.0,0
2025-09-15,Indore,22.8,67.1,14.0,1006.0,1416.2,553,52.4,42.6,-9.7,0
2025-09-16,Indore,32.6,68.3,15.2,1017.2,1531.7,553,8.3,13.3,5.0,0
2025-09-17,Indore,28.0,98.0,14.3,1011.4,1906.4,553,0.6,2.2,1.7,0
2025-09-18,Indore,36.5,70.3,11.8,1015.3,1677.4,553,0.4,7.8,7.4,0
2025-09-19,Indore,30.3,77.7,16.0,1006.0,1743.6,553,0.0,0.0,0.0,0
2025-09-20,Indore,29.4,56.2,7.1,1002.3,1463.7,553,0.0,0.0,0.0,0
2025-09-21,Indore,25.0,50.3,7.5,1010.3,1179.6,553,5.6,10.1,4.4,0
2025-09-22,Indore,28.7,79.5,9.8,1003.7,1758.5,553,2.3,7.1,4.8,0
2025-09-23,Indore,34.4,78.3,2.3,1018.6,1699.1,553,0.0,0.0,0.0,0
2025-09-24,Indore,29.6,83.4,3.2,1001.7,1856.9,553,2.1,1.9,-0.2,0
2025-09-25,Indore,33.3,86.3,15.6,1016.1,1814.8,553,5.9,11.0,5.1,0
2025-09-26,Indore,28.9,84.9,21.4,1010.3,1758.7,553,0.0,0.0,0.0,0
2025-09-27,Indore,24.5,98.0,15.4,1011.8,1817.2,553,50.5,48.6,-1.9,0
2025-09-28,Indore,28.1,72.0,3.0,1006.3,1607.3,553,0.0,0.0,0.0,0
2025-09-29,Indore,35.3,64.3,13.1,1004.7,1691.8,553,39.5,41.2,1.7,0
2025-09-30,Indore,25.7,71.4,10.8,1010.7,1487.7,553,0.0,0.0,0.0,0
2025-10-01,Indore,31.3,76.1,6.2,1007.6,1725.5,553,19.8,28.4,8.7,0
2025-10-02,Indore,25.4,65.6,2.0,1010.7,1399.4,553,0.0,0.0,0.0,0
2025-10-03,Indore,35.2,64.7,9.0,1005.4,1685.3,553,60.1,59.0,-1.0,0
2025-10-04,Indore,29.8,83.2,5.7,1010.1,1758.7,553,0.0,0.0,0.0,0
2025-10-05,Indore,27.9,77.1,11.9,1007.2,1661.9,553,16.9,17.5,0.6,0
2025-10-06,Indore,35.0,63.0,14.4,1009.8,1604.9,553,44.8,43.7,-1.1,0
2025-10-07,Indore,25.4,69.8,2.0,1004.9,1528.3,553,0.0,1.5,1.5,0
2025-10-08,Indore,30.2,70.1,2.0,1001.5,1686.8,553,39.8,33.6,-6.2,0
2025-10-09,Indore,28.1,86.9,7.7,1007.4,1802.3,553,0.0,0.0,0.0,0
2025-10-10,Indore,32.5,82.9,27.4,996.8,1979.5,553,78.3,84.4,6.0,0
2025-10-11,Indore,29.1,67.0,8.3,1003.5,1593.2,553,0.0,2.3,2.3,0
2025-10-12,Indore,33.9,74.3,20.1,1000.4,1849.4,553,0.0,0.0,0.0,0
2025-10-13,Indore,26.5,98.0,5.3,1013.5,1845.3,553,4.4,0.0,-4.4,0
2025-10-14,Indore,31.8,82.8,2.0,1009.6,1808.6,553,0.0,0.0,0.0,0
2025-10-15,Indore,26.6,74.0,15.6,1009.0,1566.9,553,0.6,0.0,-0.6,0
2025-10-16,Indore,30.3,87.4,8.8,1005.4,1886.1,553,8.3,7.7,-0.5,0
2025-10-17,Indore,33.3,69.4,2.0,1005.1,1708.1,553,2.9,0.0,-2.9,0
2025-10-18,Indore,20.3,83.3,11.0,996.0,1701.1,553,45.4,41.1,-4.3,0
2025-10-19,Indore,29.5,58.2,16.8,1010.1,1402.7,553,8.7,13.4,4.8,0
2025-10-20,Indore,28.6,62.6,9.5,1002.4,1532.7,553,17.5,23.9,6.4,0
2025-10-21,Indore,30.5,98.0,18.8,1007.5,2014.4,553,29.4,29.9,0.6,0
2025-10-22,Indore,26.1,87.0,11.1,1003.7,1799.6,553,0.0,0.0,0.0,0
2025-10-23,Indore,33.3,87.1,7.5,998.2,2040.6,553,47.6,50.5,2.9,0
2025-10-24,Indore,29.9,75.5,21.1,1009.9,1654.6,553,0.0,0.0,0.0,0
2025-10-25,Indore,30.0,42.6,4.3,1011.1,1182.2,553,38.0,30.3,-7.7,0
2025-10-26,Indore,31.1,81.2,15.2,1007.4,1794.9,553,0.0,8.9,8.9,0
2025-10-27,Indore,26.8,57.1,11.2,1004.9,1383.0,553,0.0,0.0,0.0,0
2025-10-28,Indore,23.3,93.2,16.2,1010.7,1736.4,553,0.0,1.0,1.0,0
2025-10-29,Indore,26.2,68.2,17.1,1002.7,1549.7,553,9.7,0.0,-9.7,0
2025-10-30,Indore,28.2,64.6,22.8,1012.3,1434.6,553,9.7,10.6,0.9,0
2025-10-31,Indore,31.4,79.3,9.5,1004.6,1808.6,553,0.0,0.0,0.0,0
2025-11-01,Indore,28.4,66.1,16.5,1004.9,1547.1,553,0.0,0.0,0.0,0
2025-11-02,Indore,26.1,69.4,15.3,1006.9,1516.1,553,20.2,20.0,-0.2,0
2025-11-03,Indore,32.6,89.6,8.5,1008.0,1941.8,553,6.9,12.1,5.2,0
2025-11-04,Indore,27.8,81.8,2.2,1001.3,1795.7,553,0.0,7.7,7.7,0
2025-11-05,Indore,36.9,46.2,18.8,1011.2,1398.9,553,1.9,0.0,-1.9,0
2025-11-06,Indore,32.4,71.9,15.8,1007.7,1693.0,553,23.0,18.7,-4.3,0
2025-11-07,Indore,30.9,83.3,5.7,1007.9,1813.3,553,3.9,7.1,3.2,0
2025-11-08,Indore,33.4,87.1,16.1,1009.4,1908.3,553,2.0,0.0,-2.0,0
2025-11-09,Indore,26.7,73.9,9.1,1002.4,1647.7,553,0.3,0.0,-0.3,0
2025-11-10,Indore,31.7,57.8,12.1,1017.5,1359.7,553,25.4,33.5,8.1,0
2025-11-11,Indore,35.1,65.3,8.1,994.3,1824.8,553,0.0,0.5,0.5,0
2025-11-12,Indore,36.4,67.4,10.5,1004.2,1765.7,553,0.0,0.0,0.0,0
2025-11-13,Indore,35.1,77.8,3.3,1011.4,1794.0,553,0.0,0.0,0.0,0
2025-11-14,Indore,34.4,79.0,13.3,1001.6,1912.1,553,58.6,59.7,1.1,0
2025-11-15,Indore,33.3,95.2,18.2,1008.5,2030.6,553,0.9,0.0,-0.9,0
2025-11-16,Indore,30.9,62.8,4.9,1007.6,1529.0,553,23.9,27.8,3.9,0
2025-11-17,Indore,30.8,59.0,15.7,1010.0,1445.9,553,22.9,27.6,4.8,0
2025-11-18,Indore,29.4,76.5,11.3,1012.8,1621.7,553,0.0,0.0,0.0,0
2025-11-19,Indore,38.3,61.9,10.0,1009.2,1675.9,553,48.3,55.2,6.9,0
2025-11-20,Indore,29.0,40.0,20.2,1011.8,1115.4,553,18.9,13.2,-5.7,0
2025-11-21,Indore,36.1,85.3,10.9,1008.4,1958.3,553,16.7,15.3,-1.4,0
2025-11-22,Indore,28.2,86.1,11.7,1014.9,1703.3,553,0.4,0.0,-0.4,0
2025-11-23,Indore,31.9,73.9,7.8,1011.3,1663.4,553,0.0,6.7,6.7,0
2025-11-24,Indore,29.4,65.3,16.4,1008.8,1514.4,553,0.0,0.0,0.0,0
2025-11-25,Indore,39.7,74.6,8.2,1022.1,1732.1,553,1.0,4.9,3.9,0
2025-11-26,Indore,35.7,78.3,9.0,1003.2,1914.5,553,1.7,3.0,1.3,0
2025-11-27,Indore,29.0,56.1,19.5,1005.5,1415.5,553,1.3,4.7,3.3,0
2025-11-28,Indore,24.9,78.0,5.7,1016.6,1490.4,553,55.2,60.8,5.6,0
2025-11-29,Indore,29.6,65.1,11.4,1011.1,1488.5,553,0.0,0.0,0.0,0
2025-11-30,Indore,30.7,49.8,15.3,1019.8,1197.3,553,26.9,27.1,0.2,0
2025-12-01,Indore,35.5,70.8,2.0,1009.3,1731.1,553,0.0,0.0,0.0,0
2025-12-02,Indore,32.4,78.7,9.4,1010.3,1756.7,553,0.0,0.0,0.0,0
2025-12-03,Indore,28.8,74.9,2.3,1006.2,1665.8,553,0.0,0.0,0.0,0
2025-12-04,Indore,26.7,47.5,10.6,1008.7,1202.8,553,0.0,0.6,0.6,0
2025-12-05,Indore,34.6,71.7,8.6,1006.6,1754.8,553,23.4,23.3,-0.1,0
2025-12-06,Indore,31.3,78.1,6.0,1008.1,1747.9,553,12.7,8.3,-4.3,0
2025-12-07,Indore,29.7,76.4,11.9,1003.1,1744.3,553,8.3,0.0,-8.3,0
2025-12-08,Indore,30.3,63.2,14.0,999.7,1614.1,553,0.6,1.0,0.4,0
2025-12-09,Indore,34.4,65.9,2.0,1009.3,1636.1,553,0.0,0.0,0.0,0
2025-12-10,Indore,29.9,81.5,11.5,1009.0,1750.2,553,35.5,30.3,-5.1,0
2025-12-11,Indore,33.4,64.0,13.8,1001.5,1680.3,553,7.9,0.0,-7.9,0
2025-12-12,Indore,32.0,84.2,4.4,1011.4,1808.9,553,0.0,0.0,0.0,0
2025-12-13,Indore,30.6,97.3,2.0,1008.5,1995.6,553,11.4,15.9,4.5,0
2025-12-14,Indore,31.5,70.6,11.4,1023.5,1462.0,553,0.0,0.0,0.0,0
2025-12-15,Indore,32.3,82.3,23.5,997.1,1963.1,553,14.0,16.4,2.4,0
2025-12-16,Indore,22.8,58.5,14.0,1009.5,1253.2,553,0.0,2.6,2.6,0
2025-12-17,Indore,27.7,77.1,12.3,1003.9,1697.5,553,1.1,0.0,-1.1,0
2025-12-18,Indore,31.6,59.0,10.4,1008.2,1486.8,553,5.5,9.8,4.3,0
2025-12-19,Indore,28.9,53.9,11.3,1008.2,1350.5,553,17.4,19.2,1.8,0
2025-12-20,Indore,30.6,60.8,16.9,1008.9,1477.6,553,12.1,13.0,0.9,0
2025-12-21,Indore,26.7,66.9,14.2,1002.0,1553.3,553,5.1,0.0,-5.1,0
2025-12-22,Indore,29.8,73.3,19.9,998.7,1756.6,553,0.0,0.0,0.0,0
2025-12-23,Indore,31.9,68.4,15.7,1003.1,1684.1,553,1.5,0.0,-1.5,0
2025-12-24,Indore,22.4,64.5,10.4,1013.4,1279.7,553,11.7,8.4,-3.3,0
2025-12-25,Indore,26.2,71.9,11.0,1009.1,1525.4,553,0.3,0.0,-0.3,0
2025-12-26,Indore,29.6,66.4,13.2,1009.8,1523.1,553,1.6,0.0,-1.6,0
2025-12-27,Indore,32.7,95.2,16.7,1001.7,2098.0,553,9.0,0.0,-9.0,0
2025-12-28,Indore,35.9,82.1,3.0,1000.6,2002.6,553,0.0,0.0,0.0,0
2025-12-29,Indore,30.5,53.7,16.3,1006.9,1402.0,553,4.0,0.0,-4.0,0
2025-12-30,Indore,25.7,79.4,18.0,1000.1,1726.3,553,0.0,1.0,1.0,0
2025-12-31,Indore,31.1,87.1,11.6,995.4,2021.9,553,0.0,0.3,0.3,0
2026-01-01,Indore,34.7,63.3,9.7,1007.1,1633.5,553,11.5,0.0,-11.5,0
2026-01-02,Indore,28.3,95.3,12.6,1010.3,1887.7,553,8.2,2.9,-5.3,0
2026-01-03,Indore,27.4,87.1,13.3,1006.0,1803.4,553,14.1,19.6,5.4,0
2026-01-04,Indore,31.6,61.2,11.3,1011.0,1482.7,553,0.0,0.0,0.0,0
2026-01-05,Indore,31.6,88.2,14.4,1003.2,1954.4,553,2.4,1.5,-1.0,0
2026-01-06,Indore,31.4,46.2,22.0,1010.2,1277.4,553,0.0,0.0,0.0,0
2026-01-07,Indore,37.3,98.0,16.2,1006.3,2191.5,553,0.0,0.0,0.0,0
2026-01-08,Indore,31.0,55.5,15.0,1012.2,1374.6,553,16.1,10.8,-5.3,0
2026-01-09,Indore,25.8,75.6,12.2,1004.4,1624.4,553,23.4,30.4,7.0,0
2026-01-10,Indore,30.6,81.2,9.3,1018.3,1651.7,553,11.8,14.9,3.2,0
2026-01-11,Indore,26.2,90.4,12.8,1012.3,1747.2,553,0.0,0.0,0.0,0
2026-01-12,Indore,31.0,95.7,11.3,1006.1,2010.8,553,0.0,4.0,4.0,0
2026-01-13,Indore,26.8,79.4,13.4,1013.1,1598.4,553,0.0,0.0,0.0,0
2026-01-14,Indore,38.0,78.7,21.5,1005.2,1951.4,553,0.0,1.9,1.9,0
2026-01-15,Indore,29.6,80.5,13.8,1003.0,1801.1,553,53.0,58.6,5.6,0
2026-01-16,Indore,35.0,59.4,14.8,1002.1,1646.5,553,0.3,0.0,-0.3,0
2026-01-17,Indore,27.4,56.8,8.5,998.5,1471.0,553,88.4,88.7,0.3,0
2026-01-18,Indore,34.8,71.7,4.9,1009.1,1731.1,553,11.1,18.0,7.0,0
2026-01-19,Indore,32.1,84.9,11.2,1007.6,1866.2,553,0.0,9.8,9.8,0
2026-01-20,Indore,30.6,70.5,8.7,1008.8,1616.5,553,6.8,0.0,-6.8,0
2026-01-21,Indore,28.9,54.4,9.5,1010.5,1330.0,553,7.0,5.6,-1.5,0
2026-01-22,Indore,34.0,53.7,16.9,1012.1,1422.7,553,13.7,27.7,14.0,0
2026-01-23,Indore,29.8,75.3,9.5,1008.0,1672.4,553,0.0,0.0,0.0,0
2026-01-24,Indore,34.0,57.9,16.5,1010.0,1507.3,553,0.0,0.0,0.0,0
2026-01-25,Indore,36.3,74.9,18.2,1021.2,1664.0,553,77.6,83.6,6.0,0
2026-01-26,Indore,31.2,82.7,9.8,1019.9,1666.2,553,0.0,0.0,0.0,0
2026-01-27,Indore,33.9,60.5,5.4,1006.3,1584.8,553,63.0,68.7,5.7,0
2026-01-28,Indore,28.1,94.8,5.6,1014.5,1827.6,553,3.7,0.0,-3.7,0
2026-01-29,Indore,35.7,92.6,13.9,1014.1,1983.2,553,0.0,0.0,0.0,0
2026-01-30,Indore,26.5,66.1,7.4,1007.5,1470.3,553,4.0,6.3,2.3,0
2026-01-31,Indore,33.7,74.4,13.8,1010.0,1730.6,553,0.0,0.0,0.0,0
2026-02-01,Indore,30.4,63.5,12.4,1011.7,1479.7,553,0.0,3.8,3.8,0
2026-02-02,Indore,28.5,66.9,13.4,1002.3,1592.9,553,4.2,9.0,4.7,0
2026-02-03,Indore,39.2,63.7,15.2,1004.4,1779.4,553,1.8,0.0,-1.8,0
2026-02-04,Indore,32.6,64.9,14.3,1000.3,1686.2,553,6.9,7.6,0.7,0
2026-02-05,Indore,32.6,59.2,10.8,1004.1,1562.1,553,31.1,26.9,-4.2,0
2026-02-06,Indore,33.9,64.1,10.5,1008.2,1613.2,553,0.0,7.2,7.2,0
2026-02-07,Indore,26.9,59.1,12.2,1008.1,1375.9,553,22.9,15.2,-7.7,0
2026-02-08,Indore,30.5,89.9,25.3,1006.2,1916.6,553,36.6,32.5,-4.2,0
2026-02-09,Indore,29.3,66.6,7.7,1006.3,1560.2,553,0.0,0.0,0.0,0
2026-02-10,Indore,32.6,72.1,6.5,1008.5,1689.5,553,4.8,0.0,-4.8,0
2026-02-11,Indore,24.2,84.7,4.1,999.1,1777.0,553,8.5,15.0,6.6,0
2026-02-12,Indore,24.3,57.9,9.6,1019.2,1162.6,553,13.8,12.1,-1.7,0
2026-02-13,Indore,31.7,86.6,7.6,1007.5,1883.4,553,34.4,43.0,8.6,0
2026-02-14,Indore,32.4,61.5,11.9,1012.9,1483.0,553,0.0,0.0,0.0,0
2026-02-15,Indore,21.5,72.2,3.4,1005.6,1459.6,553,4.4,0.0,-4.4,0
2026-02-16,Indore,34.6,58.8,3.8,1008.4,1552.3,553,18.6,26.5,7.9,0
2026-02-17,Indore,36.5,59.5,25.0,998.7,1724.8,553,2.3,2.8,0.5,0
2026-02-18,Indore,33.0,54.7,6.4,1002.6,1526.6,553,39.0,40.4,1.4,0
2026-02-19,Indore,29.4,39.4,14.8,1012.0,1113.1,553,3.5,7.4,4.0,0
2026-02-20,Indore,34.4,65.3,6.7,1005.7,1670.7,553,43.7,53.1,9.4,0
2026-02-21,Indore,34.6,45.6,16.7,1002.4,1438.8,553,0.0,0.0,0.0,0
2026-02-22,Indore,27.7,90.0,17.6,1005.0,1865.3,553,31.2,36.7,5.5,0
2026-02-23,Indore,25.1,86.1,8.6,1006.2,1732.3,553,20.9,22.0,1.1,0
2026-02-24,Indore,23.3,90.7,3.9,1003.0,1792.4,553,31.3,32.6,1.3,0
2023-06-01,Dewas,29.4,77.7,8.4,1008.7,1690.2,535,11.0,18.9,7.8,0
2023-06-02,Dewas,31.7,69.7,16.5,1007.5,1646.1,535,3.2,0.8,-2.4,0
2023-06-03,Dewas,33.2,71.8,4.7,1008.3,1702.2,535,27.8,35.4,7.6,0
2023-06-04,Dewas,33.6,66.9,8.3,1002.8,1708.2,535,0.0,0.0,0.0,0
2023-06-05,Dewas,32.3,82.0,20.6,1006.9,1841.7,535,27.4,26.6,-0.8,0
2023-06-06,Dewas,26.8,65.3,9.9,1003.6,1514.7,535,60.2,59.8,-0.4,0
2023-06-07,Dewas,31.1,67.4,8.3,1009.4,1576.1,535,11.5,21.0,9.5,0
2023-06-08,Dewas,27.6,84.3,5.5,1018.4,1622.2,535,0.9,0.0,-0.9,0
2023-06-09,Dewas,33.9,82.6,25.9,1005.4,1904.6,535,47.0,56.1,9.2,0
2023-06-10,Dewas,30.0,69.3,19.8,1005.5,1623.7,535,10.5,6.5,-4.1,0
2023-06-11,Dewas,34.9,75.3,19.9,1001.2,1877.1,535,0.0,0.0,0.0,0
2023-06-12,Dewas,29.2,70.6,9.1,1006.0,1617.3,535,89.8,97.5,7.6,0
2023-06-13,Dewas,28.5,95.7,13.8,1005.1,1962.0,535,0.0,0.0,0.0,0
2023-06-14,Dewas,29.4,74.4,12.5,1005.8,1677.4,535,0.0,0.0,0.0,0
2023-06-15,Dewas,29.6,55.0,24.5,1012.1,1334.9,535,7.4,0.0,-7.4,0
2023-06-16,Dewas,29.2,98.0,2.7,998.1,2095.2,535,33.4,28.9,-4.5,0
2023-06-17,Dewas,28.2,82.2,20.3,1016.9,1624.5,535,6.9,0.0,-6.9,0
2023-06-18,Dewas,29.5,69.6,9.2,1009.6,1566.9,535,75.6,75.2,-0.4,0
2023-06-19,Dewas,37.3,57.4,12.2,1010.2,1577.7,535,0.4,2.2,1.7,0
2023-06-20,Dewas,25.3,89.1,14.0,1001.7,1834.9,535,28.7,33.9,5.2,0
2023-06-21,Dewas,30.0,92.8,6.2,1016.6,1819.6,535,1.5,0.0,-1.5,0
2023-06-22,Dewas,32.8,75.4,4.3,1012.4,1694.8,535,4.2,0.0,-4.2,0
2023-06-23,Dewas,25.5,85.1,16.4,1004.5,1749.0,535,78.0,88.4,10.4,0
2023-06-24,Dewas,26.4,72.2,8.2,1008.2,1545.0,535,0.0,0.0,0.0,0
2023-06-25,Dewas,31.3,65.8,4.3,1015.4,1487.8,535,0.0,0.6,0.6,0
2023-06-26,Dewas,29.2,60.4,7.1,1014.5,1371.6,535,0.0,0.0,0.0,0
2023-06-27,Dewas,32.0,63.7,3.5,999.7,1663.6,535,80.4,82.3,1.9,0
2023-06-28,Dewas,26.4,46.1,9.8,1005.5,1213.2,535,12.1,14.3,2.3,0
2023-06-29,Dewas,31.8,68.0,11.6,1015.1,1534.6,535,3.9,0.0,-3.9,0
2023-06-30,Dewas,33.2,83.4,6.6,1004.2,1913.4,535,0.0,0.0,0.0,0
2023-07-01,Dewas,30.1,82.8,17.4,1006.4,1806.1,535,2.5,0.0,-2.5,0
2023-07-02,Dewas,27.8,55.9,6.0,1002.1,1425.8,535,0.0,1.7,1.7,0
2023-07-03,Dewas,28.7,58.8,11.0,1011.0,1378.8,535,8.6,7.4,-1.2,0
2023-07-04,Dewas,28.3,80.4,8.0,1008.2,1706.3,535,0.0,0.0,0.0,0
2023-07-05,Dewas,40.0,77.6,5.2,1002.8,2012.5,535,49.7,51.3,1.6,0
2023-07-06,Dewas,32.6,49.2,16.5,1009.2,1362.3,535,7.7,5.7,-2.0,0
2023-07-07,Dewas,34.9,71.3,6.9,1009.0,1728.4,535,24.6,30.3,5.7,0
2023-07-08,Dewas,34.3,79.7,7.3,999.3,1946.8,535,7.7,6.1,-1.6,0
2023-07-09,Dewas,32.8,76.1,4.4,1016.9,1649.4,535,4.0,7.3,3.2,0
2023-07-10,Dewas,30.7,80.8,7.8,1014.5,1694.7,535,15.4,10.5,-4.9,0
2023-07-11,Dewas,32.1,98.0,12.4,1016.5,1943.5,535,0.0,0.0,0.0,0
2023-07-12,Dewas,29.7,69.6,16.8,1013.6,1524.6,535,0.0,0.0,0.0,0
2023-07-13,Dewas,31.8,74.1,9.3,1009.0,1691.8,535,0.0,0.0,0.0,0
2023-07-14,Dewas,31.6,92.5,19.5,1004.6,1998.6,535,0.0,6.0,6.0,0
2023-07-15,Dewas,28.2,61.7,13.7,994.6,1605.2,535,4.5,7.9,3.4,0
2023-07-16,Dewas,28.7,55.0,7.1,1010.0,1340.2,535,11.2,17.1,5.9,0
2023-07-17,Dewas,31.4,65.0,10.3,1001.0,1652.0,535,0.0,0.0,0.0,0
2023-07-18,Dewas,30.4,94.0,10.6,1014.1,1876.4,535,0.0,0.0,0.0,0
2023-07-19,Dewas,29.3,91.7,11.9,1011.5,1848.6,535,34.3,38.4,4.1,0
2023-07-20,Dewas,34.5,72.4,4.1,1018.7,1617.3,535,0.6,1.3,0.7,0
2023-07-21,Dewas,30.6,87.9,8.3,1003.0,1928.0,535,0.3,0.0,-0.3,0
2023-07-22,Dewas,30.2,78.5,9.5,1006.2,1748.6,535,17.7,18.2,0.5,0
2023-07-23,Dewas,28.9,92.5,15.1,1014.3,1817.6,535,0.0,0.0,0.0,0
2023-07-24,Dewas,25.9,91.6,8.3,998.8,1918.4,535,0.0,0.0,0.0,0
2023-07-25,Dewas,31.4,56.6,15.1,994.6,1610.2,535,0.0,0.0,0.0,0
2023-07-26,Dewas,31.5,73.3,2.0,1004.0,1734.0,535,0.0,2.3,2.3,0
2023-07-27,Dewas,32.4,85.6,4.6,1019.0,1747.2,535,71.7,78.6,6.8,0
2023-07-28,Dewas,30.0,87.1,26.2,1000.8,1929.2,535,0.0,0.0,0.0,0
2023-07-29,Dewas,30.2,54.5,6.5,997.4,1520.3,535,13.2,10.8,-2.5,0
2023-07-30,Dewas,29.5,92.2,14.5,1009.2,1888.6,535,2.7,0.0,-2.7,0
2023-07-31,Dewas,28.6,64.9,7.4,1006.0,1522.5,535,0.4,0.0,-0.4,0
2023-08-01,Dewas,30.5,70.2,2.4,1008.2,1616.5,535,0.0,0.0,0.0,0
2023-08-02,Dewas,27.0,66.0,6.1,1017.0,1367.9,535,0.0,0.0,0.0,0
2023-08-03,Dewas,36.3,81.9,18.5,1009.7,1902.0,535,0.4,0.0,-0.4,0
2023-08-04,Dewas,25.6,92.4,11.3,1009.5,1793.5,535,50.8,57.9,7.2,0
2023-08-05,Dewas,27.8,84.4,2.0,1004.4,1795.5,535,1.6,0.0,-1.6,0
2023-08-06,Dewas,30.4,72.9,9.0,1009.2,1638.4,535,22.8,26.5,3.7,0
2023-08-07,Dewas,29.7,75.9,13.9,1006.7,1695.5,535,2.7,6.6,3.9,0
2023-08-08,Dewas,31.7,68.1,11.4,1002.4,1684.4,535,8.4,5.1,-3.3,0
2023-08-09,Dewas,30.7,65.2,2.0,1002.4,1621.8,535,6.0,4.2,-1.8,0
2023-08-10,Dewas,32.7,76.1,6.8,1005.1,1790.4,535,33.8,31.2,-2.6,0
2023-08-11,Dewas,34.1,73.0,16.8,1007.2,1754.0,535,0.0,0.0,0.0,0
2023-08-12,Dewas,29.1,60.0,9.5,1008.2,1441.7,535,0.0,0.0,0.0,0
2023-08-13,Dewas,33.7,82.8,13.4,1008.2,1870.1,535,18.2,19.5,1.3,0
2023-08-14,Dewas,27.1,69.2,11.5,1013.0,1462.6,535,13.9,22.0,8.2,0
2023-08-15,Dewas,32.1,61.2,22.0,1015.1,1446.2,535,0.0,0.0,0.0,0
2023-08-16,Dewas,27.2,71.3,5.7,1016.9,1447.6,535,0.0,0.0,0.0,0
2023-08-17,Dewas,30.7,90.9,14.9,1006.1,1935.4,535,21.8,26.7,4.9,0
2023-08-18,Dewas,29.9,86.4,16.9,1008.4,1825.8,535,15.4,14.9,-0.6,0
2023-08-19,Dewas,24.7,55.9,7.2,1011.3,1239.8,535,0.0,0.0,0.0,0
2023-08-20,Dewas,26.7,80.2,9.0,1007.1,1677.6,535,0.0,0.0,0.0,0
2023-08-21,Dewas,31.0,71.6,3.0,1013.4,1586.8,535,15.4,18.0,2.6,0
2023-08-22,Dewas,33.2,79.4,12.0,1007.9,1812.0,535,22.1,33.7,11.6,0
2023-08-23,Dewas,38.7,77.5,2.0,1003.2,1973.6,535,37.3,49.4,12.1,0
2023-08-24,Dewas,29.4,59.7,22.1,1003.9,1495.6,535,0.0,0.0,0.0,0
2023-08-25,Dewas,31.1,83.9,11.0,1014.0,1753.6,535,0.0,0.0,0.0,0
2023-08-26,Dewas,24.7,82.6,9.5,1011.5,1609.6,535,33.1,28.0,-5.1,0
2023-08-27,Dewas,27.6,80.5,15.3,1019.2,1556.7,535,45.4,43.9,-1.5,0
2023-08-28,Dewas,24.3,67.4,13.6,999.5,1532.4,535,1.3,0.0,-1.3,0
2023-08-29,Dewas,29.6,63.1,16.2,1006.1,1519.0,535,3.5,0.0,-3.5,0
2023-08-30,Dewas,23.6,88.3,22.2,996.4,1846.2,535,6.8,0.0,-6.8,0
2023-08-31,Dewas,24.8,74.0,8.7,1018.0,1415.7,535,0.0,4.9,4.9,0
2023-09-01,Dewas,32.6,66.8,3.0,1007.9,1623.3,535,1.3,0.0,-1.3,0
2023-09-02,Dewas,28.5,77.5,23.0,1005.6,1702.8,535,5.0,10.3,5.3,0
2023-09-03,Dewas,24.0,83.6,11.5,1007.4,1656.7,535,0.0,0.0,0.0,0
2023-09-04,Dewas,27.0,98.0,14.6,1008.5,1919.0,535,15.9,21.3,5.4,0
2023-09-05,Dewas,26.1,64.9,12.2,999.4,1542.6,535,13.7,17.5,3.8,0
2023-09-06,Dewas,29.0,66.6,17.4,1003.9,1581.1,535,34.4,46.6,12.2,0
2023-09-07,Dewas,36.8,77.1,11.9,1013.2,1803.7,535,0.9,0.0,-0.9,0
2023-09-08,Dewas,32.5,85.9,10.2,1004.7,1926.2,535,0.0,0.0,0.0,0
2023-09-09,Dewas,25.3,63.2,15.3,1004.3,1439.8,535,8.0,0.0,-8.0,0
2023-09-10,Dewas,26.9,73.4,13.3,1016.5,1476.4,535,0.0,0.0,0.0,0
2023-09-11,Dewas,27.8,72.8,18.1,1025.6,1378.8,535,0.0,0.0,0.0,0
2023-09-12,Dewas,27.1,66.5,7.4,1005.9,1509.4,535,0.0,0.0,0.0,0
2023-09-13,Dewas,29.9,56.3,17.7,1008.3,1405.5,535,0.0,0.0,0.0,0
2023-09-14,Dewas,32.1,70.8,6.1,1005.4,1697.0,535,0.6,0.0,-0.6,0
2023-09-15,Dewas,22.6,90.1,7.9,1013.8,1638.0,535,0.0,0.0,0.0,0
2023-09-16,Dewas,32.8,83.6,23.4,1005.5,1891.3,535,16.0,2.3,-13.7,0
2023-09-17,Dewas,32.5,77.6,9.0,1016.6,1668.2,535,0.0,0.0,0.0,0
2023-09-18,Dewas,26.0,73.2,5.6,1004.1,1600.6,535,113.5,120.8,7.3,0
2023-09-19,Dewas,33.1,79.8,20.7,1005.7,1842.2,535,0.0,0.0,0.0,0
2023-09-20,Dewas,28.9,87.3,10.1,1014.5,1741.5,535,25.5,22.1,-3.4,0
2023-09-21,Dewas,33.5,51.6,8.2,1006.8,1445.5,535,0.0,3.4,3.4,0
2023-09-22,Dewas,25.3,61.8,2.4,1003.9,1426.5,535,3.3,0.0,-3.3,0
2023-09-23,Dewas,30.3,95.7,28.0,1008.5,1965.5,535,0.0,1.3,1.3,0
2023-09-24,Dewas,30.8,80.0,9.9,1009.0,1751.6,535,0.0,0.0,0.0,0
2023-09-25,Dewas,28.3,73.6,10.9,1017.8,1497.3,535,0.0,0.0,0.0,0
2023-09-26,Dewas,34.1,90.2,12.1,1009.6,1965.2,535,0.0,0.0,0.0,0
2023-09-27,Dewas,27.5,94.5,23.6,1012.3,1835.7,535,0.0,0.0,0.0,0
2023-09-28,Dewas,27.6,59.0,8.7,1001.0,1477.0,535,0.0,0.0,0.0,0
2023-09-29,Dewas,33.5,67.1,18.7,1012.7,1590.1,535,7.7,9.3,1.6,0
2023-09-30,Dewas,28.3,70.6,12.0,1005.9,1596.1,535,3.2,2.0,-1.2,0
2023-10-01,Dewas,29.4,80.3,12.3,1008.4,1730.5,535,13.0,23.3,10.3,0
2023-10-02,Dewas,34.7,84.4,24.5,1010.2,1892.6,535,0.0,0.0,0.0,0
2023-10-03,Dewas,29.9,63.8,19.7,1008.3,1510.3,535,0.0,0.0,0.0,0
2023-10-04,Dewas,39.0,75.3,9.4,1006.3,1913.5,535,17.9,22.5,4.6,0
2023-10-05,Dewas,29.8,77.0,8.3,1005.5,1728.2,535,24.0,23.5,-0.5,0
2023-10-06,Dewas,30.9,71.1,17.2,1006.1,1662.9,535,6.6,0.0,-6.6,0
2023-10-07,Dewas,32.7,69.0,14.8,1000.4,1746.2,535,6.5,0.0,-6.5,0
2023-10-08,Dewas,32.7,87.4,3.8,1009.6,1892.8,535,0.0,7.7,7.7,0
2023-10-09,Dewas,20.3,87.2,12.2,1006.7,1626.0,535,17.0,22.4,5.4,0
2023-10-10,Dewas,35.6,55.4,16.0,1007.3,1542.1,535,10.9,10.0,-0.9,0
2023-10-11,Dewas,33.1,90.1,19.1,1004.1,2005.3,535,23.7,25.4,1.7,0
2023-10-12,Dewas,30.1,62.8,20.9,1000.4,1596.2,535,0.0,0.0,0.0,0
2023-10-13,Dewas,28.9,48.7,12.8,998.6,1393.6,535,0.0,0.0,0.0,0
2023-10-14,Dewas,30.7,98.0,6.1,1001.6,2089.2,535,19.4,17.2,-2.1,0
2023-10-15,Dewas,24.2,81.4,7.8,1006.9,1637.9,535,0.0,0.0,0.0,0
2023-10-16,Dewas,29.6,75.2,10.2,1011.2,1628.5,535,8.1,9.1,1.1,0
2023-10-17,Dewas,21.7,78.2,6.1,1008.8,1510.8,535,4.3,13.9,9.6,0
2023-10-18,Dewas,26.7,86.7,9.4,1016.8,1653.4,535,0.0,0.0,0.0,0
2023-10-19,Dewas,31.7,82.4,9.2,1006.1,1839.4,535,0.0,0.0,0.0,0
2023-10-20,Dewas,29.8,90.1,2.0,1008.1,1880.4,535,13.7,19.8,6.1,0
2023-10-21,Dewas,29.7,71.8,15.6,1008.5,1616.8,535,6.7,6.5,-0.3,0
2023-10-22,Dewas,27.9,67.7,20.1,991.9,1713.2,535,0.0,0.0,0.0,0
2023-10-23,Dewas,28.2,74.1,9.2,1015.7,1526.9,535,4.4,11.6,7.1,0
2023-10-24,Dewas,32.5,83.4,17.6,1005.0,1887.4,535,12.5,10.0,-2.5,0
2023-10-25,Dewas,27.3,87.9,10.3,1002.8,1851.7,535,9.3,6.4,-2.9,0
2023-10-26,Dewas,37.0,73.7,7.3,1008.6,1815.9,535,0.0,8.5,8.5,0
2023-10-27,Dewas,34.2,51.3,8.2,1013.3,1378.2,535,4.4,3.6,-0.8,0
2023-10-28,Dewas,28.4,67.2,15.8,1009.0,1515.2,535,15.9,19.4,3.5,0
2023-10-29,Dewas,23.1,68.7,26.6,1005.1,1453.6,535,56.0,69.4,13.4,0
2023-10-30,Dewas,28.5,71.2,17.2,1007.5,1590.3,535,25.5,30.9,5.5,0
2023-10-31,Dewas,30.5,94.1,17.3,1004.3,1997.1,535,25.1,27.0,1.9,0
2023-11-01,Dewas,22.9,57.5,22.2,1016.7,1154.4,535,0.0,0.0,0.0,0
2023-11-02,Dewas,26.1,53.1,18.6,996.6,1410.7,535,14.2,17.2,2.9,0
2023-11-03,Dewas,26.1,73.3,11.7,1008.8,1546.6,535,6.5,12.8,6.3,0
2023-11-04,Dewas,30.9,82.7,8.2,1014.4,1725.5,535,41.2,42.9,1.7,0
2023-11-05,Dewas,31.0,62.8,6.0,1011.4,1485.3,535,0.0,0.0,0.0,0
2023-11-06,Dewas,29.3,69.8,8.3,1004.5,1626.6,535,17.8,20.7,2.9,0
2023-11-07,Dewas,29.7,62.8,10.7,1014.0,1425.1,535,24.4,32.6,8.2,0
2023-11-08,Dewas,31.5,78.8,13.5,1005.9,1789.1,535,22.2,28.4,6.2,0
2023-11-09,Dewas,30.4,98.0,4.7,1011.8,1959.2,535,0.0,0.0,0.0,0
2023-11-10,Dewas,36.9,74.1,14.3,1014.8,1747.1,535,68.9,71.2,2.3,0
2023-11-11,Dewas,27.7,84.5,12.5,1008.9,1740.7,535,8.9,7.7,-1.2,0
2023-11-12,Dewas,33.2,71.3,20.6,1004.5,1740.3,535,0.7,3.3,2.6,0
2023-11-13,Dewas,32.7,64.7,20.2,1017.8,1476.5,535,0.0,0.0,0.0,0
2023-11-14,Dewas,33.8,86.9,11.6,1017.5,1818.2,535,20.7,16.8,-3.9,0
2023-11-15,Dewas,29.2,72.1,11.6,1001.4,1694.1,535,0.0,0.0,0.0,0
2023-11-16,Dewas,27.5,87.5,8.0,1005.4,1819.2,535,0.0,3.5,3.5,0
2023-11-17,Dewas,19.3,86.3,20.6,1002.7,1638.9,535,1.9,0.0,-1.9,0
2023-11-18,Dewas,26.5,60.6,24.5,1009.4,1371.0,535,1.6,0.0,-1.6,0
2023-11-19,Dewas,34.4,78.3,2.0,1011.2,1786.0,535,0.0,2.3,2.3,0
2023-11-20,Dewas,31.7,82.5,19.1,1010.0,1794.3,535,0.0,0.0,0.0,0
2023-11-21,Dewas,24.7,95.4,25.6,1011.1,1794.1,535,48.7,52.1,3.4,0
2023-11-22,Dewas,29.1,68.4,19.3,1007.9,1560.3,535,33.5,34.5,0.9,0
2023-11-23,Dewas,27.9,65.1,15.1,1001.5,1562.2,535,1.1,0.0,-1.1,0
2023-11-24,Dewas,26.8,91.0,6.5,1008.6,1815.2,535,2.0,11.5,9.6,0
2023-11-25,Dewas,33.0,77.7,10.6,1002.0,1855.5,535,0.0,0.0,0.0,0
2023-11-26,Dewas,27.8,60.7,15.6,1012.7,1365.1,535,15.5,14.5,-0.9,0
2023-11-27,Dewas,35.2,80.7,4.7,1017.9,1761.4,535,45.6,46.4,0.8,0
2023-11-28,Dewas,31.3,84.8,17.1,1006.3,1863.4,535,0.0,0.0,0.0,0
2023-11-29,Dewas,31.1,79.3,17.0,1014.4,1683.2,535,0.0,0.0,0.0,0
2023-11-30,Dewas,27.8,63.4,31.7,1010.7,1427.5,535,29.1,39.2,10.0,0
2023-12-01,Dewas,31.4,83.8,5.6,1012.9,1772.3,535,0.0,0.0,0.0,0
2023-12-02,Dewas,23.4,88.2,18.3,1008.5,1694.9,535,0.0,7.7,7.7,0
2023-12-03,Dewas,23.8,83.4,6.5,1007.9,1644.5,535,0.0,0.6,0.6,0
2023-12-04,Dewas,26.0,86.4,2.0,1010.7,1705.2,535,4.1,0.0,-4.1,0
2023-12-05,Dewas,28.3,57.1,13.0,1001.9,1456.2,535,31.9,35.1,3.2,0
2023-12-06,Dewas,29.7,62.1,13.0,1004.5,1528.8,535,0.0,0.0,0.0,0
2023-12-07,Dewas,39.8,75.1,16.7,999.1,2016.7,535,27.0,37.5,10.5,0
2023-12-08,Dewas,32.7,68.2,19.4,1006.7,1659.2,535,7.5,5.2,-2.3,0
2023-12-09,Dewas,33.6,61.3,5.7,1003.5,1623.0,535,0.0,0.0,0.0,0
2023-12-10,Dewas,27.1,80.5,10.5,1006.1,1704.1,535,0.0,0.0,-0.0,0
2023-12-11,Dewas,29.9,59.8,5.1,1018.6,1332.2,535,1.3,0.0,-1.3,0
2023-12-12,Dewas,31.2,70.5,7.9,1001.0,1723.3,535,17.8,27.2,9.4,0
2023-12-13,Dewas,26.1,90.4,11.7,1008.1,1794.5,535,0.0,0.0,0.0,0
2023-12-14,Dewas,36.7,69.8,10.6,1009.5,1744.1,535,42.0,42.2,0.2,0
2023-12-15,Dewas,28.9,69.9,8.2,1014.1,1503.3,535,19.1,24.4,5.3,0
2023-12-16,Dewas,29.1,64.7,8.4,1008.0,1507.6,535,0.0,0.0,0.0,0
2023-12-17,Dewas,26.2,68.9,2.0,1010.8,1465.6,535,0.0,0.0,0.0,0
2023-12-18,Dewas,36.0,75.5,16.5,1008.5,1819.4,535,1.4,0.0,-1.4,0
2023-12-19,Dewas,29.7,55.6,16.7,1008.8,1386.7,535,5.1,2.0,-3.1,0
2023-12-20,Dewas,33.2,91.8,11.2,1001.2,2068.0,535,24.0,18.8,-5.1,0
2023-12-21,Dewas,26.7,81.3,12.9,1005.3,1715.2,535,51.3,55.4,4.1,0
2023-12-22,Dewas,29.3,81.1,10.4,1013.7,1674.8,535,0.0,0.0,0.0,0
2023-12-23,Dewas,32.2,75.1,9.4,1005.4,1758.3,535,2.4,0.0,-2.4,0
2023-12-24,Dewas,22.8,69.4,11.8,1005.4,1454.7,535,0.0,3.1,3.1,0
2023-12-25,Dewas,34.6,97.1,12.3,1013.9,2023.6,535,0.0,0.0,0.0,0
2023-12-26,Dewas,31.2,97.0,2.8,1002.2,2080.1,535,45.8,55.4,9.6,0
2023-12-27,Dewas,29.9,63.6,10.7,1000.3,1604.8,535,36.6,33.9,-2.6,0
2023-12-28,Dewas,31.3,53.3,9.8,1001.9,1474.9,535,0.0,0.0,0.0,0
2023-12-29,Dewas,35.1,78.5,8.5,1000.6,1936.4,535,0.2,0.0,-0.2,0
2023-12-30,Dewas,22.5,73.6,8.6,1000.9,1559.7,535,0.1,0.0,-0.1,0
2023-12-31,Dewas,31.8,75.5,9.8,1011.2,1684.8,535,0.0,5.7,5.7,0
2024-01-01,Dewas,33.1,86.7,14.2,1006.8,1926.4,535,0.0,0.0,0.0,0
2024-01-02,Dewas,30.6,63.8,15.6,1004.2,1577.4,535,0.0,0.0,0.0,0
2024-01-03,Dewas,27.6,91.2,17.7,999.5,1945.9,535,3.6,1.2,-2.4,0
2024-01-04,Dewas,28.7,66.3,13.9,1001.8,1596.4,535,0.0,0.0,0.0,0
2024-01-05,Dewas,28.7,73.4,13.4,989.6,1841.6,535,0.0,0.0,0.0,0
2024-01-06,Dewas,26.7,87.2,16.0,1020.2,1617.9,535,0.0,0.0,0.0,0
2024-01-07,Dewas,27.2,67.9,7.2,1004.3,1551.7,535,12.2,20.7,8.5,0
2024-01-08,Dewas,31.7,54.7,14.4,1013.4,1367.1,535,1.3,0.0,-1.3,0
2024-01-09,Dewas,32.5,62.4,10.6,1015.4,1468.5,535,11.0,12.3,1.3,0
2024-01-10,Dewas,26.1,81.2,12.6,1008.1,1666.5,535,0.8,0.0,-0.8,0
2024-01-11,Dewas,28.5,74.1,17.7,1005.2,1657.3,535,17.0,15.0,-2.0,0
2024-01-12,Dewas,26.3,87.2,9.7,1007.7,1760.3,535,0.0,0.0,0.0,0
2024-01-13,Dewas,29.2,87.8,2.9,1009.5,1815.0,535,13.1,19.0,5.9,0
2024-01-14,Dewas,32.2,82.4,6.5,1005.1,1864.7,535,0.0,0.0,0.0,0
2024-01-15,Dewas,30.0,73.5,16.5,997.9,1773.6,535,0.0,0.0,0.0,0
2024-01-16,Dewas,32.2,72.7,2.7,1000.5,1784.3,535,0.0,0.0,0.0,0
2024-01-17,Dewas,31.9,64.3,10.7,1015.7,1476.9,535,32.8,33.3,0.5,0
2024-01-18,Dewas,31.9,71.2,10.8,1010.0,1641.7,535,38.2,38.2,0.0,0
2024-01-19,Dewas,32.2,91.5,18.2,1001.0,2041.0,535,2.7,0.0,-2.7,0
2024-01-20,Dewas,33.1,86.2,15.9,1007.0,1916.7,535,0.0,0.0,0.0,0
2024-01-21,Dewas,35.5,73.4,7.6,1003.6,1837.0,535,0.0,0.0,0.0,0
2024-01-22,Dewas,30.5,80.9,4.6,1010.7,1735.2,535,0.3,0.0,-0.3,0
2024-01-23,Dewas,29.0,59.2,11.0,1015.2,1341.0,535,122.1,133.3,11.2,0
2024-01-24,Dewas,25.0,58.6,2.3,1009.9,1301.4,535,32.7,36.6,3.8,0
2024-01-25,Dewas,28.6,74.0,12.7,999.6,1726.7,535,0.0,0.0,0.0,0
2024-01-26,Dewas,23.9,83.0,12.8,1002.7,1704.6,535,26.4,38.4,12.0,0
2024-01-27,Dewas,28.8,70.6,15.9,1017.4,1470.5,535,35.6,33.6,-2.0,0
2024-01-28,Dewas,30.3,67.6,16.2,1012.0,1530.1,535,0.2,11.3,11.2,0
2024-01-29,Dewas,34.6,57.2,16.8,1013.7,1465.7,535,0.0,0.0,0.0,0
2024-01-30,Dewas,29.9,98.0,2.0,1011.5,1951.8,535,0.0,0.0,0.0,0
2024-01-31,Dewas,32.9,63.1,14.1,1009.5,1558.0,535,8.9,8.7,-0.2,0
2024-02-01,Dewas,31.2,87.3,10.2,1014.0,1802.6,535,31.7,26.0,-5.8,0
2024-02-02,Dewas,33.8,76.6,7.1,1007.8,1789.0,535,6.1,10.1,4.0,0
2024-02-03,Dewas,29.3,83.0,12.2,1011.0,1734.0,535,0.0,0.0,0.0,0
2024-02-04,Dewas,25.3,70.2,12.9,998.8,1603.7,535,0.0,0.0,0.0,0
2024-02-05,Dewas,25.4,91.0,7.1,997.5,1913.7,535,0.9,11.4,10.5,0
2024-02-06,Dewas,32.5,77.8,8.9,1010.5,1744.1,535,0.0,0.0,0.0,0
2024-02-07,Dewas,30.8,81.2,17.1,1005.5,1810.0,535,24.1,28.5,4.4,0
2024-02-08,Dewas,29.8,71.3,13.1,1002.3,1686.9,535,6.2,12.4,6.2,0
2024-02-09,Dewas,29.1,76.6,7.1,1011.5,1631.7,535,0.0,0.0,0.0,0
2024-02-10,Dewas,24.1,68.0,13.7,1012.9,1375.7,535,16.6,19.0,2.4,0
2024-02-11,Dewas,26.9,71.4,10.1,1007.7,1553.9,535,53.8,51.9,-1.9,0
2024-02-12,Dewas,25.6,85.6,7.1,1002.1,1787.4,535,11.3,0.0,-11.3,0
2024-02-13,Dewas,31.9,98.0,12.9,1000.9,2126.7,535,0.2,0.0,-0.2,0
2024-02-14,Dewas,34.5,64.5,16.6,1013.9,1563.3,535,0.0,0.0,0.0,0
2024-02-15,Dewas,36.7,98.0,6.6,1022.1,1986.4,535,1.7,2.9,1.2,0
2024-02-16,Dewas,28.0,78.8,4.1,1006.8,1692.5,535,40.6,44.3,3.7,0
2024-02-17,Dewas,31.7,88.0,2.1,1010.9,1861.5,535,18.8,20.4,1.7,0
2024-02-18,Dewas,25.8,61.8,2.0,1005.3,1422.5,535,46.4,42.7,-3.7,0
2024-02-19,Dewas,28.3,56.1,5.2,1009.9,1345.9,535,53.1,50.2,-2.9,0
2024-02-20,Dewas,30.3,70.7,16.6,1011.9,1573.4,535,30.7,32.6,1.9,0
2024-02-21,Dewas,31.9,69.9,12.0,1006.6,1665.3,535,0.0,0.0,0.0,0
2024-02-22,Dewas,31.1,83.2,13.8,1011.7,1769.7,535,0.0,0.0,0.0,0
2024-02-23,Dewas,32.1,63.1,12.9,1009.6,1539.4,535,28.6,24.1,-4.4,0
2024-02-24,Dewas,29.4,90.3,10.9,1012.2,1822.9,535,5.7,16.2,10.5,0
2024-02-25,Dewas,29.0,50.3,13.7,1000.8,1391.4,535,0.0,0.0,0.0,0
2024-02-26,Dewas,34.6,87.4,12.1,1016.3,1858.7,535,63.3,68.9,5.5,0
2024-02-27,Dewas,34.0,63.7,8.1,1004.7,1652.2,535,19.6,22.2,2.6,0
2024-02-28,Dewas,36.9,82.7,8.9,1008.0,1947.1,535,21.0,31.5,10.5,0
2024-02-29,Dewas,28.3,65.5,7.8,1006.0,1524.0,535,46.3,44.0,-2.3,0
2024-03-01,Dewas,34.7,52.9,6.3,1012.0,1428.4,535,0.0,0.0,0.0,0
2024-03-02,Dewas,31.1,62.1,16.3,1008.4,1515.9,535,5.6,0.0,-5.6,0
2024-03-03,Dewas,28.2,65.2,6.5,1007.9,1494.0,535,0.0,0.0,0.0,0
2024-03-04,Dewas,27.1,76.6,9.9,1009.6,1607.0,535,0.0,0.0,0.0,0
2024-03-05,Dewas,29.9,90.0,13.9,1013.5,1815.3,535,119.9,125.9,6.1,0
2024-03-06,Dewas,25.4,67.3,11.7,1012.3,1403.4,535,0.0,0.8,0.8,0
2024-03-07,Dewas,32.8,73.3,21.9,1001.3,1798.3,535,29.5,38.3,8.8,0
2024-03-08,Dewas,30.2,84.7,10.5,1004.0,1863.1,535,1.7,0.0,-1.7,0
2024-03-09,Dewas,28.7,90.1,7.6,1004.3,1898.6,535,31.3,44.9,13.6,0
2024-03-10,Dewas,33.4,45.4,8.6,998.9,1450.2,535,17.0,15.3,-1.8,0
2024-03-11,Dewas,26.0,74.7,2.2,1008.4,1569.2,535,0.0,0.0,0.0,0
2024-03-12,Dewas,26.1,85.0,19.0,996.3,1861.2,535,0.1,0.0,-0.1,0
2024-03-13,Dewas,29.7,98.0,10.8,1007.1,2000.0,535,1.2,9.0,7.8,0
2024-03-14,Dewas,32.8,66.4,7.8,1001.5,1698.2,535,0.0,0.0,0.0,0
2024-03-15,Dewas,26.8,68.3,15.7,1004.9,1541.3,535,0.0,0.0,0.0,0
2024-03-16,Dewas,29.0,76.2,6.1,1008.5,1660.2,535,5.7,9.5,3.8,0
2024-03-17,Dewas,26.9,75.1,19.0,1012.6,1545.6,535,4.4,7.5,3.2,0
2024-03-18,Dewas,28.7,85.4,16.0,1004.9,1825.8,535,11.0,10.0,-1.0,0
2024-03-19,Dewas,29.7,87.6,14.2,1014.7,1763.9,535,9.8,10.1,0.4,0
2024-03-20,Dewas,32.7,56.5,13.4,998.1,1599.3,535,0.0,0.0,0.0,0
2024-03-21,Dewas,32.3,72.2,12.2,1007.1,1701.2,535,47.4,51.7,4.2,0
2024-03-22,Dewas,28.0,87.8,19.3,1007.8,1807.4,535,0.0,0.0,0.0,0
2024-03-23,Dewas,28.3,51.5,5.1,998.1,1423.5,535,0.0,2.3,2.3,0
2024-03-24,Dewas,32.9,87.3,14.5,1003.2,1972.5,535,6.7,0.0,-6.7,0
2024-03-25,Dewas,32.3,71.7,11.0,1003.3,1739.2,535,2.1,0.0,-2.1,0
2024-03-26,Dewas,31.2,71.2,12.1,1013.7,1581.0,535,98.6,95.7,-2.9,0
2024-03-27,Dewas,28.8,84.6,17.3,1003.3,1837.5,535,5.1,6.7,1.6,0
2024-03-28,Dewas,32.0,77.4,23.0,1000.3,1848.2,535,2.9,5.3,2.4,0
2024-03-29,Dewas,24.3,78.2,8.2,1004.3,1626.4,535,0.0,0.0,0.0,0
2024-03-30,Dewas,24.5,78.7,16.1,1003.9,1642.0,535,0.7,4.6,3.8,0
2024-03-31,Dewas,27.6,83.5,2.0,1003.0,1795.0,535,5.9,3.4,-2.5,0
2024-04-01,Dewas,30.7,80.7,13.7,1005.5,1800.9,535,29.4,18.4,-11.0,0
2024-04-02,Dewas,39.4,68.9,8.0,1009.6,1794.6,535,15.3,14.3,-1.0,0
2024-04-03,Dewas,29.1,84.5,13.9,1013.8,1716.6,535,0.0,0.0,0.0,0
2024-04-04,Dewas,35.6,92.3,16.5,1006.7,2066.3,535,12.6,15.6,3.0,0
2024-04-05,Dewas,30.5,74.6,4.0,1010.8,1647.4,535,24.6,30.8,6.2,0
2024-04-06,Dewas,32.1,69.1,11.6,1008.5,1636.4,535,0.0,0.0,0.0,0
2024-04-07,Dewas,32.1,66.3,12.4,1008.2,1600.7,535,6.0,17.5,11.4,0
2024-04-08,Dewas,25.5,73.6,7.4,1005.5,1575.3,535,0.0,0.0,0.0,0
2024-04-09,Dewas,24.5,61.1,14.1,1011.1,1310.6,535,0.0,0.0,0.0,0
2024-04-10,Dewas,31.1,72.3,15.2,1012.5,1607.4,535,0.0,0.0,0.0,0
2024-04-11,Dewas,22.8,71.4,4.0,999.7,1550.1,535,38.1,45.9,7.8,0
2024-04-12,Dewas,33.2,68.2,9.4,1018.9,1525.6,535,8.3,11.3,3.0,0
2024-04-13,Dewas,23.5,49.5,8.5,1013.3,1097.9,535,83.2,90.2,6.9,0
2024-04-14,Dewas,33.2,62.2,21.7,1003.2,1628.9,535,124.8,127.0,2.1,0
2024-04-15,Dewas,34.7,65.5,3.9,1008.1,1652.8,535,17.6,18.6,1.0,0
2024-04-16,Dewas,28.6,61.3,2.0,1002.9,1509.7,535,10.0,18.6,8.6,0
2024-04-17,Dewas,30.8,70.1,13.6,1005.4,1656.1,535,0.0,0.0,0.0,0
2024-04-18,Dewas,29.9,66.2,4.3,1004.3,1594.5,535,32.8,36.7,3.9,0
2024-04-19,Dewas,32.1,60.4,7.2,1009.6,1500.5,535,2.0,0.0,-2.0,0
2024-04-20,Dewas,38.6,83.4,6.8,1013.7,1929.8,535,7.1,14.1,7.0,0
2024-04-21,Dewas,19.7,62.0,17.7,1008.8,1235.0,535,2.1,0.0,-2.1,0
2024-04-22,Dewas,37.0,64.6,26.3,1007.4,1703.5,535,29.1,33.7,4.5,0
2024-04-23,Dewas,36.5,83.4,14.2,998.3,2062.9,535,26.4,21.8,-4.5,0
2024-04-24,Dewas,30.4,66.9,2.0,1004.1,1618.5,535,1.5,0.0,-1.5,0
2024-04-25,Dewas,39.4,76.9,6.9,1012.3,1875.5,535,6.3,13.2,6.8,0
2024-04-26,Dewas,27.1,68.1,2.0,1001.4,1587.3,535,18.6,21.9,3.3,0
2024-04-27,Dewas,35.8,72.1,10.5,1008.3,1769.4,535,11.9,14.2,2.4,0
2024-04-28,Dewas,30.5,82.5,18.2,1009.9,1769.0,535,0.0,0.0,0.0,0
2024-04-29,Dewas,29.1,69.9,19.3,1007.9,1582.2,535,14.6,18.9,4.3,0
2024-04-30,Dewas,28.2,71.3,12.4,1008.5,1572.8,535,0.0,0.0,0.0,0
2024-05-01,Dewas,34.5,55.9,8.7,1010.1,1488.9,535,16.7,23.5,6.9,0
2024-05-02,Dewas,29.8,63.3,8.6,1005.0,1541.2,535,64.2,60.6,-3.6,0
2024-05-03,Dewas,28.5,84.5,14.1,1010.8,1736.7,535,29.9,34.8,4.9,0
2024-05-04,Dewas,28.6,63.0,13.5,995.8,1620.2,535,49.8,51.8,2.1,0
2024-05-05,Dewas,29.3,57.6,6.4,1012.0,1364.9,535,22.4,26.5,4.2,0
2024-05-06,Dewas,30.3,88.9,12.7,1000.7,1964.1,535,33.9,33.9,0.1,0
2024-05-07,Dewas,25.6,78.8,11.3,1015.9,1526.8,535,6.4,7.7,1.3,0
2024-05-08,Dewas,33.2,76.0,16.1,1007.8,1768.3,535,0.0,0.0,0.0,0
2024-05-09,Dewas,30.6,78.0,13.9,998.2,1848.5,535,5.4,14.1,8.8,0
2024-05-10,Dewas,21.9,93.9,5.1,1020.7,1592.9,535,0.0,0.0,0.0,0
2024-05-11,Dewas,33.5,61.3,13.6,1005.1,1601.5,535,1.6,6.1,4.5,0
2024-05-12,Dewas,28.1,67.9,13.7,1012.7,1471.5,535,0.0,0.0,0.0,0
2024-05-13,Dewas,23.6,68.8,22.0,1006.0,1458.2,535,6.2,0.0,-6.2,0
2024-05-14,Dewas,27.8,82.9,10.3,1008.8,1722.0,535,1.6,5.4,3.8,0
2024-05-15,Dewas,30.7,73.7,15.1,1004.0,1720.1,535,0.0,0.0,0.0,0
2024-05-16,Dewas,25.7,71.5,22.6,1014.2,1446.7,535,23.4,27.1,3.7,0
2024-05-17,Dewas,26.5,77.2,11.2,1011.9,1574.7,535,2.6,0.0,-2.6,0
2024-05-18,Dewas,33.5,74.3,6.8,1015.9,1653.2,535,3.5,0.0,-3.5,0
2024-05-19,Dewas,29.4,57.2,20.3,1010.2,1384.1,535,5.3,11.3,6.0,0
2024-05-20,Dewas,32.3,65.8,2.7,1007.6,1604.5,535,0.0,0.0,0.0,0
2024-05-21,Dewas,28.0,75.8,2.7,1019.1,1504.3,535,54.3,50.6,-3.7,0
2024-05-22,Dewas,28.9,73.6,23.5,1001.4,1707.0,535,21.3,26.3,5.1,0
2024-05-23,Dewas,26.6,80.9,7.7,1014.3,1597.2,535,1.9,0.0,-1.9,0
2024-05-24,Dewas,35.7,65.2,16.1,1004.8,1711.9,535,20.5,22.1,1.7,0
2024-05-25,Dewas,22.3,65.7,26.6,1005.0,1395.6,535,0.0,0.0,0.0,0
2024-05-26,Dewas,33.7,63.9,8.4,1011.0,1571.6,535,13.3,17.4,4.2,0
2024-05-27,Dewas,31.7,68.8,13.4,1003.4,1683.3,535,0.9,10.3,9.4,0
2024-05-28,Dewas,29.2,76.4,9.0,1002.9,1735.3,535,0.0,0.0,0.0,0
2024-05-29,Dewas,27.5,70.8,7.6,1006.7,1571.1,535,0.0,0.0,0.0,0
2024-05-30,Dewas,31.7,90.6,19.6,1011.5,1890.1,535,0.0,0.0,0.0,0
2024-05-31,Dewas,32.9,85.3,13.1,1003.2,1946.0,535,0.0,0.0,0.0,0
2024-06-01,Dewas,27.6,73.9,12.4,1017.6,1485.4,535,4.8,0.0,-4.8,0
2024-06-02,Dewas,30.5,70.2,6.7,1008.2,1615.7,535,26.8,21.4,-5.5,0
2024-06-03,Dewas,31.1,83.5,19.0,1007.6,1823.1,535,51.2,50.7,-0.5,0
2024-06-04,Dewas,28.6,77.2,18.5,1008.0,1671.8,535,0.4,0.0,-0.4,0
2024-06-05,Dewas,34.3,80.3,14.7,999.4,1955.3,535,0.0,3.6,3.6,0
2024-06-06,Dewas,34.3,72.3,14.4,1008.1,1736.7,535,1.9,0.0,-1.9,0
2024-06-07,Dewas,30.6,93.6,8.4,1007.1,1959.0,535,16.6,22.0,5.4,0
2024-06-08,Dewas,29.1,68.3,2.0,1003.4,1614.9,535,8.2,11.7,3.5,0
2024-06-09,Dewas,29.3,65.3,14.0,1020.5,1371.3,535,0.0,1.4,1.4,0
2024-06-10,Dewas,28.0,89.3,2.5,1006.0,1850.3,535,0.0,0.0,0.0,0
2024-06-11,Dewas,39.1,79.0,15.7,1013.7,1879.4,535,22.8,13.3,-9.5,0
2024-06-12,Dewas,27.3,68.5,15.5,1009.1,1505.2,535,0.0,2.0,2.0,0
2024-06-13,Dewas,30.0,62.3,3.0,1011.6,1451.1,535,23.5,22.6,-1.0,0
2024-06-14,Dewas,32.4,70.6,19.1,1013.1,1609.2,535,7.6,11.6,4.1,0
2024-06-15,Dewas,32.3,65.8,4.0,1006.6,1616.7,535,0.0,5.5,5.5,0
2024-06-16,Dewas,34.0,60.7,5.0,1014.4,1493.0,535,2.7,0.0,-2.7,0
2024-06-17,Dewas,27.5,82.5,10.3,1013.3,1655.1,535,19.6,20.4,0.8,0
2024-06-18,Dewas,33.0,52.6,29.3,1012.0,1383.1,535,0.0,0.0,0.0,0
2024-06-19,Dewas,30.9,60.5,5.5,1010.8,1458.0,535,0.0,0.0,0.0,0
2024-06-20,Dewas,32.9,82.5,11.5,1006.5,1867.1,535,18.1,29.5,11.4,0
2024-06-21,Dewas,33.4,76.8,3.8,1003.1,1839.9,535,0.0,0.0,0.0,0
2024-06-22,Dewas,32.8,87.5,21.4,1007.7,1919.4,535,2.2,11.1,9.0,0
2024-06-23,Dewas,30.7,79.3,14.5,1000.0,1848.6,535,9.1,3.7,-5.4,0
2024-06-24,Dewas,32.9,84.5,14.0,1002.4,1943.5,535,18.3,28.2,9.9,0
2024-06-25,Dewas,31.8,76.4,15.2,1007.4,1744.0,535,0.0,1.1,1.1,0
2024-06-26,Dewas,33.2,98.0,3.6,1007.5,2078.3,535,3.3,0.4,-2.9,0
2024-06-27,Dewas,35.6,66.9,3.3,1011.2,1656.7,535,25.6,37.3,11.7,0
2024-06-28,Dewas,32.3,76.5,14.5,1015.1,1665.3,535,1.4,0.0,-1.4,0
2024-06-29,Dewas,25.1,53.5,14.2,1003.6,1308.0,535,102.6,111.0,8.4,0
2024-06-30,Dewas,24.1,85.5,16.9,1008.6,1673.1,535,15.3,7.8,-7.5,0
2024-07-01,Dewas,29.2,82.7,11.6,1007.2,1771.9,535,13.4,13.1,-0.2,0
2024-07-02,Dewas,28.6,61.2,2.8,1015.4,1358.5,535,0.0,0.0,0.0,0
2024-07-03,Dewas,30.5,84.6,24.3,1004.5,1861.3,535,37.1,39.6,2.5,0
2024-07-04,Dewas,29.0,50.5,10.1,1012.4,1255.9,535,107.8,113.5,5.7,0
2024-07-05,Dewas,32.2,69.5,8.1,1014.3,1572.8,535,0.0,2.7,2.7,0
2024-07-06,Dewas,35.1,85.7,4.2,1002.1,2017.2,535,0.0,0.0,0.0,0
2024-07-07,Dewas,36.5,52.7,21.8,1008.9,1507.0,535,0.9,0.0,-0.9,0
2024-07-08,Dewas,32.3,91.2,3.7,1006.3,1976.7,535,0.0,0.0,0.0,0
2024-07-09,Dewas,31.5,80.4,6.1,1002.1,1855.1,535,20.2,20.7,0.5,0
2024-07-10,Dewas,26.9,77.6,15.8,1006.2,1658.2,535,0.0,0.0,0.0,0
2024-07-11,Dewas,30.2,70.7,5.0,998.9,1727.9,535,0.0,9.3,9.3,0
2024-07-12,Dewas,34.2,64.2,5.1,1010.5,1592.9,535,0.0,0.0,0.0,0
2024-07-13,Dewas,27.5,74.7,11.6,1000.7,1697.2,535,0.0,0.0,0.0,0
2024-07-14,Dewas,32.7,75.7,14.0,1008.4,1743.6,535,87.8,94.3,6.4,0
2024-07-15,Dewas,29.1,75.0,14.9,1009.3,1635.1,535,17.6,21.9,4.3,0
2024-07-16,Dewas,27.7,84.6,3.8,1002.6,1818.8,535,0.0,0.0,0.0,0
2024-07-17,Dewas,26.7,77.7,16.4,1005.4,1663.5,535,0.0,0.0,0.0,0
2024-07-18,Dewas,29.9,67.4,3.9,1015.1,1481.5,535,55.8,61.8,6.0,0
2024-07-19,Dewas,27.5,82.6,11.6,1006.6,1738.8,535,0.0,0.0,0.0,0
2024-07-20,Dewas,34.4,68.9,2.6,1004.1,1742.3,535,0.0,0.0,0.0,0
2024-07-21,Dewas,29.5,66.0,13.2,1008.7,1528.0,535,0.0,0.0,0.0,0
2024-07-22,Dewas,27.7,90.7,10.3,1003.6,1892.8,535,0.9,5.2,4.2,0
2024-07-23,Dewas,41.0,87.3,11.4,1013.3,2047.2,535,0.0,0.0,0.0,0
2024-07-24,Dewas,28.8,70.7,4.7,1010.8,1551.7,535,11.1,10.8,-0.2,0
2024-07-25,Dewas,33.4,69.4,22.4,1010.1,1651.7,535,53.3,58.0,4.7,0
2024-07-26,Dewas,29.6,73.2,10.4,1006.5,1655.9,535,0.0,0.0,0.0,0
2024-07-27,Dewas,33.1,55.5,22.1,1005.7,1501.7,535,28.5,28.0,-0.4,0
2024-07-28,Dewas,28.4,75.6,6.9,1002.7,1707.6,535,44.3,42.4,-1.9,0
2024-07-29,Dewas,27.2,84.5,7.6,998.2,1857.0,535,16.4,22.1,5.8,0
2024-07-30,Dewas,23.4,73.7,10.4,1009.9,1474.8,535,1.2,0.0,-1.2,0
2024-07-31,Dewas,25.3,70.4,6.0,1008.6,1488.5,535,0.0,0.0,0.0,0
2024-08-01,Dewas,27.4,36.3,16.8,1010.5,1039.6,535,1.2,11.0,9.8,0
2024-08-02,Dewas,30.5,80.9,3.2,1010.2,1741.2,535,0.0,0.0,0.0,0
2024-08-03,Dewas,31.2,62.1,11.1,1007.0,1535.1,535,28.8,32.7,3.9,0
2024-08-04,Dewas,30.8,59.5,6.4,1005.3,1509.3,535,15.7,12.9,-2.8,0
2024-08-05,Dewas,28.7,85.4,10.2,1010.3,1762.5,535,1.6,3.9,2.3,0
2024-08-06,Dewas,30.9,71.3,16.0,1000.3,1735.9,535,0.0,3.6,3.6,0
2024-08-07,Dewas,35.2,69.3,20.9,1004.7,1759.3,535,0.0,0.0,0.0,0
2024-08-08,Dewas,28.0,93.3,16.4,1004.8,1920.5,535,0.0,0.0,0.0,0
2024-08-09,Dewas,32.9,71.3,22.0,1004.6,1732.3,535,0.1,0.0,-0.1,0
2024-08-10,Dewas,32.1,91.1,5.3,1012.9,1890.2,535,0.0,1.1,1.1,0
2024-08-11,Dewas,29.9,79.7,5.9,1014.5,1659.8,535,0.0,0.0,0.0,0
2024-08-12,Dewas,32.7,86.9,15.0,998.3,2021.2,535,0.0,0.0,0.0,0
2024-08-13,Dewas,29.6,88.0,10.4,1001.6,1922.6,535,12.8,17.6,4.9,0
2024-08-14,Dewas,26.7,71.0,7.6,1007.3,1546.8,535,5.5,0.0,-5.5,0
2024-08-15,Dewas,27.4,71.7,16.0,1008.9,1554.3,535,0.0,7.5,7.5,0
2024-08-16,Dewas,30.2,82.3,9.4,1013.4,1716.4,535,3.9,0.0,-3.9,0
2024-08-17,Dewas,29.6,76.1,12.3,1014.7,1599.7,535,14.9,17.1,2.3,0
2024-08-18,Dewas,27.6,85.6,3.0,1009.2,1750.0,535,0.0,0.0,0.0,0
2024-08-19,Dewas,29.8,71.7,17.4,1010.1,1597.1,535,2.6,0.0,-2.6,0
2024-08-20,Dewas,30.6,73.6,11.0,1003.5,1722.0,535,0.0,0.0,0.0,0
2024-08-21,Dewas,29.6,56.2,18.9,1007.5,1407.5,535,0.0,0.0,0.0,0
2024-08-22,Dewas,26.4,82.0,22.5,1005.1,1720.3,535,0.0,0.0,0.0,0
2024-08-23,Dewas,32.5,85.1,8.9,1000.0,1971.8,535,11.0,21.5,10.5,0
2024-08-24,Dewas,28.8,60.1,5.6,999.6,1538.8,535,14.2,16.5,2.3,0
2024-08-25,Dewas,31.1,90.5,9.6,1018.2,1794.4,535,0.0,0.0,0.0,0
2024-08-26,Dewas,24.7,65.9,14.0,1011.7,1374.8,535,0.0,0.0,0.0,0
2024-08-27,Dewas,30.5,58.8,4.6,1008.5,1454.5,535,11.5,12.0,0.5,0
2024-08-28,Dewas,32.6,90.5,6.1,1006.3,1973.7,535,37.5,48.2,10.7,0
2024-08-29,Dewas,31.5,96.2,15.2,1013.3,1942.1,535,16.3,17.6,1.4,0
2024-08-30,Dewas,35.6,82.8,11.5,1014.9,1835.4,535,7.4,13.8,6.4,0
2024-08-31,Dewas,30.0,81.3,12.4,1010.9,1728.7,535,29.5,28.4,-1.1,0
2024-09-01,Dewas,34.3,98.0,13.5,1009.4,2082.1,535,0.0,0.0,0.0,0
2024-09-02,Dewas,33.9,80.9,9.7,1014.6,1770.5,535,0.0,0.0,0.0,0
2024-09-03,Dewas,30.0,71.9,13.5,1006.0,1653.6,535,1.2,0.0,-1.2,0
2024-09-04,Dewas,29.6,85.3,7.7,1010.1,1783.5,535,30.3,28.5,-1.9,0
2024-09-05,Dewas,29.9,74.4,14.7,1006.6,1678.9,535,27.1,25.5,-1.6,0
2024-09-06,Dewas,36.2,70.4,24.0,1006.6,1774.8,535,0.0,0.0,0.0,0
2024-09-07,Dewas,31.0,78.1,5.4,1008.2,1737.7,535,2.8,0.0,-2.8,0
2024-09-08,Dewas,35.5,68.2,19.2,1005.0,1747.0,535,0.0,0.0,0.0,0
2024-09-09,Dewas,29.7,69.3,10.7,1009.7,1566.7,535,0.3,0.0,-0.3,0
2024-09-10,Dewas,33.7,75.9,5.3,1006.7,1791.5,535,0.0,0.0,0.0,0
2024-09-11,Dewas,29.7,93.3,6.4,999.0,2031.5,535,54.3,60.4,6.1,0
2024-09-12,Dewas,31.2,61.9,2.8,1015.7,1427.4,535,2.7,12.8,10.1,0
2024-09-13,Dewas,35.8,68.3,9.1,1006.6,1736.8,535,0.0,0.0,0.0,0
2024-09-14,Dewas,29.8,68.0,18.7,1004.3,1617.0,535,0.0,0.0,0.0,0
2024-09-15,Dewas,30.9,84.6,3.3,1003.4,1885.2,535,155.4,164.5,9.1,0
2024-09-16,Dewas,31.9,66.6,19.2,1014.0,1528.7,535,0.0,0.5,0.5,0
2024-09-17,Dewas,26.8,69.0,13.7,1007.1,1526.2,535,0.5,0.0,-0.5,0
2024-09-18,Dewas,26.4,82.0,25.7,1005.2,1718.5,535,0.0,0.0,0.0,0
2024-09-19,Dewas,23.8,74.2,11.7,1011.3,1475.6,535,1.5,0.0,-1.5,0
2024-09-20,Dewas,34.2,58.5,17.4,1015.3,1455.1,535,2.7,7.6,4.9,0
2024-09-21,Dewas,28.5,49.6,6.1,1007.9,1281.6,535,0.0,0.0,0.0,0
2024-09-22,Dewas,26.5,90.0,2.0,1004.0,1848.5,535,0.0,0.0,0.0,0
2024-09-23,Dewas,27.5,72.0,5.6,1012.2,1520.4,535,0.0,0.0,0.0,0
2024-09-24,Dewas,29.1,50.9,21.0,1011.1,1278.7,535,0.8,0.0,-0.8,0
2024-09-25,Dewas,31.1,67.0,8.0,1003.0,1647.9,535,7.6,14.9,7.3,0
2024-09-26,Dewas,35.1,90.2,17.5,1002.9,2070.2,535,2.9,0.0,-2.9,0
2024-09-27,Dewas,28.5,78.8,9.2,1006.5,1709.6,535,50.0,48.8,-1.2,0
2024-09-28,Dewas,32.5,76.4,2.0,1010.1,1726.5,535,12.8,17.8,5.0,0
2024-09-29,Dewas,27.6,78.0,2.6,1010.0,1635.6,535,3.7,0.0,-3.7,0
2024-09-30,Dewas,32.6,70.6,9.5,1004.3,1719.2,535,47.7,48.8,1.1,0
2024-10-01,Dewas,25.9,86.4,22.4,1010.5,1704.3,535,32.7,27.5,-5.3,0
2024-10-02,Dewas,36.5,87.2,14.9,1007.4,2008.7,535,10.1,6.4,-3.7,0
2024-10-03,Dewas,26.1,73.2,4.9,1006.1,1578.6,535,0.0,0.0,0.0,0
2024-10-04,Dewas,28.6,75.2,2.3,1000.8,1728.9,535,4.5,9.3,4.8,0
2024-10-05,Dewas,30.8,81.3,20.5,1006.5,1799.4,535,3.0,8.6,5.5,0
2024-10-06,Dewas,29.3,90.7,10.7,1008.2,1876.1,535,0.0,2.6,2.6,0
2024-10-07,Dewas,34.9,79.3,12.2,1007.2,1861.8,535,21.7,27.8,6.0,0
2024-10-08,Dewas,28.8,77.9,14.9,1003.0,1747.1,535,7.2,11.0,3.8,0
2024-10-09,Dewas,32.3,83.0,9.6,1009.5,1822.5,535,0.0,0.0,0.0,0
2024-10-10,Dewas,29.4,54.2,6.0,1013.6,1300.8,535,35.5,40.6,5.1,0
2024-10-11,Dewas,36.7,61.5,11.8,1013.8,1576.3,535,0.0,0.0,0.0,0
2024-10-12,Dewas,31.2,64.3,5.8,997.7,1675.7,535,0.0,1.4,1.4,0
2024-10-13,Dewas,30.0,61.2,4.4,1003.0,1540.8,535,0.0,0.0,0.0,0
2024-10-14,Dewas,32.3,94.2,7.9,1011.9,1951.1,535,7.5,14.0,6.5,0
2024-10-15,Dewas,25.5,79.4,14.0,1009.8,1605.7,535,0.0,0.0,0.0,0
2024-10-16,Dewas,28.6,55.0,10.8,1011.1,1322.9,535,0.0,0.0,0.0,0
2024-10-17,Dewas,28.7,60.7,15.2,1005.1,1477.2,535,0.0,0.0,0.0,0
2024-10-18,Dewas,26.8,80.7,9.6,1001.9,1751.1,535,33.5,32.0,-1.5,0
2024-10-19,Dewas,30.4,71.0,13.8,1009.4,1610.3,535,69.6,77.0,7.3,0
2024-10-20,Dewas,30.1,62.3,8.3,998.1,1616.4,535,0.0,2.6,2.6,0
2024-10-21,Dewas,33.0,64.0,10.3,1004.8,1631.2,535,2.3,0.0,-2.3,0
2024-10-22,Dewas,31.3,72.1,18.7,1007.7,1668.8,535,0.0,0.0,0.0,0
2024-10-23,Dewas,26.6,75.0,20.6,999.3,1696.1,535,0.0,0.0,0.0,0
2024-10-24,Dewas,27.9,78.5,11.0,1013.5,1605.7,535,3.6,0.0,-3.6,0
2024-10-25,Dewas,32.7,65.2,16.7,1008.3,1599.2,535,0.0,0.0,0.0,0
2024-10-26,Dewas,33.7,83.0,10.0,1006.0,1900.8,535,0.0,1.9,1.9,0
2024-10-27,Dewas,28.8,78.4,11.0,1004.5,1733.5,535,45.5,48.3,2.7,0
2024-10-28,Dewas,31.5,53.9,24.5,1008.1,1413.0,535,6.8,0.0,-6.8,0
2024-10-29,Dewas,31.0,93.1,12.7,1013.2,1887.4,535,0.0,0.0,0.0,0
2024-10-30,Dewas,34.0,80.3,4.6,1013.0,1784.3,535,31.5,32.4,0.9,0
2024-10-31,Dewas,29.3,64.1,9.0,1004.2,1549.9,535,0.0,0.0,0.0,0
2024-11-01,Dewas,32.5,74.8,22.0,1006.7,1748.2,535,0.0,0.0,0.0,0
2024-11-02,Dewas,32.1,75.0,14.2,1014.8,1642.3,535,72.9,66.7,-6.2,0
2024-11-03,Dewas,27.3,69.1,2.0,1002.5,1592.7,535,11.3,13.0,1.7,0
2024-11-04,Dewas,29.3,77.0,9.5,1008.2,1681.9,535,21.3,21.7,0.4,0
2024-11-05,Dewas,30.5,84.4,3.4,1018.0,1698.3,535,0.0,8.0,8.0,0
2024-11-06,Dewas,28.0,69.2,14.1,1013.3,1482.8,535,0.0,0.0,0.0,0
2024-11-07,Dewas,29.5,83.7,19.4,1000.4,1874.7,535,39.9,39.9,0.0,0
2024-11-08,Dewas,32.9,68.4,7.2,1013.1,1589.2,535,0.0,0.0,0.0,0
2024-11-09,Dewas,29.9,62.5,17.5,1007.7,1500.7,535,39.9,38.9,-1.0,0
2024-11-10,Dewas,27.5,88.8,25.5,1002.5,1872.4,535,7.8,9.9,2.1,0
2024-11-11,Dewas,31.2,98.0,7.6,1003.3,2080.7,535,1.7,0.0,-1.7,0
2024-11-12,Dewas,28.9,64.4,15.4,1015.0,1414.9,535,0.0,0.0,0.0,0
2024-11-13,Dewas,33.7,75.1,13.5,1007.5,1771.7,535,4.2,0.7,-3.5,0
2024-11-14,Dewas,28.4,55.2,5.2,1007.8,1362.3,535,20.6,22.7,2.1,0
2024-11-15,Dewas,27.5,69.5,5.7,1011.9,1489.9,535,0.0,0.0,0.0,0
2024-11-16,Dewas,34.0,55.1,14.4,1010.9,1457.2,535,3.9,11.2,7.4,0
2024-11-17,Dewas,28.9,89.0,18.8,1008.5,1838.0,535,2.1,2.8,0.7,0
2024-11-18,Dewas,32.0,70.1,2.0,1014.3,1577.3,535,0.0,0.0,0.0,0
2024-11-19,Dewas,33.7,76.6,26.5,1017.9,1666.3,535,4.0,0.0,-4.0,0
2024-11-20,Dewas,30.4,81.6,9.0,998.6,1889.9,535,0.0,4.4,4.4,0
2024-11-21,Dewas,25.9,86.3,8.1,1009.8,1712.4,535,0.0,0.0,0.0,0
2024-11-22,Dewas,23.6,86.0,15.5,1001.3,1755.7,535,118.7,119.5,0.7,0
2024-11-23,Dewas,19.8,66.1,13.8,1005.3,1338.1,535,0.0,0.0,0.0,0
2024-11-24,Dewas,29.8,57.1,11.5,1015.5,1328.1,535,0.0,0.0,0.0,0
2024-11-25,Dewas,27.1,82.8,3.2,1007.3,1722.4,535,41.3,36.9,-4.4,0
2024-11-26,Dewas,29.0,82.5,11.0,1006.9,1767.3,535,21.1,27.6,6.5,0
2024-11-27,Dewas,32.4,91.1,13.0,999.7,2057.3,535,11.8,19.1,7.3,0
2024-11-28,Dewas,35.1,68.1,13.1,1006.6,1715.8,535,0.0,0.0,0.0,0
2024-11-29,Dewas,28.7,62.9,13.6,1008.9,1461.2,535,0.0,0.0,0.0,0
2024-11-30,Dewas,35.1,66.1,21.9,1012.9,1612.8,535,0.0,0.0,0.0,0
2024-12-01,Dewas,30.0,69.2,3.7,1012.9,1533.4,535,9.5,8.6,-0.9,0
2024-12-02,Dewas,23.4,55.7,11.9,1009.5,1228.3,535,0.0,0.0,0.0,0
2024-12-03,Dewas,33.5,64.0,13.2,1010.8,1569.7,535,8.3,10.6,2.3,0
2024-12-04,Dewas,32.6,76.7,12.2,999.1,1868.1,535,0.0,4.7,4.7,0
2024-12-05,Dewas,35.2,60.6,20.1,1013.7,1529.9,535,2.7,0.0,-2.7,0
2024-12-06,Dewas,25.5,70.0,14.7,1007.7,1500.4,535,3.6,0.0,-3.6,0
2024-12-07,Dewas,31.4,81.7,15.9,1010.3,1772.5,535,56.7,53.5,-3.1,0
2024-12-08,Dewas,29.6,78.2,20.8,1008.0,1708.8,535,3.4,0.0,-3.4,0
2024-12-09,Dewas,34.0,89.2,4.5,1014.8,1889.0,535,0.0,0.0,0.0,0
2024-12-10,Dewas,31.9,60.9,9.4,1011.1,1486.0,535,4.3,0.0,-4.3,0
2024-12-11,Dewas,30.7,80.9,15.9,1007.4,1779.0,535,13.1,10.3,-2.8,0
2024-12-12,Dewas,28.3,75.7,5.5,1009.7,1623.2,535,4.1,11.0,6.9,0
2024-12-13,Dewas,28.3,72.5,8.7,1000.9,1682.2,535,36.0,34.8,-1.3,0
2024-12-14,Dewas,30.5,70.4,17.6,1008.3,1618.0,535,0.0,0.0,0.0,0
2024-12-15,Dewas,39.7,37.8,7.7,1011.3,1345.9,535,80.3,79.6,-0.8,0
2024-12-16,Dewas,33.0,60.4,13.0,1010.3,1514.5,535,34.9,43.9,9.0,0
2024-12-17,Dewas,24.1,75.5,4.7,1011.8,1494.4,535,14.4,13.2,-1.2,0
2024-12-18,Dewas,29.1,78.3,20.6,1009.9,1675.1,535,0.0,0.0,0.0,0
2024-12-19,Dewas,31.3,72.6,4.9,1012.7,1616.1,535,17.0,22.5,5.5,0
2024-12-20,Dewas,32.9,58.3,12.9,1012.9,1450.2,535,0.0,0.0,0.0,0
2024-12-21,Dewas,32.1,61.9,8.8,1011.3,1501.5,535,60.7,61.1,0.5,0
2024-12-22,Dewas,28.4,70.2,12.0,1006.9,1582.8,535,23.0,29.7,6.7,0
2024-12-23,Dewas,28.7,67.1,17.5,1005.9,1557.9,535,13.5,13.8,0.3,0
2024-12-24,Dewas,27.1,67.5,7.7,1012.9,1439.8,535,0.0,0.0,0.0,0
2024-12-25,Dewas,28.8,98.0,18.3,1013.1,1904.8,535,0.0,0.0,0.0,0
2024-12-26,Dewas,34.3,60.3,5.0,1004.9,1607.4,535,0.0,0.0,0.0,0
2024-12-27,Dewas,29.2,77.2,13.5,1003.9,1734.7,535,0.0,0.0,0.0,0
2024-12-28,Dewas,32.1,80.8,8.3,1002.5,1871.4,535,0.0,0.0,0.0,0
2024-12-29,Dewas,37.2,81.3,14.8,1010.7,1902.4,535,2.4,0.0,-2.4,0
2024-12-30,Dewas,28.6,83.9,20.8,1008.4,1759.3,535,0.0,0.0,0.0,0
2024-12-31,Dewas,29.9,96.8,3.8,1002.5,2043.4,535,0.0,0.0,0.0,0
2025-01-01,Dewas,29.4,74.4,8.9,1005.4,1681.7,535,2.6,1.4,-1.2,0
2025-01-02,Dewas,28.4,95.7,17.4,1003.2,1983.4,535,0.0,0.0,0.0,0
2025-01-03,Dewas,29.5,64.7,9.3,1006.6,1534.0,535,20.8,28.5,7.7,0
2025-01-04,Dewas,31.3,60.6,11.8,1012.9,1445.1,535,22.2,18.9,-3.3,0
2025-01-05,Dewas,33.7,91.0,13.3,1012.8,1928.7,535,0.9,7.1,6.3,0
2025-01-06,Dewas,31.0,89.8,8.8,1007.1,1916.7,535,0.0,3.5,3.5,0
2025-01-07,Dewas,24.0,86.6,12.3,1005.4,1722.8,535,0.0,0.0,0.0,0
2025-01-08,Dewas,30.9,67.8,15.5,1003.8,1645.6,535,74.2,73.9,-0.4,0
2025-01-09,Dewas,32.2,78.3,4.3,1015.9,1678.1,535,0.0,0.0,0.0,0
2025-01-10,Dewas,36.3,98.0,23.0,1007.0,2158.9,535,18.2,12.3,-5.9,0
2025-01-11,Dewas,29.3,89.6,17.2,1009.1,1848.2,535,56.7,55.3,-1.4,0
2025-01-12,Dewas,26.6,77.0,16.2,1010.0,1598.5,535,51.3,49.1,-2.2,0
2025-01-13,Dewas,26.3,64.6,16.1,1006.8,1452.4,535,32.9,33.5,0.6,0
2025-01-14,Dewas,30.0,74.8,7.6,1003.4,1724.5,535,35.1,41.6,6.5,0
2025-01-15,Dewas,35.3,67.5,22.0,1003.5,1750.3,535,122.5,120.5,-2.1,0
2025-01-16,Dewas,23.8,68.7,9.0,1010.6,1405.7,535,0.0,0.0,0.0,0
2025-01-17,Dewas,28.0,63.8,2.0,1006.1,1493.3,535,0.0,0.0,0.0,0
2025-01-18,Dewas,30.7,81.9,3.0,1014.0,1715.7,535,0.0,0.0,0.0,0
2025-01-19,Dewas,33.5,68.5,7.3,1013.6,1600.0,535,0.0,0.0,0.0,0
2025-01-20,Dewas,30.4,88.4,7.4,1013.0,1810.4,535,8.0,7.1,-0.9,0
2025-01-21,Dewas,33.2,84.2,4.1,1005.7,1908.4,535,66.0,63.6,-2.4,0
2025-01-22,Dewas,31.6,65.4,22.8,1015.7,1485.7,535,36.0,42.0,6.0,0
2025-01-23,Dewas,32.7,91.7,13.5,1006.7,1987.9,535,9.2,3.7,-5.5,0
2025-01-24,Dewas,29.7,83.9,17.7,1010.5,1761.1,535,9.7,9.9,0.3,0
2025-01-25,Dewas,28.9,70.2,15.7,1017.9,1462.7,535,0.0,0.0,0.0,0
2025-01-26,Dewas,33.5,75.1,8.0,1009.4,1742.7,535,35.9,41.7,5.8,0
2025-01-27,Dewas,30.9,88.8,5.9,1004.5,1931.2,535,2.5,0.0,-2.5,0
2025-01-28,Dewas,31.5,71.3,2.0,1010.4,1630.3,535,38.7,34.5,-4.2,0
2025-01-29,Dewas,33.1,95.4,3.8,1007.7,2036.9,535,3.1,7.1,4.1,0
2025-01-30,Dewas,28.8,68.7,5.3,1012.9,1497.0,535,0.0,0.0,0.0,0
2025-01-31,Dewas,29.0,78.6,6.7,1005.8,1726.5,535,3.7,13.6,9.9,0
2025-02-01,Dewas,32.1,98.0,16.6,1007.1,2056.3,535,0.0,0.0,0.0,0
2025-02-02,Dewas,32.7,92.1,9.4,1002.3,2046.1,535,11.2,13.6,2.4,0
2025-02-03,Dewas,35.6,82.1,13.8,1006.0,1931.4,535,40.0,40.1,0.1,0
2025-02-04,Dewas,22.6,65.9,6.9,1005.3,1403.0,535,71.9,77.8,5.8,0
2025-02-05,Dewas,29.6,73.1,19.9,1004.5,1679.8,535,0.0,1.5,1.5,0
2025-02-06,Dewas,29.0,75.5,14.7,1010.2,1631.1,535,0.0,0.0,0.0,0
2025-02-07,Dewas,22.9,54.9,16.3,999.8,1321.3,535,0.0,0.0,0.0,0
2025-02-08,Dewas,31.7,41.3,13.0,1002.3,1311.3,535,0.0,0.0,0.0,0
2025-02-09,Dewas,30.6,81.3,7.8,1007.7,1779.9,535,0.0,0.0,0.0,0
2025-02-10,Dewas,26.3,68.3,4.8,998.8,1601.7,535,0.0,0.0,0.0,0
2025-02-11,Dewas,30.8,58.9,9.6,1011.5,1427.0,535,14.4,15.2,0.8,0
2025-02-12,Dewas,29.4,60.0,13.0,1007.6,1455.6,535,6.9,2.2,-4.7,0
2025-02-13,Dewas,30.3,85.8,10.6,997.7,1956.7,535,0.0,0.0,0.0,0
2025-02-14,Dewas,31.8,88.5,3.0,1007.2,1916.0,535,0.0,0.0,0.0,0
2025-02-15,Dewas,32.0,80.4,2.0,1004.7,1837.4,535,0.0,0.0,0.0,0
2025-02-16,Dewas,36.2,84.9,15.8,1009.8,1940.2,535,0.0,0.0,0.0,0
2025-02-17,Dewas,26.3,80.7,23.9,1011.3,1625.6,535,20.9,20.1,-0.8,0
2025-02-18,Dewas,26.4,73.6,10.5,1004.8,1607.5,535,0.0,0.0,0.0,0
2025-02-19,Dewas,37.4,64.0,10.4,1013.4,1632.7,535,0.0,0.3,0.3,0
2025-02-20,Dewas,28.8,80.8,13.6,1013.2,1665.1,535,37.5,41.9,4.5,0
2025-02-21,Dewas,30.7,79.9,12.3,1008.0,1760.2,535,0.0,0.0,0.0,0
2025-02-22,Dewas,28.0,75.7,18.6,1008.1,1635.3,535,0.0,0.0,0.0,0
2025-02-23,Dewas,29.6,51.0,6.2,1012.5,1275.4,535,51.0,40.3,-10.7,0
2025-02-24,Dewas,34.6,71.6,2.0,1010.2,1711.4,535,31.9,31.6,-0.3,0
2025-02-25,Dewas,30.3,67.6,7.1,1012.8,1520.4,535,3.0,0.0,-3.0,0
2025-02-26,Dewas,27.1,84.7,13.7,998.3,1857.1,535,0.0,0.0,0.0,0
2025-02-27,Dewas,29.4,55.9,17.0,1016.4,1290.4,535,56.1,55.9,-0.2,0
2025-02-28,Dewas,28.3,80.2,21.7,1005.4,1737.6,535,0.0,6.8,6.8,0
2025-03-01,Dewas,30.0,67.3,18.0,1010.6,1535.1,535,0.8,0.0,-0.8,0
2025-03-02,Dewas,26.8,74.3,10.6,1011.1,1551.1,535,69.5,72.5,2.9,0
2025-03-03,Dewas,29.3,64.4,12.2,1006.7,1524.2,535,30.9,29.5,-1.4,0
2025-03-04,Dewas,28.8,85.2,13.6,1001.6,1865.1,535,25.6,33.6,8.0,0
2025-03-05,Dewas,31.4,45.9,18.6,1008.3,1297.3,535,71.8,76.6,4.8,0
2025-03-06,Dewas,31.9,97.2,8.7,1005.4,2061.9,535,2.0,0.0,-2.0,0
2025-03-07,Dewas,25.1,63.4,11.0,1008.5,1389.1,535,13.0,14.7,1.6,0
2025-03-08,Dewas,33.8,79.3,23.4,1003.1,1884.8,535,33.3,45.8,12.4,0
2025-03-09,Dewas,26.6,76.9,4.4,1008.1,1618.1,535,8.1,13.1,4.9,0
2025-03-10,Dewas,30.3,67.7,8.6,1012.1,1531.9,535,0.0,8.5,8.5,0
2025-03-11,Dewas,24.2,87.6,24.4,1009.3,1695.0,535,0.0,0.0,0.0,0
2025-03-12,Dewas,29.1,77.4,15.8,1008.3,1682.8,535,34.5,42.5,7.9,0
2025-03-13,Dewas,31.6,73.5,12.4,1007.7,1694.9,535,9.9,6.4,-3.4,0
2025-03-14,Dewas,25.6,69.1,5.7,1005.7,1513.8,535,0.0,0.0,0.0,0
2025-03-15,Dewas,23.0,66.2,6.2,1011.1,1345.4,535,25.6,25.2,-0.4,0
2025-03-16,Dewas,32.7,71.4,12.8,1000.4,1780.9,535,0.0,0.0,0.0,0
2025-03-17,Dewas,24.6,49.3,13.6,1010.8,1151.0,535,0.0,0.0,0.0,0
2025-03-18,Dewas,28.7,75.5,12.5,1004.3,1694.1,535,0.0,0.0,0.0,0
2025-03-19,Dewas,32.0,81.3,5.6,1010.1,1783.8,535,2.9,0.0,-2.9,0
2025-03-20,Dewas,27.3,71.3,14.0,1005.2,1591.3,535,15.8,23.6,7.8,0
2025-03-21,Dewas,32.8,71.9,11.1,1019.7,1556.7,535,0.0,2.6,2.6,0
2025-03-22,Dewas,28.8,72.4,4.6,1005.9,1633.8,535,39.0,29.5,-9.5,0
2025-03-23,Dewas,34.3,87.1,9.8,1011.6,1902.2,535,14.9,13.6,-1.3,0
2025-03-24,Dewas,29.0,51.6,11.6,1007.6,1327.8,535,46.4,47.3,0.9,0
2025-03-25,Dewas,33.7,75.4,7.5,1013.8,1698.8,535,13.8,17.7,4.0,0
2025-03-26,Dewas,26.3,67.7,12.0,1007.0,1493.1,535,36.3,43.6,7.3,0
2025-03-27,Dewas,30.0,86.7,14.4,1008.1,1837.4,535,1.7,4.7,2.9,0
2025-03-28,Dewas,29.9,68.0,18.6,1001.7,1647.3,535,6.6,11.2,4.6,0
2025-03-29,Dewas,29.8,77.0,13.1,1000.4,1789.1,535,0.0,0.0,0.0,0
2025-03-30,Dewas,27.9,77.9,19.5,1006.7,1680.7,535,0.0,0.0,0.0,0
2025-03-31,Dewas,30.7,83.3,5.7,1006.3,1827.0,535,0.0,0.0,0.0,0
2025-04-01,Dewas,33.7,85.3,4.9,1014.3,1832.2,535,0.0,0.0,0.0,0
2025-04-02,Dewas,39.2,68.8,22.1,1001.7,1884.9,535,1.9,0.0,-1.9,0
2025-04-03,Dewas,28.4,70.9,10.2,1007.5,1585.2,535,1.1,0.0,-1.1,0
2025-04-04,Dewas,34.1,88.7,17.7,1010.6,1931.5,535,0.0,0.0,0.0,0
2025-04-05,Dewas,29.4,76.3,6.2,1005.4,1708.3,535,26.0,31.1,5.1,0
2025-04-06,Dewas,23.2,65.4,22.4,1010.1,1352.2,535,0.0,0.0,0.0,0
2025-04-07,Dewas,25.3,81.3,15.4,1008.4,1646.2,535,14.9,13.0,-1.9,0
2025-04-08,Dewas,27.3,61.9,12.5,1002.6,1490.9,535,32.9,32.5,-0.4,0
2025-04-09,Dewas,27.5,70.9,3.1,1008.4,1551.7,535,34.4,45.1,10.7,0
2025-04-10,Dewas,34.7,83.3,12.4,1008.1,1901.4,535,0.0,0.0,0.0,0
2025-04-11,Dewas,25.3,71.9,12.0,1019.4,1381.3,535,0.0,0.0,0.0,0
2025-04-12,Dewas,25.1,76.0,17.8,1002.4,1636.9,535,5.5,14.8,9.4,0
2025-04-13,Dewas,28.6,75.7,2.0,1007.7,1653.6,535,0.0,0.0,0.0,0
2025-04-14,Dewas,23.1,71.1,18.3,1011.2,1415.8,535,0.0,0.0,0.0,0
2025-04-15,Dewas,24.3,59.4,18.6,1002.1,1390.1,535,18.3,14.3,-4.0,0
2025-04-16,Dewas,30.6,74.8,2.0,1006.7,1703.1,535,20.6,25.8,5.2,0
2025-04-17,Dewas,28.6,82.6,7.9,1000.9,1831.8,535,4.4,0.0,-4.4,0
2025-04-18,Dewas,26.4,60.9,14.4,1009.8,1368.2,535,42.9,47.9,5.0,0
2025-04-19,Dewas,27.3,98.0,17.4,1008.8,1921.3,535,23.2,25.2,2.0,0
2025-04-20,Dewas,30.4,80.0,7.6,999.8,1852.7,535,7.4,0.0,-7.4,0
2025-04-21,Dewas,25.8,78.9,5.3,1010.2,1601.7,535,2.7,0.0,-2.7,0
2025-04-22,Dewas,27.5,76.3,4.3,1004.9,1669.3,535,0.0,0.0,0.0,0
2025-04-23,Dewas,28.3,47.4,6.9,1001.7,1322.6,535,48.6,53.6,5.0,0
2025-04-24,Dewas,28.7,70.6,9.8,1007.6,1586.9,535,0.0,0.0,0.0,0
2025-04-25,Dewas,32.0,68.4,16.6,1010.0,1605.1,535,11.3,10.6,-0.7,0
2025-04-26,Dewas,33.0,65.3,10.1,1007.2,1620.2,535,7.7,12.4,4.7,0
2025-04-27,Dewas,29.6,77.4,15.0,1010.0,1675.8,535,0.0,0.0,0.0,0
2025-04-28,Dewas,27.6,76.2,13.8,1009.9,1611.0,535,0.0,0.0,0.0,0
2025-04-29,Dewas,34.2,77.3,15.3,1005.0,1844.9,535,54.4,56.0,1.5,0
2025-04-30,Dewas,25.7,68.2,5.3,1011.8,1430.4,535,9.8,18.9,9.1,0
2025-05-01,Dewas,28.4,81.2,4.9,1007.0,1733.4,535,6.0,7.2,1.2,0
2025-05-02,Dewas,22.8,65.8,22.8,1010.1,1347.7,535,0.0,0.0,0.0,0
2025-05-03,Dewas,27.2,76.7,23.8,1009.7,1611.7,535,0.0,0.0,0.0,0
2025-05-04,Dewas,29.3,67.7,7.5,1016.8,1450.1,535,0.0,0.0,0.0,0
2025-05-05,Dewas,35.0,63.4,16.0,1002.1,1702.2,535,0.0,0.0,0.0,0
2025-05-06,Dewas,32.6,66.7,18.5,1007.3,1629.2,535,18.5,34.4,16.0,0
2025-05-07,Dewas,24.4,98.0,11.2,1009.1,1847.0,535,4.4,0.0,-4.4,0
2025-05-08,Dewas,28.2,87.2,13.1,1005.4,1834.2,535,0.0,2.2,2.2,0
2025-05-09,Dewas,29.4,83.3,2.5,1003.7,1826.8,535,0.0,7.3,7.3,0
2025-05-10,Dewas,28.2,67.9,17.2,1013.3,1467.6,535,0.0,0.0,0.0,0
2025-05-11,Dewas,29.2,77.9,16.9,1016.8,1590.1,535,47.5,49.0,1.6,0
2025-05-12,Dewas,27.4,90.3,13.0,1011.2,1787.5,535,0.0,0.0,0.0,0
2025-05-13,Dewas,32.1,65.5,12.2,1003.5,1644.3,535,0.0,0.0,0.0,0
2025-05-14,Dewas,24.1,48.6,19.5,1000.7,1251.6,535,75.5,76.6,1.1,0
2025-05-15,Dewas,29.7,74.9,27.1,1016.9,1559.2,535,3.9,9.4,5.5,0
2025-05-16,Dewas,29.9,63.1,14.7,1006.5,1524.2,535,7.7,8.8,1.1,0
2025-05-17,Dewas,27.3,64.9,16.7,1007.3,1476.2,535,5.7,15.3,9.6,0
2025-05-18,Dewas,22.6,72.5,3.5,1006.1,1482.8,535,0.0,0.0,0.0,0
2025-05-19,Dewas,35.3,62.0,9.5,1000.7,1705.9,535,56.0,54.9,-1.1,0
2025-05-20,Dewas,28.6,94.1,11.6,1007.1,1919.9,535,1.7,0.0,-1.7,0
2025-05-21,Dewas,29.9,67.7,16.9,1005.6,1599.0,535,12.5,15.1,2.6,0
2025-05-22,Dewas,20.9,89.1,19.5,1010.3,1625.0,535,0.0,0.0,0.0,0
2025-05-23,Dewas,35.4,85.2,2.0,1015.9,1852.7,535,11.2,20.4,9.2,0
2025-05-24,Dewas,35.5,84.5,20.1,1018.0,1820.5,535,0.0,0.0,0.0,0
2025-05-25,Dewas,37.2,90.4,11.6,1009.2,2047.4,535,0.7,0.0,-0.7,0
2025-05-26,Dewas,32.8,93.0,17.5,1013.3,1929.9,535,0.0,0.0,0.0,0
2025-05-27,Dewas,32.0,70.3,11.1,1008.8,1645.9,535,0.0,0.0,0.0,0
2025-05-28,Dewas,28.3,74.7,14.6,1012.3,1576.3,535,7.9,9.5,1.6,0
2025-05-29,Dewas,30.2,88.7,8.6,1010.6,1838.4,535,95.5,103.1,7.7,0
2025-05-30,Dewas,27.7,67.1,11.9,1004.8,1546.3,535,0.0,2.2,2.2,0
2025-05-31,Dewas,29.6,76.6,9.2,1006.3,1708.0,535,28.1,31.1,3.0,0
2025-06-01,Dewas,36.0,62.1,11.6,1000.1,1731.2,535,35.0,39.8,4.9,0
2025-06-02,Dewas,26.1,70.7,9.8,1009.4,1502.7,535,0.0,0.0,0.0,0
2025-06-03,Dewas,25.0,66.0,18.2,1007.6,1431.7,535,7.5,6.3,-1.2,0
2025-06-04,Dewas,28.2,80.1,8.2,1002.4,1770.1,535,1.1,0.0,-1.1,0
2025-06-05,Dewas,32.1,69.4,10.8,1014.4,1569.4,535,0.0,0.0,0.0,0
2025-06-06,Dewas,34.1,84.8,6.3,1003.8,1959.3,535,0.0,0.0,0.0,0
2025-06-07,Dewas,25.4,85.9,8.8,1007.3,1725.6,535,3.7,0.0,-3.7,0
2025-06-08,Dewas,27.6,73.7,6.8,1007.9,1598.9,535,31.1,35.5,4.5,0
2025-06-09,Dewas,25.4,80.8,16.0,1009.3,1628.3,535,8.9,13.0,4.1,0
2025-06-10,Dewas,34.9,78.0,6.2,1003.5,1886.6,535,0.0,0.0,0.0,0
2025-06-11,Dewas,30.8,84.4,18.5,1003.8,1876.1,535,37.1,35.9,-1.2,0
2025-06-12,Dewas,30.3,79.7,11.8,1010.6,1715.0,535,8.0,3.4,-4.6,0
2025-06-13,Dewas,27.6,65.9,9.8,1003.4,1544.1,535,7.0,7.3,0.3,0
2025-06-14,Dewas,29.7,53.5,7.0,1009.7,1346.4,535,0.0,0.0,0.0,0
2025-06-15,Dewas,24.4,73.3,2.3,996.1,1657.2,535,0.7,0.0,-0.7,0
2025-06-16,Dewas,35.7,57.7,22.2,1006.7,1583.3,535,6.0,0.0,-6.0,0
2025-06-17,Dewas,30.3,70.9,4.9,1010.0,1601.2,535,19.6,18.9,-0.7,0
2025-06-18,Dewas,30.9,74.5,10.3,1005.4,1719.8,535,0.0,1.9,1.9,0
2025-06-19,Dewas,33.7,53.9,7.2,1002.7,1531.3,535,34.7,32.2,-2.5,0
2025-06-20,Dewas,33.7,81.3,16.1,1000.9,1935.8,535,30.0,38.1,8.2,0
2025-06-21,Dewas,25.2,71.1,17.7,1008.1,1502.2,535,0.8,0.0,-0.8,0
2025-06-22,Dewas,31.2,75.6,2.0,1001.7,1787.7,535,0.0,2.7,2.7,0
2025-06-23,Dewas,29.4,81.6,5.8,1011.1,1715.8,535,0.0,0.0,0.0,0
2025-06-24,Dewas,30.3,82.9,16.8,1016.2,1695.1,535,0.0,0.0,0.0,0
2025-06-25,Dewas,27.9,87.1,14.3,996.3,1934.1,535,0.0,0.9,0.9,0
2025-06-26,Dewas,28.6,80.4,17.7,1009.0,1704.4,535,28.2,34.3,6.1,0
2025-06-27,Dewas,32.8,72.8,16.7,1005.0,1746.9,535,4.2,5.1,0.9,0
2025-06-28,Dewas,31.1,88.2,16.7,1006.6,1902.5,535,0.0,0.0,0.0,0
2025-06-29,Dewas,30.7,80.7,6.1,1006.0,1795.2,535,0.0,4.1,4.1,0
2025-06-30,Dewas,28.3,70.8,8.0,1004.3,1618.7,535,0.0,2.0,2.0,0
2025-07-01,Dewas,21.3,68.5,13.4,1016.5,1273.4,535,2.7,0.0,-2.7,0
2025-07-02,Dewas,31.9,54.5,16.6,1012.6,1378.4,535,63.1,66.7,3.6,0
2025-07-03,Dewas,35.6,76.6,3.5,1009.8,1808.7,535,1.2,5.4,4.2,0
2025-07-04,Dewas,24.2,85.9,6.7,1003.1,1745.4,535,8.1,11.9,3.8,0
2025-07-05,Dewas,27.4,67.9,5.2,1006.9,1526.1,535,8.9,17.2,8.4,0
2025-07-06,Dewas,35.1,66.9,10.9,1018.9,1553.2,535,51.8,62.0,10.2,0
2025-07-07,Dewas,24.1,78.6,12.0,1012.1,1535.0,535,0.7,0.0,-0.7,0
2025-07-08,Dewas,31.1,69.9,6.8,1001.5,1707.6,535,5.9,0.0,-5.9,0
2025-07-09,Dewas,33.5,89.3,10.0,1006.5,1976.0,535,31.3,36.6,5.3,0
2025-07-10,Dewas,27.6,54.6,5.3,1008.4,1325.1,535,0.0,0.0,0.0,0
2025-07-11,Dewas,26.4,66.9,10.6,1015.8,1380.4,535,8.5,6.3,-2.2,0
2025-07-12,Dewas,29.9,88.5,9.9,1014.1,1787.8,535,33.7,36.8,3.1,0
2025-07-13,Dewas,31.9,93.5,11.0,1013.2,1914.6,535,0.1,0.0,-0.1,0
2025-07-14,Dewas,25.4,76.2,15.4,1007.0,1593.4,535,0.0,0.0,0.0,0
2025-07-15,Dewas,36.1,69.7,7.4,1001.4,1825.3,535,85.2,89.5,4.3,0
2025-07-16,Dewas,27.9,67.4,21.8,1006.5,1535.0,535,0.0,0.0,0.0,0
2025-07-17,Dewas,28.7,72.6,14.9,1010.2,1581.8,535,29.1,31.8,2.6,0
2025-07-18,Dewas,31.4,74.7,15.9,1009.6,1685.0,535,35.3,33.2,-2.1,0
2025-07-19,Dewas,26.2,65.6,17.9,1000.1,1545.5,535,0.0,2.9,2.9,0
2025-07-20,Dewas,31.3,88.0,13.1,1001.3,1966.4,535,2.7,0.0,-2.7,0
2025-07-21,Dewas,25.3,74.7,11.0,1015.3,1469.6,535,3.4,0.0,-3.4,0
2025-07-22,Dewas,34.1,84.8,7.8,1009.7,1889.9,535,5.6,8.2,2.6,0
2025-07-23,Dewas,28.6,59.3,2.0,1002.8,1482.3,535,0.0,0.0,0.0,0
2025-07-24,Dewas,30.6,69.3,2.0,1012.3,1555.9,535,10.6,19.3,8.7,0
2025-07-25,Dewas,19.2,91.0,19.2,1004.3,1682.0,535,0.0,0.0,0.0,0
2025-07-26,Dewas,33.1,78.0,4.9,1006.4,1810.8,535,40.4,44.7,4.3,0
2025-07-27,Dewas,33.3,69.7,13.1,991.1,1880.2,535,0.0,0.0,0.0,0
2025-07-28,Dewas,29.6,75.6,19.3,1004.7,1711.9,535,0.0,0.0,0.0,0
2025-07-29,Dewas,31.9,83.9,2.0,1007.2,1854.4,535,0.0,0.0,0.0,0
2025-07-30,Dewas,32.7,69.5,16.7,998.2,1778.1,535,0.0,0.0,0.0,0
2025-07-31,Dewas,29.9,84.9,3.3,1004.7,1848.7,535,39.6,42.0,2.4,0
2025-08-01,Dewas,31.6,66.9,14.9,1016.4,1498.1,535,48.4,54.8,6.4,0
2025-08-02,Dewas,32.0,80.1,18.7,1013.5,1727.3,535,0.0,0.6,0.6,0
2025-08-03,Dewas,32.2,69.4,6.5,1006.7,1665.7,535,0.0,0.0,0.0,0
2025-08-04,Dewas,27.7,96.8,11.3,1007.8,1926.8,535,14.0,18.4,4.4,0
2025-08-05,Dewas,34.5,98.0,6.3,1011.3,2064.5,535,62.6,66.0,3.4,0
2025-08-06,Dewas,23.8,79.6,9.1,1015.7,1497.2,535,0.0,0.0,0.0,0
2025-08-07,Dewas,34.5,73.0,13.3,1007.5,1761.4,535,0.0,0.0,0.0,0
2025-08-08,Dewas,27.2,72.7,19.7,1010.7,1542.8,535,0.0,0.0,0.0,0
2025-08-09,Dewas,28.9,81.4,2.0,1008.0,1738.3,535,2.7,0.0,-2.7,0
2025-08-10,Dewas,28.2,67.3,8.8,1015.2,1435.6,535,53.2,55.9,2.7,0
2025-08-11,Dewas,35.0,86.3,8.5,1017.8,1832.7,535,0.0,1.8,1.8,0
2025-08-12,Dewas,31.7,83.6,7.5,1011.6,1792.0,535,0.0,0.0,0.0,0
2025-08-13,Dewas,36.6,74.1,14.6,1003.1,1879.4,535,0.0,0.0,0.0,0
2025-08-14,Dewas,25.3,62.8,14.4,1005.4,1422.6,535,0.0,0.0,0.0,0
2025-08-15,Dewas,28.2,57.6,7.3,1017.7,1269.6,535,22.9,31.8,8.9,0
2025-08-16,Dewas,36.4,52.7,4.6,1004.0,1564.7,535,0.0,0.0,0.0,0
2025-08-17,Dewas,27.2,61.3,12.5,1010.5,1385.7,535,18.5,11.6,-6.8,0
2025-08-18,Dewas,28.3,70.1,10.3,1001.6,1643.2,535,0.0,0.0,0.0,0
2025-08-19,Dewas,29.6,61.1,6.9,1001.5,1547.7,535,0.0,0.0,0.0,0
2025-08-20,Dewas,29.8,83.5,9.8,1011.1,1752.4,535,0.0,2.0,2.0,0
2025-08-21,Dewas,31.0,73.8,14.5,1009.5,1661.0,535,28.7,35.7,7.0,0
2025-08-22,Dewas,30.2,78.1,13.9,1002.0,1793.5,535,0.0,0.0,0.0,0
2025-08-23,Dewas,30.5,82.1,7.2,1005.7,1812.2,535,39.7,45.3,5.5,0
2025-08-24,Dewas,33.9,56.9,6.2,1009.1,1499.3,535,19.3,18.7,-0.6,0
2025-08-25,Dewas,29.7,67.8,9.1,1008.2,1565.0,535,0.0,0.0,0.0,0
2025-08-26,Dewas,31.6,95.2,2.0,1010.3,1967.4,535,0.0,0.0,0.0,0
2025-08-27,Dewas,35.4,90.4,16.4,1015.1,1935.3,535,2.2,5.5,3.3,0
2025-08-28,Dewas,32.2,65.8,13.8,1014.6,1518.6,535,1.0,1.0,0.1,0
2025-08-29,Dewas,27.0,75.2,10.6,1011.2,1565.1,535,18.0,14.6,-3.4,0
2025-08-30,Dewas,34.4,64.8,2.0,1009.2,1622.5,535,0.0,0.0,0.0,0
2025-08-31,Dewas,33.1,71.3,30.6,1006.8,1710.8,535,52.0,54.4,2.5,0
2025-09-01,Dewas,25.5,73.0,13.8,1002.1,1610.2,535,0.0,0.0,0.0,0
2025-09-02,Dewas,33.0,83.1,15.6,1006.6,1875.5,535,0.4,6.0,5.6,0
2025-09-03,Dewas,21.6,64.0,7.9,1008.6,1312.1,535,1.0,0.0,-1.0,0
2025-09-04,Dewas,27.5,72.2,9.1,1007.5,1579.7,535,0.0,5.9,5.9,0
2025-09-05,Dewas,28.7,64.3,16.3,1008.9,1480.6,535,0.0,0.0,0.0,0
2025-09-06,Dewas,28.9,92.4,8.1,997.9,2012.2,535,55.0,58.1,3.2,0
2025-09-07,Dewas,27.8,73.6,8.9,1006.5,1618.4,535,17.7,24.9,7.2,0
2025-09-08,Dewas,29.2,69.9,5.1,1006.1,1605.3,535,13.3,15.9,2.6,0
2025-09-09,Dewas,32.0,70.8,14.1,997.1,1793.0,535,0.0,0.0,0.0,0
2025-09-10,Dewas,33.8,68.5,20.0,994.6,1834.1,535,0.0,1.5,1.5,0
2025-09-11,Dewas,29.8,78.1,5.6,1010.6,1679.7,535,0.0,0.0,0.0,0
2025-09-12,Dewas,33.4,53.9,8.5,1003.7,1511.0,535,0.0,0.0,0.0,0
2025-09-13,Dewas,22.4,89.9,23.9,1001.4,1779.5,535,0.0,0.0,0.0,0
2025-09-14,Dewas,32.1,79.3,8.5,1000.5,1873.5,535,17.7,19.1,1.4,0
2025-09-15,Dewas,30.4,71.1,12.7,1014.4,1551.5,535,1.7,4.0,2.4,0
2025-09-16,Dewas,28.4,91.1,19.0,1008.5,1853.8,535,2.7,0.0,-2.7,0
2025-09-17,Dewas,30.2,72.8,2.9,1007.8,1652.3,535,0.0,0.0,0.0,0
2025-09-18,Dewas,27.8,88.5,7.1,1008.9,1799.4,535,127.1,131.3,4.1,0
2025-09-19,Dewas,34.5,89.2,11.7,1005.6,2009.7,535,0.3,0.0,-0.3,0
2025-09-20,Dewas,33.2,64.8,14.4,1010.6,1576.1,535,19.1,18.0,-1.0,0
2025-09-21,Dewas,35.4,79.7,17.5,1009.7,1848.0,535,0.0,7.3,7.3,0
2025-09-22,Dewas,34.6,67.3,18.0,1007.9,1676.9,535,0.0,0.0,0.0,0
2025-09-23,Dewas,29.0,89.8,2.0,1001.9,1930.7,535,4.8,3.2,-1.6,0
2025-09-24,Dewas,31.0,78.7,15.6,1003.2,1807.6,535,5.3,5.1,-0.2,0
2025-09-25,Dewas,24.5,85.7,20.4,1015.8,1597.8,535,20.1,24.0,3.9,0
2025-09-26,Dewas,27.8,87.3,13.7,1012.6,1737.9,535,15.6,19.8,4.1,0
2025-09-27,Dewas,24.8,91.4,6.3,1014.3,1704.1,535,26.3,28.8,2.5,0
2025-09-28,Dewas,31.5,80.1,14.5,997.9,1902.4,535,2.8,0.0,-2.8,0
2025-09-29,Dewas,30.4,98.0,16.3,1007.8,2008.5,535,12.2,2.9,-9.3,0
2025-09-30,Dewas,28.1,79.7,8.9,1015.1,1609.1,535,14.6,18.6,4.0,0
2025-10-01,Dewas,29.0,68.3,5.9,1013.5,1491.8,535,0.0,0.0,0.0,0
2025-10-02,Dewas,31.9,87.0,8.4,1003.3,1945.2,535,3.2,0.0,-3.2,0
2025-10-03,Dewas,28.3,74.3,10.3,1012.1,1573.5,535,15.9,19.6,3.7,0
2025-10-04,Dewas,23.9,71.4,11.2,1004.9,1515.3,535,6.3,0.0,-6.3,0
2025-10-05,Dewas,31.7,60.7,12.6,1005.3,1547.6,535,4.9,2.5,-2.4,0
2025-10-06,Dewas,25.5,65.0,16.0,1021.0,1270.4,535,62.0,67.4,5.4,0
2025-10-07,Dewas,26.8,69.6,12.2,1006.3,1542.2,535,15.0,22.5,7.5,0
2025-10-08,Dewas,28.9,89.9,11.0,1003.1,1914.5,535,20.7,20.0,-0.7,0
2025-10-09,Dewas,27.8,98.0,22.8,1015.5,1853.7,535,22.2,23.5,1.3,0
2025-10-10,Dewas,33.4,76.2,11.7,1006.7,1787.4,535,6.1,10.9,4.8,0
2025-10-11,Dewas,29.9,92.1,2.0,1010.5,1880.4,535,0.0,0.0,0.0,0
2025-10-12,Dewas,29.9,69.6,3.3,1018.5,1471.1,535,35.0,33.7,-1.3,0
2025-10-13,Dewas,30.3,73.0,16.7,1014.8,1571.4,535,10.1,5.9,-4.2,0
2025-10-14,Dewas,28.2,83.8,9.8,1001.8,1829.2,535,89.9,84.1,-5.8,0
2025-10-15,Dewas,31.7,80.1,17.8,1009.6,1766.4,535,15.8,0.0,-15.8,0
2025-10-16,Dewas,25.4,98.0,2.0,1004.0,1932.7,535,7.4,0.0,-7.4,0
2025-10-17,Dewas,31.0,65.2,2.9,1008.1,1559.2,535,27.4,24.9,-2.5,0
2025-10-18,Dewas,29.2,90.5,20.3,1008.4,1868.0,535,0.0,0.0,0.0,0
2025-10-19,Dewas,36.2,91.8,9.2,1005.5,2087.5,535,2.1,0.0,-2.1,0
2025-10-20,Dewas,25.6,66.2,20.1,1009.8,1423.9,535,8.2,11.3,3.1,0
2025-10-21,Dewas,30.5,87.7,9.9,1012.6,1808.2,535,0.0,0.0,0.0,0
2025-10-22,Dewas,33.9,72.8,24.0,1008.2,1735.4,535,40.3,46.2,5.9,0
2025-10-23,Dewas,24.2,78.5,7.6,1003.8,1632.7,535,0.0,0.0,0.0,0
2025-10-24,Dewas,25.4,69.9,2.0,1001.4,1571.4,535,35.6,37.2,1.6,0
2025-10-25,Dewas,30.2,76.4,14.8,1009.8,1677.7,535,17.3,13.6,-3.7,0
2025-10-26,Dewas,29.5,85.5,13.4,1010.7,1776.3,535,0.0,2.4,2.4,0
2025-10-27,Dewas,27.4,61.2,10.6,1011.3,1377.2,535,16.6,15.1,-1.5,0
2025-10-28,Dewas,28.2,74.1,11.4,1007.1,1628.9,535,38.5,33.6,-4.9,0
2025-10-29,Dewas,35.3,77.3,9.8,1014.7,1753.6,535,34.4,33.5,-0.9,0
2025-10-30,Dewas,33.5,98.0,13.1,1007.5,2086.3,535,5.6,3.4,-2.2,0
2025-10-31,Dewas,29.3,98.0,12.7,1005.2,2013.5,535,35.2,37.1,2.0,0
2025-11-01,Dewas,28.6,86.6,11.5,1016.0,1705.0,535,0.0,0.0,0.0,0
2025-11-02,Dewas,27.1,73.0,8.3,998.8,1686.0,535,3.3,4.1,0.8,0
2025-11-03,Dewas,27.7,87.3,21.6,1011.4,1750.9,535,49.9,45.2,-4.8,0
2025-11-04,Dewas,35.3,92.9,12.1,1014.6,1971.8,535,0.0,0.0,0.0,0
2025-11-05,Dewas,26.8,53.1,3.2,1007.8,1292.5,535,0.0,0.0,0.0,0
2025-11-06,Dewas,28.0,56.9,13.3,1013.4,1309.5,535,0.0,0.0,0.0,0
2025-11-07,Dewas,34.7,66.3,20.5,1006.9,1677.8,535,32.0,27.5,-4.4,0
2025-11-08,Dewas,31.6,91.1,8.6,1002.7,2001.3,535,0.0,0.0,0.0,0
2025-11-09,Dewas,26.1,83.9,22.1,1008.0,1704.3,535,1.9,2.2,0.2,0
2025-11-10,Dewas,27.8,79.2,2.4,1000.8,1767.6,535,0.0,0.0,0.0,0
2025-11-11,Dewas,33.8,72.9,12.2,1014.0,1664.6,535,7.9,5.4,-2.6,0
2025-11-12,Dewas,33.2,70.5,13.2,1006.2,1709.8,535,10.2,16.7,6.5,0
2025-11-13,Dewas,35.0,58.3,13.1,1011.7,1516.0,535,3.6,12.1,8.5,0
2025-11-14,Dewas,29.7,85.8,2.0,1014.8,1736.4,535,0.0,3.9,3.9,0
2025-11-15,Dewas,22.9,64.8,18.6,1007.9,1362.3,535,0.0,2.2,2.2,0
2025-11-16,Dewas,33.5,66.6,14.5,1002.3,1707.6,535,0.0,0.0,0.0,0
2025-11-17,Dewas,29.3,70.3,13.8,1004.9,1629.8,535,2.0,0.0,-2.0,0
2025-11-18,Dewas,31.2,80.7,4.0,1005.0,1816.6,535,0.0,0.0,0.0,0
2025-11-19,Dewas,29.4,65.4,9.8,1018.2,1402.9,535,0.0,0.0,0.0,0
2025-11-20,Dewas,28.3,77.2,5.8,1002.1,1734.5,535,15.6,15.3,-0.4,0
2025-11-21,Dewas,35.4,54.0,2.0,1007.6,1515.1,535,24.8,27.7,2.8,0
2025-11-22,Dewas,28.4,86.9,13.1,1016.7,1698.7,535,5.4,0.0,-5.4,0
2025-11-23,Dewas,32.7,84.1,15.4,1005.5,1896.1,535,52.5,56.2,3.7,0
2025-11-24,Dewas,27.9,68.0,12.4,1020.2,1378.8,535,0.0,0.0,0.0,0
2025-11-25,Dewas,32.9,57.8,18.9,1007.5,1509.7,535,0.0,0.0,0.0,0
2025-11-26,Dewas,30.9,83.5,8.6,1004.8,1853.4,535,176.8,188.1,11.3,0
2025-11-27,Dewas,33.4,83.5,16.7,1010.3,1848.0,535,0.0,5.9,5.9,0
2025-11-28,Dewas,30.2,80.9,3.3,1003.9,1810.2,535,3.0,0.0,-3.0,0
2025-11-29,Dewas,21.1,91.6,2.0,1007.7,1696.5,535,0.0,0.0,0.0,0
2025-11-30,Dewas,31.4,64.0,18.4,1008.1,1552.3,535,0.0,0.0,0.0,0
2025-12-01,Dewas,30.7,51.9,15.1,1004.9,1404.9,535,1.2,0.3,-1.0,0
2025-12-02,Dewas,36.3,56.1,12.3,1009.9,1537.7,535,0.0,0.0,0.0,0
2025-12-03,Dewas,26.6,64.3,8.0,1001.1,1524.9,535,57.0,61.0,4.0,0
2025-12-04,Dewas,25.1,78.3,25.4,1001.4,1681.2,535,11.2,12.8,1.6,0
2025-12-05,Dewas,32.2,82.6,12.5,1012.4,1781.7,535,0.0,1.5,1.5,0
2025-12-06,Dewas,36.0,67.7,3.3,1006.0,1740.4,535,57.5,55.8,-1.7,0
2025-12-07,Dewas,31.6,59.8,11.6,1012.2,1449.2,535,8.0,0.0,-8.0,0
2025-12-08,Dewas,27.4,55.1,24.0,1000.2,1426.4,535,0.0,4.2,4.2,0
2025-12-09,Dewas,31.8,67.8,16.8,1004.8,1654.7,535,0.0,0.0,0.0,0
2025-12-10,Dewas,28.2,81.4,7.6,1011.2,1681.8,535,0.9,5.0,4.1,0
2025-12-11,Dewas,31.9,87.9,17.8,1010.5,1870.9,535,19.7,15.7,-4.0,0
2025-12-12,Dewas,33.3,79.2,5.0,1007.4,1819.7,535,0.0,0.0,0.0,0
2025-12-13,Dewas,24.4,89.2,8.0,1014.8,1655.8,535,16.5,13.1,-3.5,0
2025-12-14,Dewas,34.7,94.1,2.0,1012.3,2003.8,535,23.2,31.5,8.3,0
2025-12-15,Dewas,31.8,84.4,5.4,1014.0,1777.4,535,51.8,57.7,5.8,0
2025-12-16,Dewas,25.6,55.4,11.3,1015.7,1199.7,535,2.9,0.0,-2.9,0
2025-12-17,Dewas,32.4,75.9,14.1,1006.3,1764.0,535,0.0,0.0,0.0,0
2025-12-18,Dewas,27.2,90.6,14.5,1006.8,1841.4,535,21.1,25.8,4.7,0
2025-12-19,Dewas,27.6,73.8,12.8,1011.3,1558.2,535,16.8,18.6,1.9,0
2025-12-20,Dewas,23.9,76.6,9.4,1000.5,1641.0,535,0.5,0.0,-0.5,0
2025-12-21,Dewas,32.8,80.2,19.4,997.9,1935.0,535,0.0,0.0,0.0,0
2025-12-22,Dewas,29.4,71.5,16.3,1010.6,1579.7,535,2.6,12.7,10.1,0
2025-12-23,Dewas,32.5,70.0,11.3,1007.9,1664.6,535,0.0,0.0,0.0,0
2025-12-24,Dewas,25.9,72.3,24.1,1008.6,1531.7,535,30.5,31.9,1.4,0
2025-12-25,Dewas,28.4,80.0,10.0,1011.6,1663.0,535,3.0,0.0,-3.0,0
2025-12-26,Dewas,32.4,71.3,2.1,1005.3,1713.6,535,56.0,63.2,7.3,0
2025-12-27,Dewas,23.3,61.6,12.8,1015.0,1241.7,535,20.3,24.4,4.0,0
2025-12-28,Dewas,29.3,84.1,6.6,1003.1,1842.7,535,2.8,0.0,-2.8,0
2025-12-29,Dewas,31.3,93.2,9.9,1011.5,1918.1,535,33.5,35.0,1.4,0
2025-12-30,Dewas,26.2,47.5,10.4,1013.9,1126.8,535,2.6,0.0,-2.6,0
2025-12-31,Dewas,31.2,75.9,24.1,1013.9,1645.1,535,0.0,0.0,0.0,0
2026-01-01,Dewas,32.5,76.8,12.3,1015.8,1665.3,535,0.0,0.0,0.0,0
2026-01-02,Dewas,30.2,59.3,6.0,1019.4,1321.0,535,6.7,0.0,-6.7,0
2026-01-03,Dewas,28.8,50.2,6.8,1000.4,1389.7,535,12.5,17.4,4.9,0
2026-01-04,Dewas,29.6,57.3,15.1,1017.6,1301.6,535,0.0,0.0,0.0,0
2026-01-05,Dewas,34.0,84.3,8.8,1011.9,1852.0,535,29.4,33.8,4.4,0
2026-01-06,Dewas,31.9,89.9,12.1,1004.1,1975.4,535,0.0,0.0,0.0,0
2026-01-07,Dewas,35.9,58.3,14.9,1015.4,1492.1,535,35.4,42.2,6.8,0
2026-01-08,Dewas,34.5,61.0,3.7,1008.0,1586.7,535,4.0,13.1,9.1,0
2026-01-09,Dewas,28.5,69.6,11.6,1008.3,1558.2,535,0.0,0.0,0.0,0
2026-01-10,Dewas,30.6,79.8,14.7,1011.0,1720.9,535,3.8,0.0,-3.8,0
2026-01-11,Dewas,29.7,85.6,7.7,1009.5,1796.1,535,0.0,2.3,2.3,0
2026-01-12,Dewas,29.5,67.4,25.8,1004.2,1599.9,535,0.0,0.0,0.0,0
2026-01-13,Dewas,34.2,77.4,9.9,1009.2,1793.7,535,0.0,2.3,2.3,0
2026-01-14,Dewas,32.3,77.0,10.5,1005.9,1784.5,535,3.0,8.4,5.4,0
2026-01-15,Dewas,37.3,55.6,22.5,1007.0,1590.0,535,31.7,34.3,2.5,0
2026-01-16,Dewas,34.0,90.5,11.8,1014.9,1904.9,535,0.0,0.0,0.0,0
2026-01-17,Dewas,28.1,55.9,12.9,1005.0,1396.8,535,0.0,0.0,0.0,0
2026-01-18,Dewas,30.3,55.0,6.7,1005.7,1429.4,535,43.7,51.8,8.0,0
2026-01-19,Dewas,30.7,68.3,9.4,1002.2,1666.0,535,24.6,39.6,15.0,0
2026-01-20,Dewas,25.4,68.6,6.1,1008.6,1467.0,535,0.0,0.0,0.0,0
2026-01-21,Dewas,25.4,87.5,21.6,1012.9,1681.0,535,0.0,0.0,0.0,0
2026-01-22,Dewas,27.5,69.3,14.9,1011.3,1494.8,535,0.0,0.0,0.0,0
2026-01-23,Dewas,29.7,89.5,14.4,1003.8,1921.4,535,29.4,28.9,-0.4,0
2026-01-24,Dewas,31.9,96.8,21.8,1010.2,1998.6,535,0.0,0.0,0.0,0
2026-01-25,Dewas,28.8,79.5,2.0,998.5,1821.5,535,46.5,40.9,-5.6,0
2026-01-26,Dewas,29.0,94.7,17.9,1000.0,2022.0,535,51.7,53.8,2.1,0
2026-01-27,Dewas,26.7,79.0,11.8,1003.6,1703.6,535,0.0,0.0,0.0,0
2026-01-28,Dewas,26.9,75.7,15.0,1011.4,1569.5,535,12.5,14.0,1.5,0
2026-01-29,Dewas,32.0,79.9,14.8,1006.1,1813.3,535,0.0,0.0,0.0,0
2026-01-30,Dewas,32.6,65.3,16.8,1003.5,1656.2,535,0.0,0.0,0.0,0
2026-01-31,Dewas,29.8,66.1,3.9,1004.8,1584.7,535,10.5,11.9,1.3,0
2026-02-01,Dewas,33.2,80.8,9.0,1008.2,1830.1,535,0.0,1.4,1.4,0
2026-02-02,Dewas,33.4,80.2,9.0,1011.7,1783.9,535,15.1,9.7,-5.4,0
2026-02-03,Dewas,32.6,82.0,13.8,1007.0,1846.5,535,0.0,0.0,0.0,0
2026-02-04,Dewas,36.9,71.2,9.3,1013.9,1715.6,535,21.0,24.3,3.3,0
2026-02-05,Dewas,23.3,73.5,10.6,1003.2,1551.2,535,0.0,0.0,0.0,0
2026-02-06,Dewas,25.1,67.4,11.4,1014.1,1376.3,535,0.0,0.0,0.0,0
2026-02-07,Dewas,27.6,89.5,8.3,1015.5,1728.3,535,0.0,0.0,0.0,0
2026-02-08,Dewas,29.4,58.1,9.0,1011.8,1377.7,535,5.3,11.8,6.4,0
2026-02-09,Dewas,22.0,75.2,17.2,1003.8,1536.5,535,6.6,0.0,-6.6,0
2026-02-10,Dewas,25.0,79.4,13.4,1006.3,1637.1,535,12.3,25.6,13.3,0
2026-02-11,Dewas,29.8,67.5,8.8,1012.6,1508.8,535,3.1,0.0,-3.1,0
2026-02-12,Dewas,33.0,70.2,8.4,1004.4,1721.7,535,0.0,0.0,0.0,0
2026-02-13,Dewas,31.6,60.5,17.6,1018.7,1381.2,535,0.9,0.0,-0.9,0
2026-02-14,Dewas,29.1,77.7,10.7,1009.2,1677.3,535,0.0,0.0,0.0,0
2026-02-15,Dewas,26.1,84.0,21.7,1002.0,1776.9,535,1.0,0.0,-1.0,0
2026-02-16,Dewas,25.8,77.8,11.3,1007.0,1625.2,535,0.0,0.0,0.0,0
2026-02-17,Dewas,28.6,78.5,8.6,1001.9,1761.1,535,0.6,3.5,2.9,0
2026-02-18,Dewas,26.3,80.1,2.0,997.2,1787.0,535,5.0,0.0,-5.0,0
2026-02-19,Dewas,30.9,70.5,10.3,1010.1,1607.9,535,0.0,0.0,0.0,0
2026-02-20,Dewas,28.0,63.8,20.6,1013.8,1400.2,535,0.0,1.7,1.7,0
2026-02-21,Dewas,31.1,78.7,7.2,1008.7,1742.6,535,0.0,0.0,0.0,0
2026-02-22,Dewas,23.8,71.2,11.2,1003.4,1526.1,535,0.0,3.4,3.4,0
2026-02-23,Dewas,31.0,90.2,11.9,1012.7,1855.8,535,49.1,55.6,6.5,0
2026-02-24,Dewas,30.4,60.9,3.4,1008.5,1480.9,535,36.8,37.1,0.3,0
2023-06-01,Bhopal,30.4,60.1,15.1,1002.9,1535.1,527,0.0,0.0,0.0,0
2023-06-02,Bhopal,32.0,83.3,9.2,1005.9,1863.3,527,0.0,2.2,2.2,0
2023-06-03,Bhopal,31.1,76.7,14.5,1000.0,1822.1,527,0.0,0.0,0.0,0
2023-06-04,Bhopal,33.9,72.1,11.6,1010.4,1698.8,527,46.0,59.5,13.5,0
2023-06-05,Bhopal,31.0,67.7,6.3,1005.2,1629.3,527,8.1,5.7,-2.4,0
2023-06-06,Bhopal,35.7,83.0,12.1,1008.0,1922.3,527,22.0,22.2,0.2,0
2023-06-07,Bhopal,28.5,55.6,16.2,1009.6,1347.9,527,0.0,0.0,0.0,0
2023-06-08,Bhopal,29.2,64.8,6.7,1004.8,1550.1,527,0.0,0.0,0.0,0
2023-06-09,Bhopal,28.7,64.9,10.6,1008.8,1491.9,527,7.6,13.1,5.5,0
2023-06-10,Bhopal,25.4,80.3,15.6,1005.8,1664.4,527,4.5,0.0,-4.5,0
2023-06-11,Bhopal,29.6,84.3,9.6,1007.4,1800.6,527,0.0,0.0,0.0,0
2023-06-12,Bhopal,30.7,60.8,9.4,1010.7,1459.7,527,0.0,0.0,0.0,0
2023-06-13,Bhopal,33.2,55.0,9.4,1004.8,1509.4,527,4.3,6.8,2.5,0
2023-06-14,Bhopal,38.1,70.0,7.3,1003.6,1850.2,527,34.9,35.7,0.7,0
2023-06-15,Bhopal,41.2,59.5,12.5,1004.6,1768.1,527,14.0,21.3,7.3,0
2023-06-16,Bhopal,26.8,82.2,2.0,996.1,1840.4,527,52.1,53.8,1.8,0
2023-06-17,Bhopal,37.7,75.3,11.4,1013.8,1793.1,527,0.0,4.9,4.9,0
2023-06-18,Bhopal,27.6,78.6,25.1,1013.7,1599.3,527,24.6,23.4,-1.2,0
2023-06-19,Bhopal,32.5,72.8,16.1,1008.6,1696.6,527,0.0,0.0,0.0,0
2023-06-20,Bhopal,33.0,78.8,13.5,1005.6,1827.4,527,3.4,6.3,2.9,0
2023-06-21,Bhopal,28.5,73.5,2.0,1010.1,1590.7,527,2.3,0.0,-2.3,0
2023-06-22,Bhopal,25.4,77.5,12.2,1007.9,1598.5,527,0.0,2.9,2.9,0
2023-06-23,Bhopal,35.7,70.9,23.4,1008.2,1750.6,527,4.9,7.3,2.4,0
2023-06-24,Bhopal,34.7,79.0,10.0,1015.6,1750.6,527,11.5,12.0,0.5,0
2023-06-25,Bhopal,32.2,89.4,6.7,1006.8,1943.9,527,0.0,0.9,0.9,0
2023-06-26,Bhopal,34.3,81.8,13.3,1009.1,1858.5,527,38.2,35.4,-2.8,0
2023-06-27,Bhopal,39.0,79.6,15.8,1010.4,1926.9,527,8.2,10.9,2.7,0
2023-06-28,Bhopal,30.3,72.4,11.6,1005.6,1674.3,527,0.0,0.0,0.0,0
2023-06-29,Bhopal,32.8,54.5,11.3,1008.7,1445.7,527,0.0,0.0,0.0,0
2023-06-30,Bhopal,28.4,64.2,7.2,1009.3,1468.5,527,17.0,25.9,9.0,0
2023-07-01,Bhopal,30.8,75.7,21.9,1012.1,1652.3,527,9.3,0.0,-9.3,0
2023-07-02,Bhopal,30.5,88.1,11.4,1006.0,1893.5,527,0.0,0.4,0.4,0
2023-07-03,Bhopal,28.6,87.3,20.5,1007.3,1820.9,527,0.0,0.0,0.0,0
2023-07-04,Bhopal,27.1,65.6,5.0,1001.6,1549.7,527,2.0,0.0,-2.0,0
2023-07-05,Bhopal,32.8,85.3,8.3,1001.3,1964.6,527,17.1,18.8,1.7,0
2023-07-06,Bhopal,34.0,72.5,17.2,1008.8,1726.5,527,0.0,1.5,1.5,0
2023-07-07,Bhopal,30.6,56.6,23.6,1003.3,1487.8,527,6.8,3.0,-3.8,0
2023-07-08,Bhopal,30.3,62.5,11.7,1011.4,1463.3,527,0.0,0.0,0.0,0
2023-07-09,Bhopal,37.9,94.9,16.2,999.6,2244.0,527,0.0,0.0,0.0,0
2023-07-10,Bhopal,30.4,64.8,8.2,1019.4,1402.7,527,4.6,12.3,7.7,0
2023-07-11,Bhopal,35.2,70.6,13.8,1007.9,1737.9,527,0.0,0.0,0.0,0
2023-07-12,Bhopal,31.5,85.3,14.5,1010.9,1820.4,527,26.1,20.7,-5.3,0
2023-07-13,Bhopal,31.5,72.2,11.4,1012.3,1619.7,527,0.0,0.0,0.0,0
2023-07-14,Bhopal,28.1,81.0,10.4,1013.8,1643.7,527,0.0,1.2,1.2,0
2023-07-15,Bhopal,31.6,81.4,12.1,1009.0,1792.0,527,0.0,1.4,1.4,0
2023-07-16,Bhopal,33.3,82.4,16.3,1007.2,1865.3,527,5.7,10.3,4.6,0
2023-07-17,Bhopal,21.3,73.0,18.8,1001.2,1517.4,527,0.0,0.0,0.0,0
2023-07-18,Bhopal,32.1,57.2,5.3,1004.9,1512.6,527,0.8,3.9,3.1,0
2023-07-19,Bhopal,29.8,77.7,17.9,1003.0,1768.0,527,0.3,2.9,2.6,0
2023-07-20,Bhopal,33.6,74.1,22.4,1000.1,1843.0,527,0.0,0.0,0.0,0
2023-07-21,Bhopal,23.1,93.3,21.6,1002.9,1825.3,527,3.0,1.2,-1.8,0
2023-07-22,Bhopal,24.9,71.5,10.1,1006.1,1524.5,527,0.0,0.0,0.0,0
2023-07-23,Bhopal,29.3,94.5,4.6,1010.0,1907.9,527,66.2,78.0,11.8,0
2023-07-24,Bhopal,33.7,60.5,2.7,1009.4,1543.7,527,35.2,39.0,3.8,0
2023-07-25,Bhopal,29.3,67.4,4.2,1008.6,1542.7,527,2.7,8.6,5.9,0
2023-07-26,Bhopal,33.0,58.1,11.1,1006.1,1532.1,527,0.0,0.0,0.0,0
2023-07-27,Bhopal,27.4,66.8,14.4,1009.8,1476.6,527,2.6,0.0,-2.6,0
2023-07-28,Bhopal,28.4,74.1,17.4,1003.2,1680.4,527,0.2,12.2,11.9,0
2023-07-29,Bhopal,35.2,56.8,2.2,1011.6,1501.3,527,2.8,0.0,-2.8,0
2023-07-30,Bhopal,24.7,82.6,13.3,1008.1,1651.9,527,4.0,0.0,-4.0,0
2023-07-31,Bhopal,27.8,83.7,17.6,1009.2,1729.7,527,75.5,79.7,4.2,0
2023-08-01,Bhopal,31.6,65.6,8.3,1014.6,1500.7,527,19.3,26.0,6.7,0
2023-08-02,Bhopal,30.8,76.2,15.6,997.6,1834.4,527,0.0,0.0,0.0,0
2023-08-03,Bhopal,34.0,77.7,2.0,1002.9,1868.0,527,0.0,0.0,0.0,0
2023-08-04,Bhopal,31.1,81.0,2.0,1013.0,1723.5,527,5.0,11.2,6.2,0
2023-08-05,Bhopal,29.5,73.0,11.9,1016.0,1538.1,527,2.7,0.0,-2.7,0
2023-08-06,Bhopal,28.7,72.8,20.9,1010.5,1581.9,527,1.1,0.0,-1.1,0
2023-08-07,Bhopal,30.4,68.5,9.6,1021.9,1427.2,527,7.6,1.9,-5.7,0
2023-08-08,Bhopal,33.3,98.0,18.5,1008.2,2071.3,527,0.0,0.0,0.0,0
2023-08-09,Bhopal,30.1,64.0,5.5,1002.3,1590.5,527,0.0,0.0,0.0,0
2023-08-10,Bhopal,21.0,59.2,12.6,1010.9,1202.4,527,5.9,14.1,8.1,0
2023-08-11,Bhopal,30.6,71.0,14.3,1007.9,1632.1,527,13.9,9.7,-4.1,0
2023-08-12,Bhopal,35.6,85.5,14.0,1015.3,1868.3,527,0.0,0.0,0.0,0
2023-08-13,Bhopal,32.4,63.6,19.7,1002.1,1642.8,527,0.0,0.0,0.0,0
2023-08-14,Bhopal,31.6,95.9,5.2,1012.5,1951.4,527,19.7,14.7,-5.0,0
2023-08-15,Bhopal,33.6,84.6,15.7,1003.6,1946.7,527,32.0,29.7,-2.3,0
2023-08-16,Bhopal,34.6,87.9,2.8,1000.2,2059.1,527,0.0,0.0,0.0,0
2023-08-17,Bhopal,28.0,77.2,13.4,1007.1,1667.8,527,0.0,4.3,4.3,0
2023-08-18,Bhopal,35.0,83.5,16.7,1002.3,1982.1,527,0.0,0.0,0.0,0
2023-08-19,Bhopal,32.2,61.8,16.4,1007.8,1544.2,527,0.8,0.0,-0.8,0
2023-08-20,Bhopal,27.8,83.5,16.9,998.5,1855.0,527,0.0,0.0,0.0,0
2023-08-21,Bhopal,29.4,64.4,2.0,997.1,1642.4,527,0.0,1.0,1.0,0
2023-08-22,Bhopal,24.1,60.3,13.7,1008.4,1320.6,527,107.1,108.3,1.2,0
2023-08-23,Bhopal,27.0,66.4,10.3,998.5,1595.3,527,0.9,0.0,-0.9,0
2023-08-24,Bhopal,33.3,69.9,18.5,1003.0,1740.9,527,14.2,13.9,-0.3,0
2023-08-25,Bhopal,26.4,53.1,18.5,1006.3,1301.7,527,12.8,14.5,1.7,0
2023-08-26,Bhopal,30.4,98.0,12.8,1013.3,1941.2,527,64.6,64.6,0.1,0
2023-08-27,Bhopal,32.2,80.1,8.6,1008.8,1787.6,527,15.8,25.0,9.2,0
2023-08-28,Bhopal,37.5,66.4,16.2,1014.7,1654.4,527,0.0,0.0,0.0,0
2023-08-29,Bhopal,27.0,88.3,20.6,1015.4,1698.9,527,5.3,0.7,-4.6,0
2023-08-30,Bhopal,36.5,70.4,24.3,1011.1,1728.2,527,117.4,120.3,2.9,0
2023-08-31,Bhopal,28.6,61.2,9.8,1014.0,1376.0,527,46.2,42.3,-4.0,0
2023-09-01,Bhopal,33.7,84.0,17.6,1008.1,1888.3,527,20.8,18.6,-2.2,0
2023-09-02,Bhopal,26.8,68.4,13.7,1017.6,1390.3,527,24.2,27.5,3.2,0
2023-09-03,Bhopal,29.4,87.8,10.5,1009.3,1823.5,527,0.0,0.0,0.0,0
2023-09-04,Bhopal,29.5,88.5,9.1,1004.0,1899.7,527,0.0,1.4,1.4,0
2023-09-05,Bhopal,32.6,60.4,19.4,1011.2,1492.7,527,0.0,0.0,0.0,0
2023-09-06,Bhopal,35.0,98.0,18.6,997.3,2244.2,527,2.0,6.6,4.6,0
2023-09-07,Bhopal,31.3,67.0,5.8,1005.3,1625.6,527,0.0,0.0,0.0,0
2023-09-08,Bhopal,32.1,84.5,11.0,1021.4,1697.3,527,33.1,33.0,-0.0,0
2023-09-09,Bhopal,25.2,79.8,13.9,1002.7,1689.2,527,0.0,2.5,2.5,0
2023-09-10,Bhopal,22.4,86.6,9.0,1001.3,1733.3,527,9.3,17.0,7.7,0
2023-09-11,Bhopal,32.5,74.0,11.1,1010.4,1691.6,527,0.0,0.0,0.0,0
2023-09-12,Bhopal,30.1,98.0,14.9,1001.8,2071.5,527,0.0,0.0,0.0,0
2023-09-13,Bhopal,33.8,77.0,6.6,1014.5,1714.5,527,12.6,9.3,-3.3,0
2023-09-14,Bhopal,37.6,55.5,18.9,1007.6,1587.8,527,23.4,24.6,1.2,0
2023-09-15,Bhopal,27.8,64.2,15.9,999.5,1573.4,527,18.7,16.9,-1.8,0
2023-09-16,Bhopal,35.0,67.0,15.1,1011.3,1642.7,527,7.8,16.4,8.6,0
2023-09-17,Bhopal,28.9,76.8,13.5,1002.4,1741.2,527,1.1,2.0,0.8,0
2023-09-18,Bhopal,39.5,63.9,19.1,1012.3,1696.8,527,62.5,65.5,2.9,0
2023-09-19,Bhopal,28.0,64.8,8.9,999.1,1589.4,527,0.0,0.0,0.0,0
2023-09-20,Bhopal,25.8,83.5,17.3,1020.3,1544.9,527,0.0,0.0,0.0,0
2023-09-21,Bhopal,33.6,58.1,30.6,1008.1,1523.1,527,11.7,19.3,7.6,0
2023-09-22,Bhopal,31.1,75.6,3.0,1005.2,1742.4,527,18.1,23.7,5.6,0
2023-09-23,Bhopal,30.6,57.4,18.3,1015.2,1354.6,527,0.0,0.0,0.0,0
2023-09-24,Bhopal,34.3,65.3,12.1,1015.0,1556.8,527,0.0,0.0,0.0,0
2023-09-25,Bhopal,25.4,76.0,14.3,1015.7,1485.5,527,46.7,56.2,9.6,0
2023-09-26,Bhopal,34.0,48.0,17.5,1011.5,1351.0,527,0.0,0.0,0.0,0
2023-09-27,Bhopal,27.7,55.2,7.4,1007.4,1348.3,527,22.9,17.0,-5.9,0
2023-09-28,Bhopal,35.0,85.2,13.7,1008.5,1930.8,527,0.0,0.0,0.0,0
2023-09-29,Bhopal,27.8,68.9,10.7,1006.8,1550.8,527,0.0,0.0,0.0,0
2023-09-30,Bhopal,34.2,84.5,15.2,1009.6,1889.5,527,10.3,14.5,4.2,0
2023-10-01,Bhopal,31.7,68.2,15.7,1009.4,1602.7,527,0.0,0.0,0.0,0
2023-10-02,Bhopal,31.1,68.3,10.9,1014.7,1526.8,527,0.0,0.0,0.0,0
2023-10-03,Bhopal,26.0,75.6,12.2,1002.8,1648.7,527,0.0,0.0,0.0,0
2023-10-04,Bhopal,31.3,75.5,6.3,1006.0,1735.1,527,42.2,45.6,3.4,0
2023-10-05,Bhopal,28.7,78.8,22.2,1012.6,1640.4,527,0.0,0.0,0.0,0
2023-10-06,Bhopal,32.1,82.8,20.1,1013.1,1772.3,527,4.0,9.9,6.0,0
2023-10-07,Bhopal,33.9,70.9,12.2,1008.3,1705.9,527,28.3,29.1,0.8,0
2023-10-08,Bhopal,24.9,60.6,6.6,998.2,1467.7,527,44.5,41.9,-2.6,0
2023-10-09,Bhopal,27.6,65.7,19.4,1014.0,1414.5,527,0.0,0.4,0.4,0
2023-10-10,Bhopal,35.1,64.8,13.4,1000.6,1742.5,527,0.0,0.0,0.0,0
2023-10-11,Bhopal,35.8,74.2,15.4,1015.6,1711.3,527,10.7,13.9,3.3,0
2023-10-12,Bhopal,32.5,64.1,7.5,1010.4,1552.0,527,0.0,0.0,0.0,0
2023-10-13,Bhopal,32.9,84.3,8.8,1009.0,1860.2,527,0.9,0.0,-0.9,0
2023-10-14,Bhopal,29.3,49.4,7.7,1005.2,1331.7,527,0.0,1.0,1.0,0
2023-10-15,Bhopal,31.5,78.3,11.9,1005.1,1790.8,527,11.9,10.1,-1.9,0
2023-10-16,Bhopal,32.6,84.9,17.6,1011.8,1830.5,527,0.0,0.0,0.0,0
2023-10-17,Bhopal,30.4,72.9,15.1,1014.2,1578.7,527,0.0,0.0,0.0,0
2023-10-18,Bhopal,26.6,64.1,6.8,1008.2,1437.9,527,0.0,0.9,0.9,0
2023-10-19,Bhopal,29.8,47.0,10.9,1007.2,1285.7,527,68.2,70.1,1.9,0
2023-10-20,Bhopal,28.8,76.6,12.4,1007.9,1669.3,527,0.0,0.0,0.0,0
2023-10-21,Bhopal,31.8,72.0,13.2,1011.9,1627.6,527,25.6,33.7,8.0,0
2023-10-22,Bhopal,32.7,78.3,23.7,1011.9,1738.6,527,10.0,8.7,-1.2,0
2023-10-23,Bhopal,33.2,85.5,4.5,1011.6,1853.8,527,0.0,2.6,2.6,0
2023-10-24,Bhopal,33.1,79.0,11.2,1005.7,1832.6,527,0.0,0.0,0.0,0
2023-10-25,Bhopal,27.3,62.3,11.7,1004.1,1477.7,527,7.0,2.4,-4.5,0
2023-10-26,Bhopal,27.5,98.0,14.8,1004.3,1980.1,527,23.3,28.4,5.1,0
2023-10-27,Bhopal,30.6,85.7,2.0,1002.7,1900.7,527,33.0,31.4,-1.6,0
2023-10-28,Bhopal,31.9,66.5,10.3,1013.1,1539.5,527,0.0,0.0,0.0,0
2023-10-29,Bhopal,30.0,51.6,17.1,1005.8,1372.3,527,23.1,27.1,3.9,0
2023-10-30,Bhopal,23.9,50.4,8.0,1007.7,1186.5,527,0.0,2.8,2.8,0
2023-10-31,Bhopal,32.0,98.0,3.1,1008.6,2037.2,527,0.0,2.2,2.2,0
2023-11-01,Bhopal,37.4,74.7,17.2,1009.1,1832.7,527,2.4,0.0,-2.4,0
2023-11-02,Bhopal,28.0,74.3,16.5,1007.7,1619.6,527,0.0,2.0,2.0,0
2023-11-03,Bhopal,27.1,77.1,19.9,1010.9,1600.4,527,44.2,47.4,3.3,0
2023-11-04,Bhopal,33.6,49.7,2.7,1013.0,1347.0,527,5.5,6.8,1.2,0
2023-11-05,Bhopal,27.5,78.2,13.2,1018.6,1532.4,527,0.1,0.0,-0.1,0
2023-11-06,Bhopal,31.5,84.5,16.0,1011.1,1806.2,527,0.0,0.0,0.0,0
2023-11-07,Bhopal,31.1,77.2,8.4,1003.9,1781.3,527,0.0,0.0,0.0,0
2023-11-08,Bhopal,32.3,86.1,8.3,1006.9,1898.5,527,28.3,32.4,4.2,0
2023-11-09,Bhopal,32.4,80.4,16.3,1002.6,1872.5,527,13.7,26.3,12.6,0
2023-11-10,Bhopal,28.3,71.8,14.3,999.0,1697.0,527,0.0,0.0,0.0,0
2023-11-11,Bhopal,25.7,79.4,9.0,1021.5,1471.5,527,0.0,0.0,0.0,0
2023-11-12,Bhopal,27.9,53.4,15.5,1011.4,1281.4,527,3.9,0.0,-3.9,0
2023-11-13,Bhopal,33.2,95.4,15.4,1011.2,1997.5,527,72.2,79.6,7.4,0
2023-11-14,Bhopal,37.0,88.5,14.6,1012.5,1976.6,527,8.7,6.7,-2.0,0
2023-11-15,Bhopal,29.7,37.0,14.4,1004.8,1173.9,527,15.3,23.9,8.6,0
2023-11-16,Bhopal,27.2,86.5,24.6,1011.8,1721.6,527,61.3,61.7,0.4,0
2023-11-17,Bhopal,33.7,55.9,9.5,999.1,1601.2,527,45.2,44.7,-0.5,0
2023-11-18,Bhopal,31.2,76.0,2.0,1006.1,1739.3,527,0.0,0.0,0.0,0
2023-11-19,Bhopal,26.2,67.5,8.9,1003.5,1533.8,527,0.0,4.0,4.0,0
2023-11-20,Bhopal,27.9,71.5,6.5,1008.4,1570.5,527,20.8,20.9,0.1,0
2023-11-21,Bhopal,36.7,64.3,10.6,1016.8,1578.4,527,16.2,33.7,17.5,0
2023-11-22,Bhopal,32.8,82.2,14.1,1003.0,1902.4,527,1.6,0.0,-1.6,0
2023-11-23,Bhopal,36.3,55.2,19.4,1008.2,1545.2,527,22.1,22.7,0.6,0
2023-11-24,Bhopal,35.8,77.8,6.7,1008.3,1848.1,527,16.1,23.7,7.5,0
2023-11-25,Bhopal,33.8,82.4,19.0,1005.7,1895.7,527,80.4,76.7,-3.8,0
2023-11-26,Bhopal,31.2,64.2,5.7,1004.4,1595.7,527,18.5,23.3,4.8,0
2023-11-27,Bhopal,26.7,51.9,7.1,1015.2,1185.3,527,0.0,0.0,0.0,0
2023-11-28,Bhopal,33.9,83.5,20.5,1004.9,1922.9,527,0.0,0.0,0.0,0
2023-11-29,Bhopal,24.7,65.0,2.0,1013.8,1338.3,527,8.4,11.3,2.9,0
2023-11-30,Bhopal,29.1,56.2,22.1,1008.5,1383.2,527,0.0,0.0,0.0,0
2023-12-01,Bhopal,26.5,59.0,2.3,1004.8,1402.9,527,16.2,24.4,8.3,0
2023-12-02,Bhopal,33.7,62.7,2.0,1017.3,1479.4,527,3.2,7.0,3.8,0
2023-12-03,Bhopal,34.5,85.4,13.7,1009.9,1904.6,527,5.1,14.2,9.1,0
2023-12-04,Bhopal,28.5,74.9,15.8,999.9,1735.2,527,18.0,37.5,19.5,0
2023-12-05,Bhopal,38.3,73.9,22.7,1012.2,1806.1,527,0.0,0.0,0.0,0
2023-12-06,Bhopal,29.8,75.0,20.5,1008.1,1667.5,527,8.3,7.9,-0.5,0
2023-12-07,Bhopal,34.0,82.4,20.8,1012.5,1819.2,527,0.0,7.4,7.4,0
2023-12-08,Bhopal,37.9,65.7,22.8,1005.3,1766.6,527,0.0,3.0,3.0,0
2023-12-09,Bhopal,34.2,62.5,14.6,1004.6,1640.1,527,4.4,0.0,-4.4,0
2023-12-10,Bhopal,33.3,66.8,17.6,1017.8,1522.0,527,2.9,0.0,-2.9,0
2023-12-11,Bhopal,33.2,66.5,5.7,1012.0,1584.2,527,0.0,0.0,0.0,0
2023-12-12,Bhopal,32.9,73.7,16.9,1003.3,1781.2,527,14.2,6.2,-8.0,0
2023-12-13,Bhopal,31.1,81.1,19.9,1015.6,1693.5,527,0.0,0.0,0.0,0
2023-12-14,Bhopal,33.0,78.7,13.7,1009.9,1774.2,527,0.0,0.0,0.0,0
2023-12-15,Bhopal,31.6,61.6,14.5,1011.8,1478.6,527,2.0,8.6,6.6,0
2023-12-16,Bhopal,27.5,73.7,2.3,1007.1,1606.5,527,0.0,0.0,0.0,0
2023-12-17,Bhopal,28.9,45.5,16.2,1019.1,1101.2,527,0.0,4.9,4.9,0
2023-12-18,Bhopal,30.3,73.3,9.5,1008.5,1652.4,527,9.6,0.0,-9.6,0
2023-12-19,Bhopal,29.3,59.8,24.3,1008.3,1440.0,527,50.0,56.7,6.7,0
2023-12-20,Bhopal,29.5,67.5,2.0,1008.7,1549.1,527,1.6,0.0,-1.6,0
2023-12-21,Bhopal,31.3,77.6,2.0,1007.3,1750.6,527,0.0,0.0,0.0,0
2023-12-22,Bhopal,27.4,70.1,15.5,1001.3,1621.5,527,0.0,0.0,0.0,0
2023-12-23,Bhopal,28.4,70.2,11.7,1004.6,1609.3,527,3.8,12.3,8.5,0
2023-12-24,Bhopal,33.9,70.5,7.1,1010.2,1676.9,527,56.7,55.7,-1.0,0
2023-12-25,Bhopal,32.6,69.2,16.5,1015.4,1565.8,527,77.1,67.1,-10.0,0
2023-12-26,Bhopal,31.4,53.2,26.7,1005.7,1429.8,527,69.1,68.1,-1.0,0
2023-12-27,Bhopal,27.8,93.0,17.7,1017.7,1756.3,527,0.0,0.0,0.0,0
2023-12-28,Bhopal,28.5,72.0,23.9,1010.6,1563.7,527,26.9,33.6,6.7,0
2023-12-29,Bhopal,31.2,98.0,6.3,1000.1,2120.7,527,0.0,5.1,5.1,0
2023-12-30,Bhopal,37.0,79.1,25.4,1008.7,1891.2,527,0.0,0.0,0.0,0
2023-12-31,Bhopal,30.8,72.2,14.9,1015.6,1561.8,527,122.3,125.8,3.5,0
2024-01-01,Bhopal,37.2,69.6,11.8,1015.3,1683.9,527,21.3,19.7,-1.6,0
2024-01-02,Bhopal,30.3,91.8,7.9,1007.2,1925.2,527,0.0,0.0,0.0,0
2024-01-03,Bhopal,32.6,63.8,12.7,1009.9,1558.2,527,16.0,20.2,4.2,0
2024-01-04,Bhopal,29.5,93.9,18.3,1008.8,1916.8,527,61.3,65.5,4.2,0
2024-01-05,Bhopal,31.1,75.9,11.4,1003.1,1772.0,527,0.0,0.7,0.7,0
2024-01-06,Bhopal,37.2,64.2,10.4,1003.5,1748.0,527,0.0,0.0,0.0,0
2024-01-07,Bhopal,33.7,97.7,20.3,1001.3,2160.2,527,0.2,0.0,-0.2,0
2024-01-08,Bhopal,33.4,79.3,8.8,1003.6,1869.7,527,0.0,0.0,0.0,0
2024-01-09,Bhopal,32.6,80.8,19.1,1001.6,1895.5,527,0.0,0.0,0.0,0
2024-01-10,Bhopal,31.0,65.6,10.9,995.2,1720.5,527,1.1,0.0,-1.1,0
2024-01-11,Bhopal,30.5,68.8,7.9,1014.6,1521.2,527,0.4,11.5,11.1,0
2024-01-12,Bhopal,24.2,75.1,9.6,993.4,1710.4,527,24.5,20.3,-4.2,0
2024-01-13,Bhopal,34.2,77.9,11.9,1016.4,1713.2,527,32.5,25.5,-7.0,0
2024-01-14,Bhopal,23.7,89.9,11.7,1008.9,1718.8,527,6.0,0.0,-6.0,0
2024-01-15,Bhopal,27.8,89.6,14.4,1000.4,1917.8,527,3.9,5.3,1.5,0
2024-01-16,Bhopal,31.5,73.8,17.2,1010.2,1666.6,527,23.5,26.3,2.8,0
2024-01-17,Bhopal,31.1,61.0,20.8,1022.8,1325.9,527,0.0,0.5,0.5,0
2024-01-18,Bhopal,34.5,76.1,6.1,1017.1,1689.7,527,0.0,0.0,0.0,0
2024-01-19,Bhopal,26.0,83.9,21.3,1008.2,1700.1,527,0.0,3.2,3.2,0
2024-01-20,Bhopal,31.3,76.1,11.0,1013.0,1661.1,527,0.0,0.0,0.0,0
2024-01-21,Bhopal,32.8,70.7,8.7,1007.1,1692.8,527,0.0,3.3,3.3,0
2024-01-22,Bhopal,35.1,77.6,14.3,1006.7,1848.2,527,14.9,13.5,-1.4,0
2024-01-23,Bhopal,33.2,78.9,2.0,1009.6,1786.9,527,3.5,0.0,-3.5,0
2024-01-24,Bhopal,26.9,81.1,3.6,1006.5,1703.6,527,0.0,0.0,0.0,0
2024-01-25,Bhopal,32.7,82.4,12.8,1002.3,1911.9,527,19.4,16.4,-3.1,0
2024-01-26,Bhopal,32.3,98.0,10.4,1017.2,1941.5,527,10.6,10.1,-0.4,0
2024-01-27,Bhopal,28.3,54.0,9.5,1013.0,1280.3,527,0.0,0.0,0.0,0
2024-01-28,Bhopal,27.8,63.3,18.2,998.9,1567.7,527,0.0,0.0,0.0,0
2024-01-29,Bhopal,35.2,63.0,6.5,1009.4,1615.9,527,0.0,0.0,0.0,0
2024-01-30,Bhopal,32.8,87.0,2.0,1005.4,1940.1,527,1.6,0.0,-1.6,0
2024-01-31,Bhopal,29.2,90.8,15.5,1012.4,1823.3,527,1.4,8.4,7.0,0
2024-02-01,Bhopal,32.8,70.6,13.0,998.7,1791.3,527,0.0,0.0,0.0,0
2024-02-02,Bhopal,28.3,62.5,13.7,1003.8,1507.6,527,0.0,0.0,0.0,0
2024-02-03,Bhopal,30.0,46.0,7.7,1010.3,1239.4,527,0.0,0.0,0.0,0
2024-02-04,Bhopal,38.5,61.9,18.5,1004.4,1739.1,527,73.2,71.8,-1.4,0
2024-02-05,Bhopal,28.4,73.4,15.5,1011.3,1572.4,527,1.7,0.0,-1.7,0
2024-02-06,Bhopal,33.0,69.7,16.1,1000.5,1762.4,527,0.0,0.0,0.0,0
2024-02-07,Bhopal,29.2,68.8,15.4,1005.2,1602.3,527,7.7,14.1,6.3,0
2024-02-08,Bhopal,32.2,66.6,8.5,1005.4,1639.6,527,3.1,0.0,-3.1,0
2024-02-09,Bhopal,33.4,43.5,5.9,1015.0,1231.0,527,48.0,49.3,1.3,0
2024-02-10,Bhopal,30.3,54.1,4.0,1001.3,1469.8,527,35.7,34.3,-1.4,0
2024-02-11,Bhopal,30.7,74.1,12.5,1004.2,1724.5,527,60.2,71.4,11.2,0
2024-02-12,Bhopal,29.2,64.0,14.4,1005.6,1528.8,527,0.0,0.0,0.0,0
2024-02-13,Bhopal,29.3,43.4,14.3,1010.7,1181.8,527,0.0,0.0,0.0,0
2024-02-14,Bhopal,30.8,53.3,2.0,1004.8,1428.1,527,18.8,16.4,-2.4,0
2024-02-15,Bhopal,32.9,50.5,14.2,1015.5,1309.4,527,7.2,10.9,3.7,0
2024-02-16,Bhopal,32.2,75.8,5.9,1009.8,1717.3,527,0.0,2.8,2.8,0
2024-02-17,Bhopal,34.8,67.1,11.1,1012.0,1630.4,527,0.0,0.0,0.0,0
2024-02-18,Bhopal,33.7,73.5,4.1,998.3,1856.5,527,8.9,15.5,6.6,0
2024-02-19,Bhopal,31.7,71.8,10.5,1013.8,1599.3,527,0.0,0.0,0.0,0
2024-02-20,Bhopal,31.3,82.1,4.8,1015.2,1718.7,527,2.2,4.6,2.4,0
2024-02-21,Bhopal,29.1,79.2,15.6,1021.4,1550.1,527,0.0,0.0,0.0,0
2024-02-22,Bhopal,32.5,80.2,9.3,1018.4,1683.0,527,56.3,52.8,-3.5,0
2024-02-23,Bhopal,36.1,88.6,23.4,1000.1,2106.0,527,1.3,0.0,-1.3,0
2024-02-24,Bhopal,24.9,95.6,17.3,1004.0,1887.3,527,0.0,1.8,1.8,0
2024-02-25,Bhopal,30.0,64.6,18.8,1007.9,1528.8,527,0.0,0.0,0.0,0
2024-02-26,Bhopal,36.0,76.2,10.1,1013.6,1767.6,527,0.0,0.0,0.0,0
2024-02-27,Bhopal,31.6,77.4,22.2,1008.9,1736.2,527,4.0,0.0,-4.0,0
2024-02-28,Bhopal,35.8,70.6,5.0,1007.4,1759.8,527,2.9,5.2,2.3,0
2024-02-29,Bhopal,37.0,88.0,11.1,1011.6,1980.1,527,0.0,0.0,0.0,0
2024-03-01,Bhopal,37.0,78.1,20.1,1011.2,1847.8,527,24.0,29.4,5.4,0
2024-03-02,Bhopal,34.8,65.6,2.0,1011.3,1617.9,527,0.0,0.0,0.0,0
2024-03-03,Bhopal,32.9,71.6,4.5,1009.5,1678.0,527,111.4,117.1,5.8,0
2024-03-04,Bhopal,33.5,78.2,10.4,1013.0,1744.0,527,0.0,0.0,0.0,0
2024-03-05,Bhopal,30.9,65.3,17.6,1003.0,1618.8,527,27.0,29.4,2.4,0
2024-03-06,Bhopal,34.5,80.9,14.7,1008.3,1859.3,527,17.9,30.1,12.3,0
2024-03-07,Bhopal,33.6,66.8,11.7,1011.2,1608.1,527,27.5,33.4,5.9,0
2024-03-08,Bhopal,38.0,72.4,18.1,1012.5,1775.8,527,0.0,0.0,0.0,0
2024-03-09,Bhopal,32.2,69.4,15.3,1012.3,1596.6,527,0.0,0.0,0.0,0
2024-03-10,Bhopal,32.1,51.9,2.5,1003.9,1450.7,527,48.4,50.8,2.4,0
2024-03-11,Bhopal,28.3,81.8,19.2,1014.7,1648.3,527,39.7,44.4,4.7,0
2024-03-12,Bhopal,34.8,67.2,11.1,1002.2,1750.6,527,19.6,28.6,9.0,0
2024-03-13,Bhopal,23.4,62.5,8.1,1001.4,1420.8,527,0.0,0.0,0.0,0
2024-03-14,Bhopal,32.5,69.8,6.7,1016.4,1560.7,527,0.0,0.0,0.0,0
2024-03-15,Bhopal,27.3,76.8,11.3,1005.8,1661.0,527,3.8,3.0,-0.8,0
2024-03-16,Bhopal,24.9,74.3,4.6,999.8,1640.9,527,0.0,0.0,0.0,0
2024-03-17,Bhopal,33.8,72.2,16.9,1010.9,1691.9,527,84.1,90.0,5.9,0
2024-03-18,Bhopal,35.9,60.6,9.2,1016.8,1506.7,527,12.4,14.1,1.7,0
2024-03-19,Bhopal,31.5,42.6,20.0,1004.4,1298.5,527,49.0,53.6,4.6,0
2024-03-20,Bhopal,30.2,58.5,5.6,1003.3,1504.7,527,0.0,0.0,0.0,0
2024-03-21,Bhopal,36.0,64.2,18.6,1000.7,1755.0,527,30.9,33.1,2.2,0
2024-03-22,Bhopal,34.2,68.0,6.5,1016.5,1574.5,527,0.0,0.0,0.0,0
2024-03-23,Bhopal,34.7,65.7,19.2,1012.4,1603.0,527,38.3,38.2,-0.1,0
2024-03-24,Bhopal,37.5,74.5,13.8,1004.8,1886.2,527,66.3,64.7,-1.7,0
2024-03-25,Bhopal,28.2,56.7,4.4,1014.0,1304.3,527,2.9,2.8,-0.1,0
2024-03-26,Bhopal,29.8,91.4,5.3,1004.4,1942.8,527,21.4,20.6,-0.8,0
2024-03-27,Bhopal,33.6,83.4,8.5,1017.7,1761.9,527,21.9,24.4,2.5,0
2024-03-28,Bhopal,30.1,94.0,15.2,1015.3,1853.8,527,0.0,0.0,0.0,0
2024-03-29,Bhopal,37.2,82.3,18.2,1000.2,2042.9,527,0.0,0.0,0.0,0
2024-03-30,Bhopal,28.9,91.4,5.3,1009.3,1862.6,527,0.0,0.0,0.0,0
2024-03-31,Bhopal,37.1,72.8,16.2,1011.4,1772.5,527,0.0,0.0,0.0,0
2024-04-01,Bhopal,26.5,63.8,18.8,1009.5,1414.4,527,0.0,0.0,0.0,0
2024-04-02,Bhopal,30.1,71.1,17.0,999.6,1723.6,527,0.0,0.0,0.0,0
2024-04-03,Bhopal,26.5,75.6,6.6,1006.7,1615.6,527,0.0,0.0,0.0,0
2024-04-04,Bhopal,31.7,68.0,19.6,1007.3,1625.4,527,0.0,0.0,0.0,0
2024-04-05,Bhopal,28.2,64.8,18.3,999.7,1587.1,527,0.8,0.0,-0.8,0
2024-04-06,Bhopal,31.3,82.4,15.7,1013.7,1739.5,527,4.3,2.3,-2.0,0
2024-04-07,Bhopal,32.4,95.7,4.8,1011.4,1980.7,527,0.0,4.0,4.0,0
2024-04-08,Bhopal,29.7,72.5,9.6,1006.9,1646.9,527,48.6,48.6,-0.0,0
2024-04-09,Bhopal,31.2,48.5,7.1,1014.2,1258.4,527,0.0,1.5,1.5,0
2024-04-10,Bhopal,33.6,89.9,9.3,1005.9,1994.8,527,10.3,13.6,3.3,0
2024-04-11,Bhopal,38.6,72.1,22.6,1003.5,1892.5,527,19.7,15.8,-3.9,0
2024-04-12,Bhopal,29.3,66.6,18.2,1011.5,1498.0,527,1.3,0.0,-1.3,0
2024-04-13,Bhopal,27.2,59.9,14.1,1009.5,1376.5,527,17.8,17.4,-0.4,0
2024-04-14,Bhopal,27.6,50.6,14.7,1007.4,1280.9,527,0.0,5.8,5.8,0
2024-04-15,Bhopal,23.3,66.2,25.9,1010.9,1353.9,527,41.8,48.2,6.4,0
2024-04-16,Bhopal,33.8,82.6,15.2,1006.4,1890.9,527,61.4,65.3,3.9,0
2024-04-17,Bhopal,28.9,74.2,5.0,1004.0,1684.2,527,0.0,0.0,0.0,0
2024-04-18,Bhopal,27.0,59.1,14.6,1013.0,1318.9,527,13.5,25.3,11.7,0
2024-04-19,Bhopal,34.4,68.0,13.0,996.7,1815.4,527,12.4,18.6,6.2,0
2024-04-20,Bhopal,28.4,80.2,6.0,1007.4,1714.8,527,3.5,11.8,8.3,0
2024-04-21,Bhopal,29.3,77.1,12.2,1004.9,1725.0,527,0.0,0.0,0.0,0
2024-04-22,Bhopal,35.1,55.5,15.1,1007.9,1524.6,527,97.3,103.1,5.8,0
2024-04-23,Bhopal,29.3,64.2,12.8,1016.2,1407.0,527,0.0,0.0,0.0,0
2024-04-24,Bhopal,36.3,54.4,3.4,1000.8,1624.1,527,0.0,0.0,0.0,0
2024-04-25,Bhopal,25.4,91.9,10.5,1002.3,1868.0,527,5.2,6.9,1.8,0
2024-04-26,Bhopal,28.5,79.3,8.1,998.4,1812.1,527,3.0,0.0,-3.0,0
2024-04-27,Bhopal,30.4,97.2,16.2,1005.2,2027.5,527,16.0,15.8,-0.2,0
2024-04-28,Bhopal,27.2,74.0,14.8,1014.1,1519.4,527,0.0,0.0,0.0,0
2024-04-29,Bhopal,29.3,62.7,13.0,1001.3,1565.4,527,46.6,46.3,-0.3,0
2024-04-30,Bhopal,24.4,52.4,13.0,1012.3,1172.5,527,0.0,7.6,7.6,0
2024-05-01,Bhopal,37.6,78.0,15.0,997.3,2026.2,527,0.0,0.0,0.0,0
2024-05-02,Bhopal,34.6,65.2,18.1,1007.4,1655.2,527,0.0,0.0,0.0,0
2024-05-03,Bhopal,31.4,86.0,12.3,1002.8,1924.5,527,2.6,13.0,10.4,0
2024-05-04,Bhopal,35.5,81.4,23.0,1019.2,1762.3,527,0.0,0.0,0.0,0
2024-05-05,Bhopal,23.1,85.1,11.5,1015.2,1563.7,527,1.1,0.0,-1.1,0
2024-05-06,Bhopal,28.5,59.7,10.7,1005.3,1456.9,527,71.7,77.8,6.1,0
2024-05-07,Bhopal,30.0,66.0,8.5,1018.2,1425.1,527,0.0,0.0,0.0,0
2024-05-08,Bhopal,30.2,56.1,19.3,1003.1,1471.6,527,2.9,4.4,1.4,0
2024-05-09,Bhopal,33.1,84.5,16.3,1008.0,1881.2,527,4.4,10.2,5.8,0
2024-05-10,Bhopal,29.6,97.6,18.7,1007.0,1992.8,527,13.3,0.0,-13.3,0
2024-05-11,Bhopal,38.4,76.6,6.5,1010.3,1870.3,527,21.9,25.8,3.9,0
2024-05-12,Bhopal,30.0,63.4,17.0,1012.0,1463.7,527,16.9,17.7,0.8,0
2024-05-13,Bhopal,27.9,79.0,8.0,1010.5,1648.9,527,16.5,15.4,-1.2,0
2024-05-14,Bhopal,29.6,64.4,19.0,1002.7,1578.8,527,0.0,0.0,0.0,0
2024-05-15,Bhopal,33.3,81.1,6.9,1013.9,1767.5,527,0.0,0.0,0.0,0
2024-05-16,Bhopal,29.4,66.7,19.2,1005.3,1576.1,527,67.3,64.9,-2.4,0
2024-05-17,Bhopal,34.4,80.7,2.0,1009.4,1842.6,527,0.9,0.0,-0.9,0
2024-05-18,Bhopal,34.7,79.1,16.9,1008.3,1841.5,527,4.6,0.0,-4.6,0
2024-05-19,Bhopal,36.8,80.3,20.2,1012.4,1858.5,527,0.0,0.0,0.0,0
2024-05-20,Bhopal,32.8,58.0,6.0,1018.2,1381.2,527,79.9,80.2,0.3,0
2024-05-21,Bhopal,32.1,79.0,13.4,1013.3,1716.5,527,10.1,8.7,-1.3,0
2024-05-22,Bhopal,38.4,84.1,19.8,1007.6,2007.5,527,44.8,47.5,2.7,0
2024-05-23,Bhopal,35.9,87.4,9.6,999.8,2088.7,527,1.1,3.8,2.7,0
2024-05-24,Bhopal,27.2,89.1,16.1,1011.3,1765.1,527,40.0,45.7,5.7,0
2024-05-25,Bhopal,36.0,72.4,15.6,1002.7,1845.1,527,20.2,23.6,3.4,0
2024-05-26,Bhopal,30.7,77.2,11.9,1009.2,1707.3,527,0.4,6.1,5.7,0
2024-05-27,Bhopal,31.0,75.7,14.0,1005.4,1739.7,527,18.6,24.1,5.4,0
2024-05-28,Bhopal,32.1,67.3,11.4,1002.3,1686.0,527,0.0,0.0,0.0,0
2024-05-29,Bhopal,32.5,76.0,23.9,996.3,1889.1,527,11.1,10.0,-1.1,0
2024-05-30,Bhopal,34.1,63.6,18.0,1006.0,1636.3,527,0.0,0.0,0.0,0
2024-05-31,Bhopal,31.2,55.1,5.1,1014.5,1347.0,527,83.4,85.6,2.2,0
2024-06-01,Bhopal,32.1,95.7,11.2,1007.1,2023.8,527,42.4,47.0,4.6,0
2024-06-02,Bhopal,34.5,74.0,16.7,1007.4,1774.7,527,0.0,0.0,0.0,0
2024-06-03,Bhopal,30.3,82.9,2.0,1008.2,1789.5,527,127.0,132.6,5.6,0
2024-06-04,Bhopal,28.7,74.9,8.2,1004.4,1684.7,527,5.2,6.1,1.0,0
2024-06-05,Bhopal,28.4,63.2,22.6,1012.8,1412.9,527,0.0,0.0,0.0,0
2024-06-06,Bhopal,25.6,83.2,10.0,1010.7,1651.9,527,0.0,0.0,0.0,0
2024-06-07,Bhopal,33.9,79.8,20.1,1010.3,1807.1,527,12.7,21.2,8.5,0
2024-06-08,Bhopal,28.1,81.6,8.0,1010.5,1689.4,527,0.0,5.3,5.3,0
2024-06-09,Bhopal,31.9,68.8,13.9,1012.0,1584.6,527,0.0,0.0,0.0,0
2024-06-10,Bhopal,26.1,82.8,17.1,1016.6,1586.4,527,45.2,51.8,6.6,0
2024-06-11,Bhopal,31.0,79.1,10.4,1014.1,1682.7,527,0.0,0.0,0.0,0
2024-06-12,Bhopal,29.0,79.2,12.7,1007.2,1719.5,527,0.0,2.2,2.2,0
2024-06-13,Bhopal,29.0,69.5,10.1,1006.9,1586.0,527,0.6,8.2,7.6,0
2024-06-14,Bhopal,30.5,86.3,21.2,1012.3,1793.8,527,20.1,25.7,5.7,0
2024-06-15,Bhopal,31.3,85.8,15.7,1006.2,1878.5,527,56.7,59.1,2.5,0
2024-06-16,Bhopal,29.3,76.0,18.0,1012.4,1618.6,527,20.1,24.9,4.8,0
2024-06-17,Bhopal,30.5,60.6,19.8,1005.4,1515.8,527,5.3,0.0,-5.3,0
2024-06-18,Bhopal,29.2,66.2,12.7,1010.3,1503.9,527,0.2,0.0,-0.2,0
2024-06-19,Bhopal,33.5,66.2,11.2,1003.6,1687.5,527,0.0,0.0,0.0,0
2024-06-20,Bhopal,27.5,95.0,4.6,1012.8,1835.8,527,10.2,10.8,0.6,0
2024-06-21,Bhopal,31.3,74.5,10.3,1005.1,1733.1,527,23.5,17.2,-6.3,0
2024-06-22,Bhopal,32.4,88.2,20.2,1003.2,1973.1,527,7.0,11.0,4.0,0
2024-06-23,Bhopal,33.9,73.8,10.0,1007.9,1751.0,527,0.0,0.0,0.0,0
2024-06-24,Bhopal,33.1,54.1,12.5,1020.2,1309.7,527,29.5,25.8,-3.7,0
2024-06-25,Bhopal,30.7,97.3,18.6,1005.4,2033.8,527,131.7,131.0,-0.7,0
2024-06-26,Bhopal,30.7,70.6,12.7,1004.3,1675.6,527,20.4,17.0,-3.4,0
2024-06-27,Bhopal,31.3,70.0,16.5,1007.2,1644.7,527,24.4,30.9,6.5,0
2024-06-28,Bhopal,28.4,80.0,13.7,1007.7,1708.5,527,2.0,2.5,0.5,0
2024-06-29,Bhopal,33.2,72.5,13.7,1007.8,1717.7,527,0.0,0.0,0.0,0
2024-06-30,Bhopal,36.7,79.9,12.0,1002.5,1969.7,527,6.7,14.0,7.3,0
2024-07-01,Bhopal,29.5,88.4,14.3,1013.0,1790.5,527,2.5,0.0,-2.5,0
2024-07-02,Bhopal,32.9,59.7,10.1,1000.8,1614.3,527,0.0,7.1,7.1,0
2024-07-03,Bhopal,35.0,86.4,17.1,1006.4,1973.2,527,27.1,31.2,4.1,0
2024-07-04,Bhopal,31.8,70.4,6.5,1014.2,1578.9,527,0.0,3.8,3.8,0
2024-07-05,Bhopal,27.9,72.2,11.1,1007.8,1585.9,527,19.5,18.7,-0.7,0
2024-07-06,Bhopal,28.0,88.8,9.2,1001.7,1896.4,527,0.0,0.0,0.0,0
2024-07-07,Bhopal,31.4,71.8,22.2,1005.9,1688.0,527,0.0,3.6,3.6,0
2024-07-08,Bhopal,28.9,64.4,20.7,1005.8,1526.7,527,4.3,0.0,-4.3,0
2024-07-09,Bhopal,33.4,75.6,19.9,1002.3,1832.6,527,1.8,0.0,-1.8,0
2024-07-10,Bhopal,32.1,83.2,12.6,1001.8,1912.7,527,3.0,0.0,-3.0,0
2024-07-11,Bhopal,32.9,94.9,6.0,1014.1,1950.5,527,0.0,0.0,0.0,0
2024-07-12,Bhopal,43.2,70.2,9.7,999.8,2022.1,527,5.2,0.0,-5.2,0
2024-07-13,Bhopal,31.7,73.9,9.0,1009.0,1687.1,527,0.0,0.0,0.0,0
2024-07-14,Bhopal,33.5,66.6,11.6,1006.2,1662.1,527,3.3,0.0,-3.3,0
2024-07-15,Bhopal,30.3,59.2,9.5,997.6,1583.8,527,0.0,0.0,0.0,0
2024-07-16,Bhopal,31.6,74.3,19.1,1004.4,1746.4,527,58.0,64.4,6.4,0
2024-07-17,Bhopal,28.2,77.3,12.9,1009.0,1650.4,527,0.0,0.9,0.9,0
2024-07-18,Bhopal,32.1,78.8,3.4,1012.2,1726.7,527,6.0,2.9,-3.2,0
2024-07-19,Bhopal,33.1,76.6,14.0,1002.3,1839.4,527,6.0,0.0,-6.0,0
2024-07-20,Bhopal,29.8,71.3,11.6,1008.2,1615.6,527,8.4,12.1,3.7,0
2024-07-21,Bhopal,23.2,82.8,8.7,997.2,1749.2,527,0.0,0.0,0.0,0
2024-07-22,Bhopal,26.5,71.3,13.3,1011.5,1496.0,527,0.0,0.0,0.0,0
2024-07-23,Bhopal,33.4,58.6,20.8,1000.9,1610.5,527,4.3,0.0,-4.3,0
2024-07-24,Bhopal,33.7,85.7,18.9,1002.8,1974.3,527,0.0,0.0,0.0,0
2024-07-25,Bhopal,33.1,70.0,22.9,1009.0,1668.4,527,1.5,0.0,-1.5,0
2024-07-26,Bhopal,27.3,70.1,10.4,1011.3,1501.8,527,23.4,20.2,-3.3,0
2024-07-27,Bhopal,31.8,70.6,8.1,1007.1,1665.8,527,31.5,33.4,1.9,0
2024-07-28,Bhopal,32.2,58.0,10.9,1010.0,1464.7,527,8.4,0.0,-8.4,0
2024-07-29,Bhopal,32.3,95.4,8.8,1011.9,1966.8,527,161.5,166.0,4.5,0
2024-07-30,Bhopal,35.5,80.9,5.9,999.4,1993.1,527,92.5,97.0,4.6,0
2024-07-31,Bhopal,29.2,62.2,4.4,1008.8,1465.3,527,0.0,0.0,0.0,0
2024-08-01,Bhopal,29.7,73.0,8.7,1007.8,1639.6,527,0.0,0.9,0.9,0
2024-08-02,Bhopal,33.6,89.6,12.3,999.7,2065.4,527,0.0,0.0,0.0,0
2024-08-03,Bhopal,34.1,61.3,14.3,1003.8,1631.6,527,16.6,17.1,0.4,0
2024-08-04,Bhopal,32.9,64.8,5.3,1005.5,1631.1,527,0.0,0.0,0.0,0
2024-08-05,Bhopal,32.6,98.0,2.0,1009.0,2047.0,527,0.0,0.0,0.0,0
2024-08-06,Bhopal,38.7,81.6,12.8,1010.5,1944.9,527,12.1,13.1,1.0,0
2024-08-07,Bhopal,24.1,69.3,6.2,1006.6,1470.6,527,51.7,53.4,1.7,0
2024-08-08,Bhopal,35.2,82.3,13.6,1008.0,1901.6,527,0.0,0.0,0.0,0
2024-08-09,Bhopal,26.1,83.7,11.4,1005.1,1736.7,527,0.0,0.0,0.0,0
2024-08-10,Bhopal,32.6,73.0,22.1,1014.2,1635.1,527,40.2,36.7,-3.5,0
2024-08-11,Bhopal,33.3,78.5,15.6,1010.5,1773.4,527,0.0,4.1,4.1,0
2024-08-12,Bhopal,40.5,73.1,17.6,1005.6,1926.3,527,27.1,31.9,4.8,0
2024-08-13,Bhopal,36.8,63.4,9.1,1009.1,1662.9,527,12.3,19.7,7.4,0
2024-08-14,Bhopal,28.7,60.3,13.8,1007.6,1441.4,527,0.0,0.0,0.0,0
2024-08-15,Bhopal,31.6,72.8,14.6,1004.0,1728.5,527,0.0,0.0,0.0,0
2024-08-16,Bhopal,34.0,76.3,25.5,1008.8,1778.9,527,11.5,16.6,5.1,0
2024-08-17,Bhopal,34.5,81.1,15.7,1010.7,1834.5,527,2.5,0.0,-2.5,0
2024-08-18,Bhopal,37.1,83.9,19.2,1006.1,1992.0,527,31.9,33.4,1.5,0
2024-08-19,Bhopal,33.4,79.5,16.2,1002.8,1879.6,527,0.0,0.0,0.0,0
2024-08-20,Bhopal,28.5,86.5,19.3,1003.4,1854.0,527,14.1,19.1,5.1,0
2024-08-21,Bhopal,36.0,86.0,6.5,1007.1,1982.6,527,16.5,19.7,3.2,0
2024-08-22,Bhopal,32.4,38.8,4.1,997.1,1356.3,527,34.4,38.8,4.4,0
2024-08-23,Bhopal,27.6,82.1,16.3,1001.7,1792.0,527,21.7,17.3,-4.3,0
2024-08-24,Bhopal,36.9,80.8,7.6,1012.4,1868.2,527,0.0,0.0,0.0,0
2024-08-25,Bhopal,24.5,83.9,2.0,1008.1,1664.0,527,0.4,0.0,-0.4,0
2024-08-26,Bhopal,22.5,87.1,15.1,1006.6,1679.3,527,0.0,0.0,0.0,0
2024-08-27,Bhopal,31.8,86.6,12.6,1007.9,1880.1,527,2.6,0.2,-2.4,0
2024-08-28,Bhopal,23.8,63.3,14.8,1008.9,1351.1,527,0.1,0.0,-0.1,0
2024-08-29,Bhopal,24.3,92.1,10.5,1005.8,1803.1,527,51.3,54.0,2.7,0
2024-08-30,Bhopal,40.3,79.4,9.2,1005.2,2016.4,527,0.0,0.0,0.0,0
2024-08-31,Bhopal,30.6,57.4,12.6,1004.4,1484.1,527,18.7,14.5,-4.2,0
2024-09-01,Bhopal,35.2,49.8,10.9,1007.4,1454.3,527,0.0,0.0,0.0,0
2024-09-02,Bhopal,30.2,87.8,7.9,1011.9,1812.7,527,0.0,8.3,8.3,0
2024-09-03,Bhopal,30.2,85.1,2.6,999.8,1917.7,527,3.4,0.0,-3.4,0
2024-09-04,Bhopal,27.0,69.5,17.2,1009.7,1505.5,527,7.9,6.6,-1.3,0
2024-09-05,Bhopal,31.2,58.1,6.8,999.7,1564.1,527,0.0,0.0,0.0,0
2024-09-06,Bhopal,27.7,71.2,4.7,1001.3,1646.2,527,0.0,0.0,0.0,0
2024-09-07,Bhopal,32.4,95.0,22.2,1012.2,1959.3,527,40.0,46.6,6.6,0
2024-09-08,Bhopal,32.1,64.4,22.3,1014.7,1495.0,527,24.2,23.4,-0.9,0
2024-09-09,Bhopal,32.5,71.5,20.6,1009.3,1669.3,527,0.0,0.0,0.0,0
2024-09-10,Bhopal,29.8,74.2,8.1,1016.3,1558.4,527,0.0,0.0,0.0,0
2024-09-11,Bhopal,27.8,76.0,14.7,1001.8,1709.1,527,0.0,0.0,0.0,0
2024-09-12,Bhopal,32.6,72.8,12.1,1007.3,1715.8,527,9.0,17.1,8.1,0
2024-09-13,Bhopal,29.5,76.3,7.2,1014.1,1607.4,527,0.0,0.0,0.0,0
2024-09-14,Bhopal,27.5,70.7,17.0,1006.0,1576.7,527,12.3,16.4,4.1,0
2024-09-15,Bhopal,36.3,71.0,13.6,1001.3,1849.5,527,3.0,0.0,-3.0,0
2024-09-16,Bhopal,28.7,73.0,22.9,1008.5,1608.5,527,0.0,0.0,0.0,0
2024-09-17,Bhopal,33.6,80.2,12.9,1012.4,1780.7,527,33.2,34.9,1.6,0
2024-09-18,Bhopal,30.0,71.5,9.0,1008.5,1619.1,527,0.0,0.0,0.0,0
2024-09-19,Bhopal,34.3,87.1,23.0,1010.1,1921.2,527,9.3,11.1,1.8,0
2024-09-20,Bhopal,33.9,84.2,21.8,1007.8,1899.6,527,2.6,4.7,2.2,0
2024-09-21,Bhopal,25.6,83.3,15.5,1010.9,1649.2,527,11.2,18.6,7.4,0
2024-09-22,Bhopal,28.9,66.9,6.7,1010.8,1500.9,527,28.4,26.4,-2.0,0
2024-09-23,Bhopal,27.9,71.8,12.1,1012.4,1526.0,527,3.4,0.0,-3.4,0
2024-09-24,Bhopal,32.3,70.9,5.9,1004.3,1715.5,527,19.8,18.9,-0.9,0
2024-09-25,Bhopal,37.9,71.9,13.8,1013.9,1748.7,527,0.0,0.0,0.0,0
2024-09-26,Bhopal,24.4,61.2,16.8,1017.7,1228.9,527,0.0,0.0,0.0,0
2024-09-27,Bhopal,32.6,73.7,20.4,999.8,1816.8,527,13.4,16.2,2.8,0
2024-09-28,Bhopal,30.8,88.1,19.5,1001.5,1955.4,527,0.0,0.0,0.0,0
2024-09-29,Bhopal,32.3,96.6,9.1,1011.4,1989.4,527,61.1,64.2,3.0,0
2024-09-30,Bhopal,27.8,46.6,5.3,1006.0,1246.5,527,0.0,0.0,0.0,0
2024-10-01,Bhopal,36.6,66.0,15.4,1002.2,1775.8,527,0.0,7.4,7.4,0
2024-10-02,Bhopal,34.1,49.4,9.5,1009.2,1399.3,527,0.0,0.0,0.0,0
2024-10-03,Bhopal,28.3,46.3,12.6,1004.1,1279.3,527,0.0,0.0,0.0,0
2024-10-04,Bhopal,27.3,76.3,3.4,1007.7,1632.0,527,6.0,0.0,-6.0,0
2024-10-05,Bhopal,34.2,61.3,16.3,1013.8,1513.9,527,27.1,15.8,-11.4,0
2024-10-06,Bhopal,30.6,73.9,2.0,1017.6,1557.4,527,7.4,11.9,4.4,0
2024-10-07,Bhopal,24.7,59.2,2.0,1017.0,1218.6,527,25.3,29.8,4.5,0
2024-10-08,Bhopal,33.0,74.9,13.6,1008.5,1738.9,527,13.6,13.5,-0.0,0
2024-10-09,Bhopal,31.4,56.3,3.9,1013.4,1380.0,527,90.9,92.3,1.5,0
2024-10-10,Bhopal,33.0,60.9,3.2,1003.8,1600.3,527,9.5,11.4,1.9,0
2024-10-11,Bhopal,31.6,96.2,14.4,995.9,2154.5,527,0.9,0.0,-0.9,0
2024-10-12,Bhopal,31.8,56.7,16.7,1008.2,1458.7,527,12.6,13.9,1.3,0
2024-10-13,Bhopal,27.8,77.2,6.3,1026.9,1425.4,527,0.0,0.0,0.0,0
2024-10-14,Bhopal,32.5,64.7,15.9,1006.1,1613.2,527,0.0,1.9,1.9,0
2024-10-15,Bhopal,39.8,69.7,16.8,1004.3,1880.7,527,0.0,0.5,0.5,0
2024-10-16,Bhopal,39.6,70.3,15.5,998.3,1955.2,527,61.4,66.6,5.2,0
2024-10-17,Bhopal,35.0,67.7,2.0,1007.8,1693.6,527,4.8,17.9,13.1,0
2024-10-18,Bhopal,29.7,63.7,5.0,1009.0,1496.3,527,2.5,7.9,5.4,0
2024-10-19,Bhopal,32.6,74.5,6.6,1005.6,1759.3,527,9.1,12.3,3.1,0
2024-10-20,Bhopal,31.7,80.1,14.3,1007.4,1791.2,527,0.0,0.0,0.0,0
2024-10-21,Bhopal,27.9,55.1,2.0,1009.2,1331.8,527,0.0,0.2,0.2,0
2024-10-22,Bhopal,34.2,64.0,20.1,1018.2,1498.5,527,24.5,30.5,6.0,0
2024-10-23,Bhopal,30.2,66.0,2.3,1005.8,1579.7,527,0.0,0.0,0.0,0
2024-10-24,Bhopal,27.6,65.2,11.9,1004.1,1526.4,527,13.1,18.9,5.7,0
2024-10-25,Bhopal,34.9,76.9,8.3,1009.5,1801.8,527,1.3,0.0,-1.3,0
2024-10-26,Bhopal,34.2,82.4,13.3,1002.7,1942.7,527,0.4,0.0,-0.4,0
2024-10-27,Bhopal,30.5,64.0,19.0,1002.9,1593.1,527,40.1,38.4,-1.7,0
2024-10-28,Bhopal,31.3,63.1,20.3,1002.3,1605.6,527,58.4,58.1,-0.3,0
2024-10-29,Bhopal,26.7,57.7,21.5,1010.7,1320.5,527,0.0,0.0,0.0,0
2024-10-30,Bhopal,31.4,78.9,10.6,1004.0,1810.3,527,33.0,39.9,6.9,0
2024-10-31,Bhopal,33.9,62.3,9.0,1013.6,1523.3,527,0.0,0.0,0.0,0
2024-11-01,Bhopal,28.0,90.5,2.0,1004.1,1889.7,527,15.1,15.6,0.5,0
2024-11-02,Bhopal,33.2,74.4,21.4,1015.7,1648.9,527,0.0,0.0,0.0,0
2024-11-03,Bhopal,34.5,98.0,14.0,1011.0,2066.8,527,6.3,4.5,-1.9,0
2024-11-04,Bhopal,31.8,69.5,16.7,1000.9,1724.9,527,5.7,9.7,4.0,0
2024-11-05,Bhopal,35.6,78.4,15.1,1006.5,1874.9,527,0.0,0.0,0.0,0
2024-11-06,Bhopal,30.7,85.8,9.4,1012.5,1789.3,527,0.0,0.0,0.0,0
2024-11-07,Bhopal,34.2,66.0,16.4,1008.5,1643.1,527,0.0,2.3,2.3,0
2024-11-08,Bhopal,34.3,73.8,8.9,998.9,1869.0,527,1.0,0.0,-1.0,0
2024-11-09,Bhopal,33.1,89.7,4.6,1016.6,1849.9,527,0.7,3.1,2.4,0
2024-11-10,Bhopal,27.6,83.1,9.3,1007.6,1734.3,527,2.7,0.0,-2.7,0
2024-11-11,Bhopal,26.5,77.2,14.7,1008.4,1616.4,527,0.0,0.0,0.0,0
2024-11-12,Bhopal,26.8,60.2,19.2,1002.0,1460.8,527,10.7,12.2,1.5,0
2024-11-13,Bhopal,30.2,70.2,13.4,1004.2,1658.0,527,0.0,0.0,0.0,0
2024-11-14,Bhopal,32.1,89.4,14.3,1006.7,1942.0,527,0.0,0.0,0.0,0
2024-11-15,Bhopal,28.3,61.7,18.1,1003.0,1507.7,527,60.3,60.3,-0.0,0
2024-11-16,Bhopal,24.7,95.0,8.8,1006.0,1850.7,527,14.8,27.6,12.8,0
2024-11-17,Bhopal,25.2,83.9,16.5,1007.3,1691.5,527,0.0,0.0,0.0,0
2024-11-18,Bhopal,27.2,95.7,2.8,1017.0,1788.4,527,0.0,0.0,0.0,0
2024-11-19,Bhopal,29.9,73.6,20.6,1006.5,1670.8,527,16.2,13.3,-2.9,0
2024-11-20,Bhopal,31.2,97.2,16.4,1004.8,2053.0,527,4.3,0.0,-4.3,0
2024-11-21,Bhopal,31.4,74.1,7.4,1017.4,1582.6,527,29.5,32.5,3.0,0
2024-11-22,Bhopal,37.2,59.5,2.0,1016.6,1525.3,527,71.2,73.6,2.3,0
2024-11-23,Bhopal,29.9,84.3,3.3,1010.4,1773.9,527,59.4,67.6,8.2,0
2024-11-24,Bhopal,31.0,89.4,15.5,1016.8,1794.5,527,11.1,10.0,-1.1,0
2024-11-25,Bhopal,30.7,90.5,6.0,1018.6,1782.1,527,0.0,0.0,0.0,0
2024-11-26,Bhopal,29.5,76.4,17.7,1001.9,1754.1,527,0.0,0.0,0.0,0
2024-11-27,Bhopal,30.4,72.5,10.7,1010.7,1616.4,527,0.1,0.0,-0.1,0
2024-11-28,Bhopal,29.3,79.5,23.9,1007.6,1724.4,527,14.8,23.0,8.1,0
2024-11-29,Bhopal,30.9,81.7,4.3,1004.1,1837.3,527,23.8,23.8,-0.0,0
2024-11-30,Bhopal,28.1,61.5,15.4,1008.7,1430.6,527,42.1,38.2,-3.9,0
2024-12-01,Bhopal,28.2,90.4,10.8,1013.9,1774.3,527,0.0,1.9,1.9,0
2024-12-02,Bhopal,27.6,70.4,6.2,1005.2,1585.7,527,32.6,27.7,-5.0,0
2024-12-03,Bhopal,30.9,67.0,8.1,1008.7,1576.0,527,27.1,27.4,0.2,0
2024-12-04,Bhopal,35.1,68.1,6.2,1008.4,1695.2,527,74.2,76.5,2.2,0
2024-12-05,Bhopal,28.9,59.9,11.8,1006.0,1459.6,527,21.4,27.8,6.4,0
2024-12-06,Bhopal,26.6,78.8,7.6,1001.9,1718.8,527,10.3,11.4,1.1,0
2024-12-07,Bhopal,36.5,80.6,9.6,1013.8,1838.1,527,8.6,13.8,5.2,0
2024-12-08,Bhopal,31.9,74.2,6.9,1013.9,1638.2,527,36.2,36.6,0.5,0
2024-12-09,Bhopal,33.9,84.9,8.0,1000.9,1992.3,527,0.7,6.6,5.9,0
2024-12-10,Bhopal,29.4,88.6,9.6,1013.5,1784.7,527,0.0,10.1,10.1,0
2024-12-11,Bhopal,27.3,77.5,28.5,1008.3,1639.4,527,62.2,65.5,3.3,0
2024-12-12,Bhopal,25.0,87.6,2.0,1005.9,1755.8,527,0.0,0.0,0.0,0
2024-12-13,Bhopal,35.2,62.7,6.6,1012.7,1571.1,527,0.0,0.0,0.0,0
2024-12-14,Bhopal,32.0,71.8,4.5,1011.2,1638.1,527,0.0,0.0,0.0,0
2024-12-15,Bhopal,25.6,79.8,15.6,1008.4,1630.5,527,0.1,9.9,9.8,0
2024-12-16,Bhopal,32.7,64.4,18.9,1008.6,1582.9,527,0.0,0.0,0.0,0
2024-12-17,Bhopal,33.8,70.1,12.7,1015.6,1605.6,527,0.0,0.0,0.0,0
2024-12-18,Bhopal,31.7,56.3,9.0,1012.7,1395.9,527,0.0,0.0,0.0,0
2024-12-19,Bhopal,34.5,74.2,26.9,1012.1,1721.1,527,0.0,0.0,0.0,0
2024-12-20,Bhopal,28.7,69.5,15.2,1015.2,1480.0,527,0.0,6.2,6.2,0
2024-12-21,Bhopal,33.4,87.8,8.7,1014.2,1861.8,527,0.6,0.0,-0.6,0
2024-12-22,Bhopal,32.7,74.6,7.8,1007.5,1738.2,527,22.4,21.0,-1.4,0
2024-12-23,Bhopal,30.1,74.5,16.0,1003.5,1724.0,527,3.6,0.0,-3.6,0
2024-12-24,Bhopal,33.4,75.9,11.2,1013.7,1700.0,527,16.1,13.8,-2.3,0
2024-12-25,Bhopal,26.8,72.3,12.0,1003.7,1612.3,527,0.0,0.0,0.0,0
2024-12-26,Bhopal,30.0,91.0,22.1,997.9,2017.8,527,40.9,48.5,7.6,0
2024-12-27,Bhopal,29.1,52.8,15.5,1003.3,1397.1,527,10.5,6.6,-3.9,0
2024-12-28,Bhopal,31.5,83.4,16.0,1005.9,1852.4,527,2.0,0.0,-2.0,0
2024-12-29,Bhopal,30.4,88.0,10.3,1015.0,1781.4,527,0.0,0.0,0.0,0
2024-12-30,Bhopal,31.4,76.9,2.0,999.0,1842.5,527,21.8,21.5,-0.4,0
2024-12-31,Bhopal,36.8,82.8,6.5,1008.2,1945.9,527,0.0,5.8,5.8,0
2025-01-01,Bhopal,29.9,82.5,19.6,1006.1,1798.8,527,16.5,19.8,3.3,0
2025-01-02,Bhopal,33.7,66.9,12.1,1007.1,1661.3,527,39.7,46.7,7.0,0
2025-01-03,Bhopal,36.4,92.4,17.1,1005.4,2100.8,527,1.6,0.0,-1.6,0
2025-01-04,Bhopal,27.6,60.7,16.0,1004.9,1453.5,527,0.0,0.0,0.0,0
2025-01-05,Bhopal,33.9,74.2,20.0,1013.7,1687.6,527,20.7,24.4,3.7,0
2025-01-06,Bhopal,26.9,61.4,2.0,1002.6,1474.9,527,0.0,0.0,0.0,0
2025-01-07,Bhopal,29.8,67.5,11.7,1012.9,1505.3,527,1.5,0.0,-1.5,0
2025-01-08,Bhopal,30.1,90.1,10.4,1016.9,1780.6,527,0.0,0.0,0.0,0
2025-01-09,Bhopal,34.4,68.8,19.5,1007.7,1695.3,527,0.0,0.0,0.0,0
2025-01-10,Bhopal,28.3,65.9,16.3,1008.8,1496.3,527,81.5,81.0,-0.4,0
2025-01-11,Bhopal,29.8,73.2,2.6,1011.8,1596.6,527,0.7,0.0,-0.7,0
2025-01-12,Bhopal,30.9,41.5,8.9,1012.6,1172.5,527,0.0,0.0,0.0,0
2025-01-13,Bhopal,28.7,64.6,15.1,1002.8,1560.0,527,30.7,26.4,-4.3,0
2025-01-14,Bhopal,37.0,81.0,10.4,1008.0,1926.5,527,0.0,0.0,0.0,0
2025-01-15,Bhopal,29.3,78.3,16.0,1010.8,1670.1,527,0.0,0.0,0.0,0
2025-01-16,Bhopal,33.6,79.8,3.0,1001.2,1909.1,527,0.0,0.0,0.0,0
2025-01-17,Bhopal,29.1,76.5,16.4,1014.5,1595.2,527,0.0,0.0,0.0,0
2025-01-18,Bhopal,32.6,64.4,28.5,1008.4,1582.6,527,0.0,0.0,0.0,0
2025-01-19,Bhopal,29.3,90.7,8.1,1009.5,1859.0,527,0.0,0.0,0.0,0
2025-01-20,Bhopal,31.7,89.5,23.4,1002.3,1985.7,527,0.0,0.0,0.0,0
2025-01-21,Bhopal,35.0,62.0,15.7,1008.7,1604.1,527,35.3,38.2,2.8,0
2025-01-22,Bhopal,38.2,83.9,15.3,1004.6,2036.4,527,2.7,0.0,-2.7,0
2025-01-23,Bhopal,34.5,72.5,4.8,1000.6,1836.5,527,9.5,18.1,8.6,0
2025-01-24,Bhopal,31.4,98.0,11.4,1007.3,2037.6,527,98.1,88.2,-9.8,0
2025-01-25,Bhopal,29.4,84.2,21.4,1003.8,1839.4,527,0.0,0.0,0.0,0
2025-01-26,Bhopal,30.1,58.3,20.4,1012.6,1386.6,527,9.7,12.7,3.0,0
2025-01-27,Bhopal,29.7,65.9,11.7,1009.9,1518.0,527,13.0,17.3,4.2,0
2025-01-28,Bhopal,34.2,63.3,21.4,1012.4,1559.3,527,0.0,3.6,3.6,0
2025-01-29,Bhopal,32.2,73.0,17.3,1006.2,1721.7,527,3.0,0.0,-3.0,0
2025-01-30,Bhopal,26.3,79.4,9.6,1007.2,1656.8,527,0.0,0.0,0.0,0
2025-01-31,Bhopal,34.2,92.0,4.3,1015.4,1925.3,527,0.0,0.0,0.0,0
2025-02-01,Bhopal,33.1,73.5,5.2,1004.6,1768.6,527,18.9,19.3,0.4,0
2025-02-02,Bhopal,28.6,61.7,11.3,1013.2,1392.0,527,9.7,11.8,2.1,0
2025-02-03,Bhopal,28.4,54.8,16.2,1007.1,1363.8,527,0.0,0.0,0.0,0
2025-02-04,Bhopal,30.1,62.2,8.7,995.7,1646.2,527,0.0,8.0,8.0,0
2025-02-05,Bhopal,42.3,85.1,8.9,998.1,2229.6,527,40.9,46.6,5.7,0
2025-02-06,Bhopal,25.9,64.3,17.3,1009.5,1408.7,527,0.0,0.0,0.0,0
2025-02-07,Bhopal,30.3,70.6,21.0,1012.7,1564.8,527,4.0,7.4,3.4,0
2025-02-08,Bhopal,33.4,40.9,13.5,1005.9,1304.9,527,0.0,0.0,0.0,0
2025-02-09,Bhopal,29.6,88.6,11.3,1009.7,1835.0,527,0.0,0.0,0.0,0
2025-02-10,Bhopal,28.2,83.1,12.0,1009.8,1722.6,527,27.4,17.6,-9.8,0
2025-02-11,Bhopal,26.0,79.0,2.0,1005.3,1666.6,527,0.0,0.0,0.0,0
2025-02-12,Bhopal,32.5,70.1,20.5,1010.7,1632.4,527,24.7,25.8,1.1,0
2025-02-13,Bhopal,26.7,85.5,11.6,999.2,1846.8,527,12.1,17.6,5.5,0
2025-02-14,Bhopal,31.9,59.8,2.0,1014.3,1432.3,527,0.0,0.0,0.0,0
2025-02-15,Bhopal,30.3,58.8,8.0,1003.3,1510.8,527,0.0,0.0,0.0,0
2025-02-16,Bhopal,31.9,64.0,22.7,1006.0,1587.5,527,49.1,56.1,7.0,0
2025-02-17,Bhopal,34.8,74.1,5.3,1004.6,1816.8,527,0.0,1.4,1.4,0
2025-02-18,Bhopal,32.9,89.6,18.8,1003.2,2004.5,527,57.7,67.9,10.2,0
2025-02-19,Bhopal,27.4,81.1,26.5,1009.6,1679.0,527,5.9,0.0,-5.9,0
2025-02-20,Bhopal,31.9,82.5,20.1,1007.5,1830.4,527,15.4,20.4,5.1,0
2025-02-21,Bhopal,28.2,51.1,10.8,1000.7,1383.9,527,0.0,1.4,1.4,0
2025-02-22,Bhopal,31.1,87.4,3.0,1012.5,1820.3,527,4.8,8.3,3.5,0
2025-02-23,Bhopal,34.6,68.8,4.0,1001.9,1770.9,527,25.4,21.9,-3.5,0
2025-02-24,Bhopal,29.0,81.5,2.9,1008.9,1731.4,527,0.0,0.0,0.0,0
2025-02-25,Bhopal,31.4,77.7,2.0,1013.1,1683.4,527,5.6,8.1,2.5,0
2025-02-26,Bhopal,23.6,55.1,24.8,1008.7,1233.6,527,0.0,1.8,1.8,0
2025-02-27,Bhopal,31.1,79.9,10.8,1009.8,1747.9,527,0.0,0.0,0.0,0
2025-02-28,Bhopal,34.6,56.4,12.1,1016.0,1426.3,527,0.0,1.0,1.0,0
2025-03-01,Bhopal,34.3,79.9,17.7,1004.0,1893.6,527,3.8,2.8,-1.0,0
2025-03-02,Bhopal,31.1,55.6,10.4,1009.3,1413.1,527,24.9,31.1,6.1,0
2025-03-03,Bhopal,35.1,62.4,11.0,1020.1,1474.2,527,29.2,31.8,2.6,0
2025-03-04,Bhopal,25.8,77.7,12.9,1009.6,1592.2,527,0.0,0.0,0.0,0
2025-03-05,Bhopal,30.2,71.3,17.5,1012.2,1575.7,527,29.2,25.1,-4.1,0
2025-03-06,Bhopal,30.0,64.5,18.7,1010.5,1497.6,527,33.4,42.5,9.1,0
2025-03-07,Bhopal,34.0,67.6,8.4,1009.8,1644.9,527,15.3,29.7,14.4,0
2025-03-08,Bhopal,30.5,78.4,17.4,1005.9,1757.6,527,0.0,0.0,0.0,0
2025-03-09,Bhopal,33.4,71.4,15.4,1007.3,1713.3,527,5.4,17.5,12.1,0
2025-03-10,Bhopal,32.2,71.4,6.6,1000.8,1764.2,527,0.0,0.0,0.0,0
2025-03-11,Bhopal,32.9,77.7,10.9,1006.2,1804.2,527,56.5,61.1,4.6,0
2025-03-12,Bhopal,37.9,80.6,23.5,1007.7,1946.3,527,2.9,0.0,-2.9,0
2025-03-13,Bhopal,30.5,67.5,17.6,996.8,1715.1,527,20.6,16.4,-4.2,0
2025-03-14,Bhopal,31.8,57.8,4.8,1016.4,1375.5,527,2.0,1.9,-0.1,0
2025-03-15,Bhopal,27.7,91.7,18.1,1014.4,1776.5,527,8.1,6.3,-1.8,0
2025-03-16,Bhopal,32.2,78.4,20.9,999.3,1877.4,527,2.6,0.0,-2.6,0
2025-03-17,Bhopal,34.9,68.8,15.2,1008.2,1702.3,527,3.9,0.0,-3.9,0
2025-03-18,Bhopal,28.3,83.4,15.8,1016.4,1649.9,527,225.7,230.5,4.8,0
2025-03-19,Bhopal,32.8,90.8,8.2,1000.6,2052.2,527,11.7,15.7,4.0,0
2025-03-20,Bhopal,36.1,98.0,12.4,1010.8,2109.2,527,12.7,9.6,-3.1,0
2025-03-21,Bhopal,22.1,64.5,3.3,1015.4,1248.9,527,0.0,10.8,10.8,0
2025-03-22,Bhopal,34.3,55.2,9.7,1005.1,1535.0,527,0.0,0.0,0.0,0
2025-03-23,Bhopal,30.7,67.9,13.1,1012.2,1541.1,527,6.8,9.1,2.4,0
2025-03-24,Bhopal,30.2,80.6,11.4,1013.4,1693.0,527,27.6,27.8,0.2,0
2025-03-25,Bhopal,29.0,84.5,11.6,1007.8,1785.6,527,29.5,29.0,-0.5,0
2025-03-26,Bhopal,30.6,66.3,7.9,1008.7,1557.6,527,0.0,0.0,0.0,0
2025-03-27,Bhopal,38.3,75.5,4.6,1004.9,1918.1,527,0.0,0.0,0.0,0
2025-03-28,Bhopal,30.1,60.4,8.2,1012.4,1420.5,527,9.8,13.2,3.4,0
2025-03-29,Bhopal,25.4,80.0,14.7,1005.8,1661.5,527,0.0,6.0,6.0,0
2025-03-30,Bhopal,30.9,70.6,20.1,1012.9,1574.4,527,0.0,0.0,0.0,0
2025-03-31,Bhopal,32.1,76.7,5.5,1016.1,1652.8,527,0.0,0.0,0.0,0
2025-04-01,Bhopal,34.3,61.4,13.2,1010.4,1557.3,527,0.0,6.3,6.3,0
2025-04-02,Bhopal,35.8,75.9,10.3,1009.6,1806.2,527,1.9,0.0,-1.9,0
2025-04-03,Bhopal,25.9,71.3,13.5,1013.2,1461.0,527,18.5,21.4,2.9,0
2025-04-04,Bhopal,30.9,75.0,10.9,999.6,1796.9,527,0.8,0.0,-0.8,0
2025-04-05,Bhopal,27.5,60.8,12.2,1001.8,1488.7,527,0.0,0.0,0.0,0
2025-04-06,Bhopal,30.4,61.6,3.6,1021.0,1340.0,527,7.9,5.3,-2.6,0
2025-04-07,Bhopal,32.3,80.3,9.3,1009.2,1787.5,527,0.0,0.0,0.0,0
2025-04-08,Bhopal,31.9,57.5,14.4,1009.3,1459.4,527,4.5,4.7,0.3,0
2025-04-09,Bhopal,30.7,69.3,22.0,1011.4,1571.8,527,18.9,23.6,4.7,0
2025-04-10,Bhopal,28.5,69.3,16.4,1011.1,1521.9,527,2.0,7.2,5.2,0
2025-04-11,Bhopal,30.8,81.2,7.0,1017.8,1661.4,527,0.0,0.0,0.0,0
2025-04-12,Bhopal,33.3,63.7,15.9,1003.8,1643.5,527,17.4,12.4,-5.1,0
2025-04-13,Bhopal,33.3,74.0,9.5,1006.1,1762.2,527,0.0,0.2,0.2,0
2025-04-14,Bhopal,27.3,69.8,10.7,1001.2,1616.8,527,98.1,96.9,-1.2,0
2025-04-15,Bhopal,29.9,63.1,21.5,1003.8,1555.2,527,0.0,0.0,0.0,0
2025-04-16,Bhopal,42.3,79.9,5.2,1016.8,1931.1,527,0.0,0.0,0.0,0
2025-04-17,Bhopal,38.7,87.6,8.3,1004.9,2097.6,527,0.0,0.0,0.0,0
2025-04-18,Bhopal,36.4,68.3,16.8,1009.1,1721.0,527,0.0,0.0,0.0,0
2025-04-19,Bhopal,30.1,69.1,11.5,1009.0,1582.7,527,0.0,0.0,0.0,0
2025-04-20,Bhopal,29.2,63.0,4.7,1000.4,1577.1,527,6.8,0.0,-6.8,0
2025-04-21,Bhopal,35.8,74.2,15.0,1010.7,1768.9,527,0.0,0.0,0.0,0
2025-04-22,Bhopal,31.8,76.6,19.8,1015.7,1646.8,527,0.0,6.6,6.6,0
2025-04-23,Bhopal,32.8,66.2,6.7,1006.1,1640.1,527,0.0,0.0,0.0,0
2025-04-24,Bhopal,30.7,77.5,23.3,1012.6,1670.5,527,0.0,0.0,0.0,0
2025-04-25,Bhopal,28.4,65.1,12.1,1018.6,1369.5,527,32.8,29.0,-3.9,0
2025-04-26,Bhopal,31.5,83.9,24.5,999.6,1935.2,527,37.6,44.2,6.7,0
2025-04-27,Bhopal,26.3,77.0,14.6,1008.9,1602.5,527,0.3,0.0,-0.3,0
2025-04-28,Bhopal,29.4,66.8,21.2,998.4,1659.9,527,0.0,0.0,0.0,0
2025-04-29,Bhopal,29.7,52.4,15.5,998.0,1469.1,527,23.8,28.1,4.3,0
2025-04-30,Bhopal,24.5,75.3,7.2,1002.0,1617.9,527,20.1,26.0,5.9,0
2025-05-01,Bhopal,30.0,76.1,22.0,1018.5,1563.2,527,4.5,0.0,-4.5,0
2025-05-02,Bhopal,31.4,78.0,14.0,1006.6,1765.9,527,0.0,0.4,0.4,0
2025-05-03,Bhopal,32.6,82.8,22.4,1009.2,1833.0,527,6.2,0.0,-6.2,0
2025-05-04,Bhopal,31.9,76.6,12.7,1011.7,1697.8,527,0.0,0.0,0.0,0
2025-05-05,Bhopal,34.2,84.8,12.7,1002.8,1974.0,527,0.0,5.6,5.6,0
2025-05-06,Bhopal,29.8,79.5,8.7,1003.1,1790.4,527,13.6,13.2,-0.4,0
2025-05-07,Bhopal,23.2,70.8,4.9,1003.6,1505.4,527,42.7,40.9,-1.8,0
2025-05-08,Bhopal,28.9,64.8,11.7,1008.9,1495.5,527,0.0,8.9,8.9,0
2025-05-09,Bhopal,29.9,85.4,14.1,1011.0,1781.1,527,0.0,0.0,0.0,0
2025-05-10,Bhopal,34.2,91.1,19.1,1012.3,1949.5,527,28.5,36.3,7.8,0
2025-05-11,Bhopal,25.5,80.0,20.3,1004.0,1682.6,527,0.0,0.0,0.0,0
2025-05-12,Bhopal,31.3,78.7,29.9,1002.3,1825.1,527,1.2,0.0,-1.2,0
2025-05-13,Bhopal,29.7,53.5,15.4,1009.6,1346.4,527,19.5,24.1,4.6,0
2025-05-14,Bhopal,28.4,82.7,17.4,1002.6,1808.6,527,0.0,4.9,4.9,0
2025-05-15,Bhopal,30.0,81.4,12.9,1007.1,1773.5,527,0.0,0.0,0.0,0
2025-05-16,Bhopal,33.6,78.2,16.2,1002.2,1873.3,527,0.0,0.0,0.0,0
2025-05-17,Bhopal,29.7,78.5,19.9,999.7,1815.7,527,1.6,5.5,3.9,0
2025-05-18,Bhopal,27.7,76.2,7.6,1005.8,1662.1,527,0.0,0.0,0.0,0
2025-05-19,Bhopal,29.1,74.6,20.0,1007.3,1655.5,527,9.4,16.8,7.4,0
2025-05-20,Bhopal,33.0,97.5,14.9,998.1,2180.4,527,0.3,7.4,7.2,0
2025-05-21,Bhopal,25.0,68.4,9.8,1004.1,1507.8,527,12.6,12.0,-0.6,0
2025-05-22,Bhopal,32.9,62.4,10.9,1009.6,1548.1,527,8.0,6.0,-2.0,0
2025-05-23,Bhopal,34.9,73.1,9.3,1008.8,1755.7,527,33.2,23.5,-9.6,0
2025-05-24,Bhopal,27.3,63.9,12.9,1008.9,1441.0,527,0.0,0.0,0.0,0
2025-05-25,Bhopal,27.2,76.2,12.1,1007.8,1627.1,527,16.9,21.9,5.0,0
2025-05-26,Bhopal,26.8,75.7,8.5,1018.0,1486.8,527,41.0,47.5,6.5,0
2025-05-27,Bhopal,32.4,81.8,11.8,1014.3,1751.8,527,0.0,9.4,9.4,0
2025-05-28,Bhopal,28.2,78.1,14.5,1002.6,1736.8,527,3.8,0.0,-3.8,0
2025-05-29,Bhopal,30.9,69.8,13.4,1013.8,1554.5,527,1.3,5.2,3.9,0
2025-05-30,Bhopal,31.5,84.5,12.3,1010.4,1814.6,527,0.0,2.8,2.8,0
2025-05-31,Bhopal,30.1,72.4,10.1,1010.4,1612.4,527,19.8,22.7,2.9,0
2025-06-01,Bhopal,25.4,74.4,12.4,1009.2,1540.0,527,6.1,6.2,0.0,0
2025-06-02,Bhopal,30.0,76.1,10.3,1008.0,1690.1,527,34.1,34.8,0.8,0
2025-06-03,Bhopal,27.6,79.7,8.4,1008.8,1672.4,527,0.0,0.0,0.0,0
2025-06-04,Bhopal,29.7,47.4,21.8,1013.1,1220.6,527,0.2,10.8,10.6,0
2025-06-05,Bhopal,30.3,75.8,10.1,1010.6,1662.2,527,0.0,0.0,0.0,0
2025-06-06,Bhopal,29.2,61.5,4.1,1012.9,1406.5,527,34.8,33.7,-1.1,0
2025-06-07,Bhopal,25.9,85.6,12.3,1012.5,1668.4,527,0.0,0.0,0.0,0
2025-06-08,Bhopal,35.4,66.5,14.3,1009.2,1669.7,527,0.0,0.0,0.0,0
2025-06-09,Bhopal,30.6,67.8,20.1,1004.7,1628.2,527,0.0,0.0,0.0,0
2025-06-10,Bhopal,20.5,69.1,28.6,1014.4,1287.9,527,0.0,0.0,0.0,0
2025-06-11,Bhopal,28.8,75.8,2.0,1011.5,1612.9,527,0.0,1.2,1.2,0
2025-06-12,Bhopal,32.7,73.7,2.0,1019.0,1588.8,527,2.9,0.0,-2.9,0
2025-06-13,Bhopal,33.4,64.6,2.6,999.1,1717.3,527,3.4,8.6,5.2,0
2025-06-14,Bhopal,27.7,72.3,21.5,1009.9,1560.3,527,0.0,0.0,0.0,0
2025-06-15,Bhopal,32.9,71.9,8.6,1007.4,1707.7,527,5.5,11.0,5.5,0
2025-06-16,Bhopal,32.1,74.7,11.1,995.2,1874.4,527,0.0,0.0,0.0,0
2025-06-17,Bhopal,30.9,78.3,12.1,1001.3,1821.8,527,0.0,0.0,0.0,0
2025-06-18,Bhopal,33.3,71.3,14.5,1016.4,1600.3,527,19.6,19.4,-0.3,0
2025-06-19,Bhopal,36.9,64.5,14.1,1011.7,1648.0,527,18.9,19.4,0.4,0
2025-06-20,Bhopal,28.5,94.0,3.7,1017.7,1788.4,527,53.5,54.5,1.0,0
2025-06-21,Bhopal,29.2,72.4,11.7,1014.3,1543.3,527,0.0,0.0,0.0,0
2025-06-22,Bhopal,29.0,87.9,11.0,1006.3,1851.1,527,0.0,0.0,0.0,0
2025-06-23,Bhopal,32.1,64.0,16.9,1002.1,1640.2,527,2.5,0.0,-2.5,0
2025-06-24,Bhopal,25.1,56.7,2.0,1006.2,1321.0,527,7.7,15.6,7.9,0
2025-06-25,Bhopal,28.4,71.0,18.6,1005.8,1607.6,527,0.0,1.2,1.2,0
2025-06-26,Bhopal,31.3,69.8,18.4,1003.7,1684.3,527,0.2,3.8,3.6,0
2025-06-27,Bhopal,37.2,77.7,7.2,1009.7,1865.3,527,3.2,18.4,15.2,0
2025-06-28,Bhopal,31.0,77.3,11.5,1002.9,1791.8,527,0.0,0.0,0.0,0
2025-06-29,Bhopal,33.9,62.9,11.6,1003.8,1648.1,527,36.4,39.1,2.7,0
2025-06-30,Bhopal,39.7,88.3,13.2,1011.4,2052.4,527,0.0,0.0,0.0,0
2025-07-01,Bhopal,28.2,83.1,14.5,1010.0,1720.2,527,0.0,1.9,1.9,0
2025-07-02,Bhopal,31.3,63.7,14.8,1006.2,1570.2,527,0.0,0.0,0.0,0
2025-07-03,Bhopal,35.6,60.6,7.3,1013.6,1540.1,527,7.3,7.3,0.0,0
2025-07-04,Bhopal,29.1,95.5,13.8,1008.8,1929.1,527,9.8,14.6,4.8,0
2025-07-05,Bhopal,29.6,64.5,11.6,1003.1,1574.9,527,0.0,0.0,0.0,0
2025-07-06,Bhopal,30.9,85.1,17.9,1003.0,1896.0,527,0.0,0.0,0.0,0
2025-07-07,Bhopal,33.6,73.4,3.2,1009.1,1725.5,527,1.6,2.9,1.2,0
2025-07-08,Bhopal,32.9,81.8,19.9,1002.7,1902.9,527,0.0,0.0,0.0,0
2025-07-09,Bhopal,33.6,92.3,18.7,1013.6,1936.1,527,55.6,59.6,4.0,0
2025-07-10,Bhopal,26.8,77.6,13.5,1010.9,1598.3,527,103.4,105.8,2.4,0
2025-07-11,Bhopal,28.3,81.9,4.1,1015.3,1642.8,527,26.9,28.7,1.8,0
2025-07-12,Bhopal,33.1,57.1,16.9,1009.5,1478.7,527,0.0,0.0,0.0,0
2025-07-13,Bhopal,29.9,95.5,2.5,1000.2,2051.3,527,54.7,61.7,6.9,0
2025-07-14,Bhopal,26.7,50.0,18.1,1014.3,1169.3,527,5.9,0.0,-5.9,0
2025-07-15,Bhopal,27.5,71.0,2.6,1013.6,1491.1,527,4.5,11.7,7.3,0
2025-07-16,Bhopal,36.1,72.6,9.3,1019.3,1651.2,527,49.5,59.4,9.8,0
2025-07-17,Bhopal,32.1,67.9,12.5,1013.2,1562.1,527,21.4,14.4,-7.0,0
2025-07-18,Bhopal,29.2,92.6,20.5,1007.7,1904.7,527,0.0,0.0,0.0,0
2025-07-19,Bhopal,27.8,91.2,12.8,1016.5,1744.9,527,64.2,71.4,7.3,0
2025-07-20,Bhopal,31.7,96.0,9.8,1002.5,2073.8,527,22.3,32.3,10.0,0
2025-07-21,Bhopal,34.1,93.7,8.9,1007.1,2045.5,527,0.0,0.0,0.0,0
2025-07-22,Bhopal,28.8,82.4,17.1,1007.7,1753.4,527,0.8,5.9,5.1,0
2025-07-23,Bhopal,30.2,96.4,2.6,996.9,2112.5,527,0.7,0.0,-0.7,0
2025-07-24,Bhopal,35.0,85.6,17.3,1004.6,1982.9,527,62.8,63.4,0.5,0
2025-07-25,Bhopal,28.0,70.2,14.3,1003.7,1609.9,527,5.7,0.0,-5.7,0
2025-07-26,Bhopal,29.5,85.2,13.5,1012.3,1752.6,527,3.6,9.8,6.3,0
2025-07-27,Bhopal,26.3,84.3,11.3,1023.4,1531.1,527,7.9,0.0,-7.9,0
2025-07-28,Bhopal,29.7,90.7,16.0,1005.9,1912.2,527,11.9,22.4,10.5,0
2025-07-29,Bhopal,33.7,70.7,13.4,1005.9,1726.5,527,0.0,0.0,0.0,0
2025-07-30,Bhopal,31.1,65.2,5.8,1010.4,1535.8,527,0.0,0.0,0.0,0
2025-07-31,Bhopal,33.6,75.6,11.7,1010.1,1744.0,527,0.0,0.0,0.0,0
2025-08-01,Bhopal,30.5,75.0,2.0,1008.1,1686.1,527,8.4,2.3,-6.1,0
2025-08-02,Bhopal,26.7,58.0,5.7,1005.3,1390.0,527,62.4,63.0,0.6,0
2025-08-03,Bhopal,24.3,75.0,13.9,1006.4,1558.0,527,3.9,10.7,6.8,0
2025-08-04,Bhopal,25.5,71.1,21.1,1015.1,1425.7,527,0.0,4.5,4.5,0
2025-08-05,Bhopal,32.9,93.9,23.5,1007.4,2014.8,527,0.0,0.0,0.0,0
2025-08-06,Bhopal,27.2,56.8,12.6,1002.4,1420.6,527,7.7,9.2,1.5,0
2025-08-07,Bhopal,25.6,73.3,3.7,1014.1,1470.8,527,0.0,0.0,0.0,0
2025-08-08,Bhopal,31.6,73.5,16.6,1014.2,1618.8,527,12.6,11.6,-1.1,0
2025-08-09,Bhopal,26.0,50.4,13.4,1010.5,1203.7,527,0.0,0.0,0.0,0
2025-08-10,Bhopal,28.7,63.6,7.4,1004.0,1530.9,527,0.0,0.0,0.0,0
2025-08-11,Bhopal,25.9,84.4,8.9,1008.9,1696.6,527,0.0,0.0,0.0,0
2025-08-12,Bhopal,25.3,48.3,27.5,1004.0,1234.5,527,52.0,53.0,0.9,0
2025-08-13,Bhopal,34.1,85.3,3.3,1014.3,1839.7,527,44.6,49.7,5.1,0
2025-08-14,Bhopal,23.2,71.5,6.2,1002.4,1527.9,527,3.4,4.0,0.6,0
2025-08-15,Bhopal,33.9,77.4,14.6,1005.8,1828.4,527,0.0,0.0,0.0,0
2025-08-16,Bhopal,32.5,88.9,13.9,1015.7,1836.7,527,0.0,0.0,0.0,0
2025-08-17,Bhopal,28.0,71.0,15.5,1010.2,1543.2,527,0.0,4.4,4.4,0
2025-08-18,Bhopal,33.4,70.7,19.8,1019.0,1562.7,527,59.7,67.1,7.3,0
2025-08-19,Bhopal,24.9,81.4,20.1,997.7,1766.0,527,0.0,0.0,0.0,0
2025-08-20,Bhopal,34.5,78.4,14.1,1010.8,1796.1,527,5.2,12.2,7.0,0
2025-08-21,Bhopal,27.2,73.9,17.0,1013.0,1532.3,527,0.0,0.0,0.0,0
2025-08-22,Bhopal,33.6,73.3,20.8,1004.3,1782.1,527,0.0,0.0,0.0,0
2025-08-23,Bhopal,31.2,75.7,23.8,1002.8,1773.5,527,0.0,0.0,0.0,0
2025-08-24,Bhopal,31.0,83.4,6.4,1017.7,1700.1,527,1.1,0.0,-1.1,0
2025-08-25,Bhopal,32.4,73.7,15.1,1002.2,1782.5,527,17.6,20.8,3.2,0
2025-08-26,Bhopal,39.5,69.2,14.4,1015.2,1734.6,527,74.8,75.5,0.7,0
2025-08-27,Bhopal,26.2,54.7,24.4,1005.4,1328.9,527,5.6,0.0,-5.6,0
2025-08-28,Bhopal,29.3,69.4,13.5,1009.2,1565.8,527,0.0,0.0,0.0,0
2025-08-29,Bhopal,27.3,71.9,20.4,1010.1,1538.9,527,34.2,35.2,1.1,0
2025-08-30,Bhopal,38.0,64.3,13.3,1008.6,1708.3,527,0.0,0.0,0.0,0
2025-08-31,Bhopal,30.9,84.0,15.1,1006.2,1843.5,527,18.6,15.3,-3.3,0
2025-09-01,Bhopal,30.2,80.7,5.6,990.3,1970.0,527,0.0,0.0,0.0,0
2025-09-02,Bhopal,21.8,72.0,12.4,1009.2,1421.5,527,0.0,0.0,0.0,0
2025-09-03,Bhopal,28.9,64.8,5.8,1011.7,1459.1,527,5.3,2.0,-3.2,0
2025-09-04,Bhopal,36.1,75.6,15.5,1008.5,1822.7,527,0.0,0.0,0.0,0
2025-09-05,Bhopal,40.6,65.4,13.5,1015.7,1701.3,527,0.0,9.2,9.2,0
2025-09-06,Bhopal,36.2,98.0,16.2,1006.2,2166.8,527,8.4,15.1,6.6,0
2025-09-07,Bhopal,28.0,71.6,13.9,1010.7,1546.0,527,36.2,34.7,-1.5,0
2025-09-08,Bhopal,28.9,54.2,18.2,1006.3,1375.2,527,18.1,22.2,4.1,0
2025-09-09,Bhopal,30.6,76.3,12.4,1014.2,1632.3,527,5.7,10.3,4.6,0
2025-09-10,Bhopal,35.3,57.9,21.2,1009.8,1540.6,527,22.9,23.1,0.2,0
2025-09-11,Bhopal,34.3,69.5,3.2,1003.0,1760.7,527,6.7,12.5,5.8,0
2025-09-12,Bhopal,35.2,90.0,12.7,1009.3,1992.4,527,61.7,58.7,-3.0,0
2025-09-13,Bhopal,34.5,78.6,15.4,1016.4,1730.2,527,92.9,92.9,-0.0,0
2025-09-14,Bhopal,30.6,77.9,6.4,1007.1,1739.5,527,0.0,0.0,0.0,0
2025-09-15,Bhopal,34.0,92.3,18.7,1005.0,2048.6,527,0.0,0.0,0.0,0
2025-09-16,Bhopal,23.7,64.5,18.3,1007.7,1379.0,527,0.3,0.0,-0.3,0
2025-09-17,Bhopal,33.4,71.1,21.1,1006.4,1719.7,527,0.0,0.0,0.0,0
2025-09-18,Bhopal,30.4,75.3,19.6,1012.7,1630.4,527,31.1,35.7,4.7,0
2025-09-19,Bhopal,26.7,75.8,15.6,1015.3,1518.5,527,0.0,0.0,0.0,0
2025-09-20,Bhopal,32.8,76.9,10.6,1000.6,1856.5,527,30.4,43.4,13.0,0
2025-09-21,Bhopal,28.6,54.7,4.9,1016.0,1261.9,527,41.3,42.1,0.8,0
2025-09-22,Bhopal,27.6,98.0,19.9,1007.1,1948.9,527,49.0,54.2,5.2,0
2025-09-23,Bhopal,37.2,55.8,9.8,1008.1,1575.0,527,3.5,8.2,4.7,0
2025-09-24,Bhopal,27.0,59.0,10.5,1017.5,1263.4,527,20.6,22.4,1.8,0
2025-09-25,Bhopal,31.5,78.0,20.8,1001.9,1826.5,527,0.0,0.0,0.0,0
2025-09-26,Bhopal,31.6,74.0,2.9,1007.7,1702.0,527,0.0,1.0,1.0,0
2025-09-27,Bhopal,36.2,84.9,7.7,1009.8,1939.9,527,159.7,163.0,3.3,0
2025-09-28,Bhopal,26.3,78.8,23.1,1008.2,1637.1,527,5.0,0.0,-5.0,0
2025-09-29,Bhopal,31.1,59.4,17.2,1010.6,1451.1,527,0.0,0.0,0.0,0
2025-09-30,Bhopal,38.9,74.9,19.2,1002.5,1950.6,527,0.0,0.0,0.0,0
2025-10-01,Bhopal,32.1,59.9,2.0,1005.1,1549.2,527,0.0,0.0,0.0,0
2025-10-02,Bhopal,30.6,61.8,3.4,1009.3,1487.0,527,0.8,0.0,-0.8,0
2025-10-03,Bhopal,37.6,73.5,7.8,1013.8,1765.7,527,0.0,2.1,2.1,0
2025-10-04,Bhopal,28.7,61.8,11.3,1002.9,1518.4,527,10.8,18.1,7.3,0
2025-10-05,Bhopal,34.9,69.1,15.0,1010.5,1681.0,527,0.0,0.0,0.0,0
2025-10-06,Bhopal,31.7,73.2,7.7,1012.6,1634.4,527,21.0,13.0,-8.1,0
2025-10-07,Bhopal,30.5,85.3,4.9,1010.1,1803.8,527,0.0,0.0,0.0,0
2025-10-08,Bhopal,29.1,82.8,17.3,1007.2,1769.6,527,3.0,5.5,2.5,0
2025-10-09,Bhopal,26.7,78.4,13.7,1010.2,1615.4,527,0.0,0.0,0.0,0
2025-10-10,Bhopal,30.4,82.2,17.9,1012.5,1730.4,527,28.5,36.6,8.1,0
2025-10-11,Bhopal,23.7,59.9,8.9,1004.0,1359.9,527,59.8,59.2,-0.6,0
2025-10-12,Bhopal,30.5,71.3,9.6,1006.8,1649.1,527,0.0,0.0,0.0,0
2025-10-13,Bhopal,37.3,49.7,15.3,1012.3,1443.7,527,0.0,0.0,0.0,0
2025-10-14,Bhopal,30.1,67.9,11.4,1002.4,1645.4,527,4.5,0.0,-4.5,0
2025-10-15,Bhopal,30.3,59.0,13.2,1004.6,1498.2,527,19.2,23.6,4.5,0
2025-10-16,Bhopal,22.2,64.0,10.2,1010.3,1303.9,527,0.0,0.0,0.0,0
2025-10-17,Bhopal,28.5,86.6,17.0,1014.8,1720.1,527,47.0,53.8,6.8,0
2025-10-18,Bhopal,30.3,74.2,12.1,1006.7,1685.2,527,8.0,0.0,-8.0,0
2025-10-19,Bhopal,27.2,71.3,16.0,993.0,1735.0,527,27.9,30.8,2.9,0
2025-10-20,Bhopal,28.6,70.4,8.3,1006.0,1598.4,527,0.0,0.0,0.0,0
2025-10-21,Bhopal,26.3,75.2,13.5,1005.0,1624.6,527,0.0,0.0,0.0,0
2025-10-22,Bhopal,30.2,73.7,8.0,1012.6,1606.0,527,0.0,0.0,0.0,0
2025-10-23,Bhopal,35.9,80.8,13.5,1009.2,1882.2,527,0.0,0.0,0.0,0
2025-10-24,Bhopal,34.4,66.3,4.6,1007.1,1669.3,527,9.3,0.0,-9.3,0
2025-10-25,Bhopal,24.3,69.2,24.7,1008.1,1455.4,527,7.2,4.3,-2.8,0
2025-10-26,Bhopal,33.9,93.9,8.2,1010.3,2005.0,527,23.5,24.3,0.7,0
2025-10-27,Bhopal,33.2,84.1,16.3,999.9,1975.0,527,6.6,2.5,-4.2,0
2025-10-28,Bhopal,33.0,61.4,13.9,1012.7,1497.1,527,48.3,54.6,6.3,0
2025-10-29,Bhopal,29.4,69.6,4.2,1016.7,1479.1,527,0.0,0.0,0.0,0
2025-10-30,Bhopal,33.8,55.5,19.4,1004.8,1530.6,527,1.9,6.7,4.8,0
2025-10-31,Bhopal,27.5,59.0,10.9,1002.0,1461.8,527,2.3,0.0,-2.3,0
2025-11-01,Bhopal,36.4,77.3,19.4,1009.4,1844.1,527,0.0,0.0,0.0,0
2025-11-02,Bhopal,26.8,88.3,18.4,1012.3,1733.1,527,0.0,0.0,0.0,0
2025-11-03,Bhopal,34.8,85.3,12.9,1017.9,1815.4,527,138.2,143.9,5.7,0
2025-11-04,Bhopal,35.6,76.4,9.8,1012.8,1770.5,527,0.0,0.0,0.0,0
2025-11-05,Bhopal,26.4,85.8,7.3,1011.9,1692.4,527,4.1,8.7,4.6,0
2025-11-06,Bhopal,28.3,82.3,8.5,1011.7,1689.5,527,0.3,1.9,1.6,0
2025-11-07,Bhopal,25.0,62.2,9.4,1014.8,1292.3,527,11.8,23.1,11.3,0
2025-11-08,Bhopal,29.1,71.7,9.5,1004.6,1647.7,527,6.2,0.0,-6.2,0
2025-11-09,Bhopal,38.4,73.4,24.6,1007.8,1855.4,527,0.0,0.0,0.0,0
2025-11-10,Bhopal,32.0,77.5,9.8,1006.8,1770.6,527,1.8,0.0,-1.8,0
2025-11-11,Bhopal,25.1,82.7,3.8,1015.1,1579.9,527,25.4,25.1,-0.2,0
2025-11-12,Bhopal,27.1,69.8,18.4,1018.6,1404.3,527,0.0,0.0,0.0,0
2025-11-13,Bhopal,30.2,51.7,7.8,1003.4,1407.8,527,2.4,0.0,-2.4,0
2025-11-14,Bhopal,26.9,75.1,14.9,1002.1,1672.3,527,0.0,0.0,0.0,0
2025-11-15,Bhopal,35.2,75.6,12.8,1004.8,1846.2,527,95.4,95.3,-0.1,0
2025-11-16,Bhopal,34.0,85.8,16.7,1012.0,1873.0,527,0.0,2.6,2.6,0
2025-11-17,Bhopal,31.5,71.9,19.3,1006.1,1688.0,527,0.0,0.0,0.0,0
2025-11-18,Bhopal,28.2,78.7,15.4,1008.7,1674.7,527,5.1,0.0,-5.1,0
2025-11-19,Bhopal,31.5,52.3,9.4,1009.3,1375.6,527,0.0,0.0,0.0,0
2025-11-20,Bhopal,33.6,52.0,13.4,1005.5,1470.0,527,0.0,0.0,0.0,0
2025-11-21,Bhopal,29.8,91.1,15.4,1002.3,1963.6,527,4.9,3.3,-1.5,0
2025-11-22,Bhopal,28.5,90.1,8.3,1012.8,1791.7,527,0.0,0.0,0.0,0
2025-11-23,Bhopal,29.6,68.0,7.8,1005.7,1594.4,527,0.0,0.0,0.0,0
2025-11-24,Bhopal,30.3,78.3,20.4,1012.1,1678.3,527,4.3,9.8,5.4,0
2025-11-25,Bhopal,37.0,37.9,16.1,1007.2,1332.5,527,0.0,6.9,6.9,0
2025-11-26,Bhopal,33.7,69.5,6.3,1008.7,1678.1,527,0.0,0.0,0.0,0
2025-11-27,Bhopal,31.2,61.3,2.0,1010.9,1476.2,527,0.0,1.8,1.8,0
2025-11-28,Bhopal,27.0,79.0,6.8,1000.5,1747.6,527,22.4,17.3,-5.1,0
2025-11-29,Bhopal,31.1,95.4,20.7,1010.6,1956.0,527,15.0,23.9,8.9,0
2025-11-30,Bhopal,24.4,71.2,7.8,1013.9,1415.7,527,31.4,32.8,1.5,0
2025-12-01,Bhopal,30.9,69.5,10.9,1009.3,1601.9,527,0.0,0.0,0.0,0
2025-12-02,Bhopal,29.0,51.0,2.0,1002.1,1384.9,527,0.0,4.2,4.2,0
2025-12-03,Bhopal,36.8,60.8,14.9,1010.7,1605.1,527,9.6,11.1,1.6,0
2025-12-04,Bhopal,29.7,98.0,15.1,1012.6,1932.2,527,1.4,11.1,9.8,0
2025-12-05,Bhopal,29.2,67.5,10.4,1004.9,1587.7,527,55.7,56.2,0.5,0
2025-12-06,Bhopal,33.4,70.7,10.0,1008.2,1691.5,527,0.0,0.0,0.0,0
2025-12-07,Bhopal,29.8,87.3,10.3,1010.3,1814.5,527,0.0,0.0,0.0,0
2025-12-08,Bhopal,31.0,76.5,18.3,1005.6,1749.1,527,27.3,23.4,-3.9,0
2025-12-09,Bhopal,30.1,91.7,2.0,1013.6,1842.3,527,61.4,47.7,-13.7,0
2025-12-10,Bhopal,35.5,61.7,9.0,1007.1,1629.6,527,26.4,31.4,5.0,0
2025-12-11,Bhopal,33.9,77.0,14.5,1002.5,1860.5,527,0.7,7.9,7.2,0
2025-12-12,Bhopal,33.5,67.8,17.5,1002.2,1728.1,527,7.2,15.5,8.4,0
2025-12-13,Bhopal,25.7,95.2,9.8,1006.1,1875.2,527,0.0,0.0,0.0,0
2025-12-14,Bhopal,32.2,94.2,10.2,1005.6,2025.4,527,0.7,0.0,-0.7,0
2025-12-15,Bhopal,26.2,68.0,19.9,1003.8,1534.8,527,1.0,2.1,1.1,0
2025-12-16,Bhopal,38.8,72.0,14.0,1012.7,1787.2,527,0.0,0.0,0.0,0
2025-12-17,Bhopal,30.9,85.1,6.8,1010.2,1812.0,527,5.6,0.0,-5.6,0
2025-12-18,Bhopal,33.9,45.8,12.0,1007.0,1370.8,527,0.0,0.0,0.0,0
2025-12-19,Bhopal,27.6,96.2,7.8,1006.7,1930.0,527,0.0,0.0,0.0,0
2025-12-20,Bhopal,30.7,58.9,14.1,996.4,1604.9,527,6.8,9.7,2.9,0
2025-12-21,Bhopal,37.1,70.0,20.3,1006.4,1794.8,527,7.6,13.2,5.6,0
2025-12-22,Bhopal,31.0,82.2,13.6,1007.7,1804.0,527,13.4,9.7,-3.6,0
2025-12-23,Bhopal,30.6,84.8,14.3,1003.6,1878.0,527,6.6,3.0,-3.6,0
2025-12-24,Bhopal,30.4,67.7,14.0,1004.4,1625.8,527,51.7,51.6,-0.1,0
2025-12-25,Bhopal,28.5,74.2,20.3,1009.5,1610.3,527,0.0,0.0,0.0,0
2025-12-26,Bhopal,36.3,54.5,13.6,1008.9,1526.1,527,0.0,0.0,0.0,0
2025-12-27,Bhopal,31.6,84.5,11.5,1002.7,1909.0,527,12.6,13.6,1.0,0
2025-12-28,Bhopal,33.1,88.0,13.4,1007.9,1932.4,527,0.0,0.1,0.1,0
2025-12-29,Bhopal,28.0,62.5,10.4,1005.5,1481.2,527,0.0,0.0,0.0,0
2025-12-30,Bhopal,31.4,76.7,11.8,1007.6,1736.2,527,4.4,1.4,-3.0,0
2025-12-31,Bhopal,29.1,77.5,11.2,1007.3,1696.4,527,22.2,28.7,6.5,0
2026-01-01,Bhopal,37.9,84.4,3.1,1002.6,2060.7,527,1.8,3.5,1.6,0
2026-01-02,Bhopal,32.7,68.2,19.1,1015.3,1557.2,527,0.0,0.0,0.0,0
2026-01-03,Bhopal,27.9,74.9,22.3,1014.2,1548.7,527,16.6,17.9,1.3,0
2026-01-04,Bhopal,31.4,66.4,13.0,1009.2,1571.8,527,7.6,4.4,-3.3,0
2026-01-05,Bhopal,28.7,83.1,2.0,1012.5,1701.3,527,7.1,0.0,-7.1,0
2026-01-06,Bhopal,29.2,70.7,2.9,1009.9,1569.8,527,0.0,0.0,0.0,0
2026-01-07,Bhopal,30.1,81.0,6.8,1008.7,1752.3,527,3.0,0.0,-3.0,0
2026-01-08,Bhopal,32.6,91.4,16.8,1008.4,1961.2,527,60.3,63.3,3.0,0
2026-01-09,Bhopal,32.1,83.2,7.5,1012.5,1784.9,527,40.0,38.3,-1.7,0
2026-01-10,Bhopal,28.6,55.5,10.4,994.9,1526.3,527,0.0,0.0,0.0,0
2026-01-11,Bhopal,20.6,89.9,12.8,1000.2,1750.3,527,36.4,39.9,3.5,0
2026-01-12,Bhopal,34.8,57.6,9.5,1003.4,1602.3,527,49.0,60.6,11.6,0
2026-01-13,Bhopal,33.2,98.0,9.2,1004.4,2117.2,527,0.0,0.0,0.0,0
2026-01-14,Bhopal,33.1,80.9,6.1,1008.3,1826.3,527,0.0,0.0,0.0,0
2026-01-15,Bhopal,34.3,95.1,7.0,1006.0,2082.6,527,1.1,0.0,-1.1,0
2026-01-16,Bhopal,31.7,74.8,12.8,1008.7,1703.5,527,9.1,18.3,9.1,0
2026-01-17,Bhopal,29.7,88.6,5.7,1005.2,1891.7,527,34.3,40.8,6.5,0
2026-01-18,Bhopal,28.9,67.0,12.8,1006.7,1551.5,527,0.0,0.0,0.0,0
2026-01-19,Bhopal,32.8,98.0,7.8,1008.3,2058.0,527,0.0,0.0,0.0,0
2026-01-20,Bhopal,29.6,83.3,11.4,1004.0,1828.9,527,0.0,0.8,0.8,0
2026-01-21,Bhopal,36.5,71.8,14.2,1005.7,1812.4,527,5.5,0.0,-5.5,0
2026-01-22,Bhopal,33.8,89.9,16.1,1010.8,1939.8,527,9.7,14.1,4.4,0
2026-01-23,Bhopal,37.3,72.8,20.1,1012.4,1766.6,527,0.0,0.0,0.0,0
2026-01-24,Bhopal,33.0,95.7,9.4,1007.4,2044.3,527,4.4,0.0,-4.4,0
2026-01-25,Bhopal,31.0,74.4,4.2,1000.6,1777.6,527,52.2,57.6,5.4,0
2026-01-26,Bhopal,35.0,73.0,11.7,1003.4,1821.2,527,5.2,13.9,8.7,0
2026-01-27,Bhopal,26.1,75.9,11.4,1006.6,1609.6,527,0.0,0.0,0.0,0
2026-01-28,Bhopal,34.2,78.1,5.2,1015.1,1732.8,527,43.5,56.0,12.5,0
2026-01-29,Bhopal,25.0,88.1,11.0,1003.3,1795.1,527,4.3,0.0,-4.3,0
2026-01-30,Bhopal,33.1,60.4,2.6,1008.3,1541.2,527,0.0,0.0,0.0,0
2026-01-31,Bhopal,34.6,71.0,15.9,1008.8,1719.7,527,0.0,0.0,0.0,0
2026-02-01,Bhopal,26.9,86.4,15.1,1000.0,1855.6,527,15.0,15.1,0.0,0
2026-02-02,Bhopal,25.8,77.3,25.3,1006.1,1629.7,527,0.0,2.3,2.3,0
2026-02-03,Bhopal,33.7,73.9,10.2,1011.6,1703.8,527,29.5,29.9,0.4,0
2026-02-04,Bhopal,30.3,98.0,12.8,1005.0,2039.7,527,11.4,8.7,-2.7,0
2026-02-05,Bhopal,33.3,69.2,11.9,1002.1,1742.6,527,24.2,24.5,0.3,0
2026-02-06,Bhopal,36.9,64.0,13.7,1012.2,1634.5,527,0.0,0.0,0.0,0
2026-02-07,Bhopal,23.6,48.8,14.8,1010.3,1127.4,527,9.4,11.4,2.0,0
2026-02-08,Bhopal,28.9,88.1,18.2,1007.7,1834.4,527,13.8,19.4,5.6,0
2026-02-09,Bhopal,30.5,59.8,15.8,1008.3,1471.0,527,0.0,0.0,0.0,0
2026-02-10,Bhopal,32.3,65.4,8.4,1007.3,1604.4,527,2.6,0.0,-2.6,0
2026-02-11,Bhopal,31.9,73.6,18.9,1011.8,1655.6,527,6.1,0.0,-6.1,0
2026-02-12,Bhopal,30.2,98.0,5.5,1014.4,1923.6,527,0.0,0.0,0.0,0
2026-02-13,Bhopal,35.4,67.7,2.0,1011.5,1659.1,527,0.0,0.0,0.0,0
2026-02-14,Bhopal,32.2,55.1,12.6,1015.6,1357.8,527,107.7,110.5,2.8,0
2026-02-15,Bhopal,21.4,78.7,10.8,998.9,1628.7,527,6.5,1.1,-5.4,0
2026-02-16,Bhopal,34.4,65.2,6.6,1007.8,1645.0,527,0.2,0.0,-0.2,0
2026-02-17,Bhopal,28.1,91.1,13.2,1001.0,1936.7,527,19.0,29.7,10.7,0
2026-02-18,Bhopal,30.8,80.1,13.8,1010.1,1740.1,527,0.0,0.0,0.0,0
2026-02-19,Bhopal,30.6,76.7,13.0,1007.9,1713.2,527,20.4,20.0,-0.4,0
2026-02-20,Bhopal,33.4,66.9,10.3,1002.6,1707.5,527,0.0,0.0,0.0,0
2026-02-21,Bhopal,29.8,82.8,2.0,1014.5,1702.4,527,2.9,0.0,-2.9,0
2026-02-22,Bhopal,24.9,70.3,16.2,1014.4,1408.5,527,39.8,40.0,0.3,0
2026-02-23,Bhopal,35.3,69.8,2.0,1008.4,1723.3,527,0.0,0.0,0.0,0
2026-02-24,Bhopal,29.6,87.8,13.8,1004.2,1889.4,527,0.0,0.0,0.0,0
2023-06-01,Pune,27.3,73.1,9.8,1007.2,1592.6,560,7.8,0.0,-7.8,3
2023-06-02,Pune,25.3,83.8,14.5,1012.7,1627.0,560,5.4,0.0,-5.4,3
2023-06-03,Pune,25.9,61.4,2.4,1014.6,1307.0,560,15.8,6.8,-9.0,3
2023-06-04,Pune,32.6,98.0,2.0,1002.6,2123.7,560,32.1,32.0,-0.1,3
2023-06-05,Pune,26.0,97.9,12.7,1001.9,1970.7,560,13.6,0.0,-13.6,3
2023-06-06,Pune,22.8,63.7,15.7,1005.3,1375.1,560,0.0,0.0,0.0,3
2023-06-07,Pune,30.1,89.6,6.5,1000.3,1973.2,560,12.5,0.0,-12.5,3
2023-06-08,Pune,31.4,80.9,21.7,1005.8,1815.5,560,8.1,0.0,-8.1,3
2023-06-09,Pune,29.2,44.9,21.9,1008.2,1231.0,560,4.8,0.0,-4.8,3
2023-06-10,Pune,29.5,86.7,5.1,1005.6,1855.9,560,51.8,53.8,2.0,3
2023-06-11,Pune,29.8,81.3,18.9,1011.8,1711.7,560,18.4,14.1,-4.3,3
2023-06-12,Pune,25.4,73.4,11.3,999.5,1642.5,560,43.3,43.1,-0.1,3
2023-06-13,Pune,31.1,71.9,8.9,1012.7,1599.8,560,0.0,0.0,0.0,3
2023-06-14,Pune,25.9,68.1,17.8,1002.8,1542.4,560,170.6,168.0,-2.7,3
2023-06-15,Pune,26.2,67.0,5.5,1010.4,1442.1,560,14.0,8.9,-5.1,3
2023-06-16,Pune,24.3,71.1,9.5,1013.0,1422.6,560,20.5,14.6,-5.8,3
2023-06-17,Pune,29.8,94.0,19.6,1003.6,1987.3,560,20.5,24.1,3.7,3
2023-06-18,Pune,31.5,85.6,10.2,1003.8,1907.8,560,17.6,11.8,-5.8,3
2023-06-19,Pune,27.0,89.5,4.6,1013.4,1740.2,560,0.0,0.0,0.0,3
2023-06-20,Pune,22.5,85.0,23.0,1007.2,1643.9,560,6.0,0.0,-6.0,3
2023-06-21,Pune,34.9,98.0,21.4,1010.4,2084.0,560,58.3,52.6,-5.7,3
2023-06-22,Pune,25.2,65.2,8.7,1018.8,1292.9,560,0.0,0.0,0.0,3
2023-06-23,Pune,31.5,85.0,11.6,1006.6,1866.7,560,28.6,18.4,-10.3,3
2023-06-24,Pune,25.3,69.5,10.5,1007.7,1486.5,560,5.1,1.0,-4.1,3
2023-06-25,Pune,30.4,52.8,2.4,1004.7,1412.4,560,5.6,0.0,-5.6,3
2023-06-26,Pune,27.6,91.5,13.6,1010.8,1814.0,560,41.4,38.8,-2.6,3
2023-06-27,Pune,21.2,71.0,19.0,1027.7,1171.1,560,12.0,5.1,-6.9,3
2023-06-28,Pune,35.2,57.8,15.7,1001.0,1641.0,560,22.3,16.7,-5.6,3
2023-06-29,Pune,24.2,82.0,12.1,1009.4,1616.6,560,10.3,0.0,-10.3,3
2023-06-30,Pune,31.1,67.3,17.6,1008.1,1592.5,560,5.6,1.9,-3.7,3
2023-07-01,Pune,32.5,64.2,5.4,1010.8,1548.9,560,0.5,0.0,-0.5,3
2023-07-02,Pune,22.9,58.3,5.6,1005.9,1295.9,560,10.7,0.0,-10.7,3
2023-07-03,Pune,27.5,83.9,4.1,1005.0,1774.8,560,36.3,28.9,-7.4,3
2023-07-04,Pune,27.8,97.6,4.8,998.4,2053.7,560,6.7,0.0,-6.7,3
2023-07-05,Pune,32.6,71.8,12.3,1006.6,1709.0,560,7.4,6.1,-1.2,3
2023-07-06,Pune,25.7,64.8,8.3,1001.0,1513.3,560,36.0,24.1,-12.0,3
2023-07-07,Pune,31.0,45.4,10.5,1002.5,1351.1,560,7.0,0.0,-7.0,3
2023-07-08,Pune,28.8,73.7,7.8,1007.6,1632.0,560,1.3,0.0,-1.3,3
2023-07-09,Pune,28.0,75.1,3.6,1000.3,1719.8,560,18.1,0.0,-18.1,3
2023-07-10,Pune,30.0,65.1,9.0,1008.5,1529.7,560,13.9,0.0,-13.9,3
2023-07-11,Pune,25.5,74.8,9.7,1008.8,1553.3,560,32.2,34.7,2.4,3
2023-07-12,Pune,30.9,76.9,9.4,1006.1,1745.7,560,25.9,17.5,-8.4,3
2023-07-13,Pune,25.5,73.6,7.9,1009.0,1532.2,560,0.0,0.0,0.0,3
2023-07-14,Pune,25.0,77.2,10.4,1009.3,1570.4,560,4.3,0.0,-4.3,3
2023-07-15,Pune,28.9,69.0,18.8,1003.1,1622.8,560,12.5,0.0,-12.5,3
2023-07-16,Pune,27.0,92.4,10.3,1008.5,1838.8,560,3.6,7.7,4.0,3
2023-07-17,Pune,30.1,57.4,9.1,1008.6,1423.2,560,11.9,11.7,-0.2,3
2023-07-18,Pune,30.1,89.8,16.3,1006.9,1898.6,560,21.0,8.8,-12.2,3
2023-07-19,Pune,25.6,66.2,15.7,1008.4,1440.3,560,6.4,9.0,2.6,3
2023-07-20,Pune,33.2,60.4,13.9,1003.0,1606.5,560,0.0,0.0,0.0,3
2023-07-21,Pune,28.9,74.3,13.7,1007.5,1643.9,560,6.8,0.0,-6.8,3
2023-07-22,Pune,29.2,80.2,2.1,1015.0,1642.9,560,24.2,22.5,-1.6,3
2023-07-23,Pune,27.7,84.3,8.5,1005.7,1775.7,560,11.4,0.0,-11.4,3
2023-07-24,Pune,29.7,77.9,5.0,1004.3,1752.7,560,0.8,2.6,1.8,3
2023-07-25,Pune,27.3,80.1,6.9,1008.5,1675.7,560,42.6,39.0,-3.6,3
2023-07-26,Pune,29.2,98.0,27.4,1004.8,2015.3,560,83.1,67.6,-15.6,3
2023-07-27,Pune,31.7,77.4,12.4,1013.6,1681.3,560,8.0,0.0,-8.0,3
2023-07-28,Pune,35.2,71.5,7.7,1012.2,1698.4,560,22.6,21.1,-1.6,3
2023-07-29,Pune,26.0,94.6,23.3,1004.2,1897.8,560,6.4,1.4,-5.0,3
2023-07-30,Pune,34.0,63.6,13.5,1004.2,1656.4,560,23.6,20.1,-3.5,3
2023-07-31,Pune,29.3,81.6,14.8,1006.5,1767.8,560,26.1,23.3,-2.8,3
2023-08-01,Pune,27.2,72.2,14.0,1007.8,1570.4,560,0.0,0.0,0.0,3
2023-08-02,Pune,32.3,87.5,9.4,1001.6,1981.3,560,6.2,0.0,-6.2,3
2023-08-03,Pune,23.7,77.7,11.3,1004.8,1598.4,560,6.8,13.2,6.4,3
2023-08-04,Pune,26.0,57.7,25.5,1019.2,1200.5,560,12.1,11.1,-1.0,3
2023-08-05,Pune,33.8,72.7,14.6,1015.0,1649.0,560,0.0,0.0,0.0,3
2023-08-06,Pune,21.4,82.4,23.7,1001.8,1646.1,560,19.1,15.3,-3.8,3
2023-08-07,Pune,28.6,69.3,9.4,1007.6,1565.4,560,7.8,4.0,-3.8,3
2023-08-08,Pune,33.5,69.0,4.6,1007.2,1682.4,560,7.1,0.0,-7.1,3
2023-08-09,Pune,27.3,95.5,20.4,1007.3,1905.7,560,7.2,0.0,-7.2,3
2023-08-10,Pune,30.3,50.8,6.1,999.0,1452.0,560,7.9,4.4,-3.4,3
2023-08-11,Pune,36.4,87.0,6.4,1002.0,2067.3,560,31.0,40.5,9.5,3
2023-08-12,Pune,28.3,77.3,3.1,1008.8,1654.8,560,0.0,0.0,0.0,3
2023-08-13,Pune,28.8,94.9,6.6,993.8,2092.6,560,6.3,0.0,-6.3,3
2023-08-14,Pune,22.6,59.5,7.0,1009.6,1259.9,560,1.1,0.0,-1.1,3
2023-08-15,Pune,35.0,60.2,10.6,1014.8,1506.8,560,36.4,30.3,-6.1,3
2023-08-16,Pune,28.6,68.6,7.3,1002.5,1617.0,560,0.8,0.0,-0.8,3
2023-08-17,Pune,32.2,93.0,18.3,1006.4,1999.0,560,37.0,25.3,-11.7,3
2023-08-18,Pune,25.6,85.1,10.0,1015.5,1620.2,560,15.3,15.2,-0.1,3
2023-08-19,Pune,34.3,68.4,14.4,1003.2,1743.2,560,18.9,19.1,0.2,3
2023-08-20,Pune,29.7,82.7,9.2,1010.7,1741.7,560,4.2,1.0,-3.1,3
2023-08-21,Pune,26.8,74.8,9.7,1006.1,1615.8,560,0.0,0.0,0.0,3
2023-08-22,Pune,29.3,76.2,15.6,1016.3,1573.5,560,1.3,0.0,-1.3,3
2023-08-23,Pune,26.6,98.0,2.0,1011.9,1867.5,560,70.1,69.7,-0.4,3
2023-08-24,Pune,29.9,84.4,7.6,1009.5,1786.2,560,9.7,0.0,-9.7,3
2023-08-25,Pune,27.3,73.0,11.1,1010.5,1551.9,560,151.7,150.3,-1.4,3
2023-08-26,Pune,27.8,78.2,17.0,1004.0,1712.7,560,3.2,0.0,-3.2,3
2023-08-27,Pune,32.8,66.0,17.2,1022.2,1445.8,560,10.0,7.8,-2.2,3
2023-08-28,Pune,31.0,82.3,3.5,1010.9,1765.7,560,2.0,0.0,-2.0,3
2023-08-29,Pune,30.3,80.2,4.3,1002.0,1826.5,560,13.2,8.3,-4.9,3
2023-08-30,Pune,27.7,63.0,8.7,1008.5,1445.5,560,1.5,0.0,-1.5,3
2023-08-31,Pune,26.2,60.3,10.8,1006.5,1394.8,560,18.3,11.3,-7.0,3
2023-09-01,Pune,26.9,60.4,9.2,1008.3,1391.3,560,12.2,12.6,0.3,3
2023-09-02,Pune,33.0,78.7,2.0,1015.7,1705.9,560,10.5,2.1,-8.3,3
2023-09-03,Pune,32.8,86.6,17.4,1006.4,1923.4,560,9.5,4.8,-4.7,3
2023-09-04,Pune,31.1,84.0,15.5,995.4,1977.7,560,9.9,6.6,-3.4,3
2023-09-05,Pune,25.4,58.1,14.8,1006.2,1347.5,560,3.6,0.0,-3.6,3
2023-09-06,Pune,29.4,70.1,9.8,1004.3,1634.3,560,25.7,25.3,-0.5,3
2023-09-07,Pune,24.4,82.3,13.9,1011.7,1599.4,560,80.6,78.4,-2.3,3
2023-09-08,Pune,29.0,52.2,18.8,1001.4,1409.5,560,0.0,0.0,0.0,3
2023-09-09,Pune,22.7,73.2,15.6,1007.9,1476.5,560,77.7,71.0,-6.7,3
2023-09-10,Pune,31.9,75.7,14.1,1013.8,1661.0,560,31.6,27.0,-4.6,3
2023-09-11,Pune,35.0,62.3,15.1,1004.8,1654.6,560,9.9,0.0,-9.9,3
2023-09-12,Pune,31.6,68.8,19.8,1010.5,1594.4,560,3.0,0.0,-3.0,3
2023-09-13,Pune,23.3,85.4,8.5,1008.0,1659.3,560,0.0,0.0,0.0,3
2023-09-14,Pune,27.1,98.0,8.4,1006.1,1948.1,560,49.7,49.5,-0.3,3
2023-09-15,Pune,26.0,60.1,7.9,1000.4,1461.1,560,0.0,0.0,0.0,3
2023-09-16,Pune,28.9,84.8,9.4,1004.4,1826.7,560,4.0,0.0,-4.0,3
2023-09-17,Pune,27.1,78.7,5.8,1013.4,1591.4,560,0.0,0.0,0.0,3
2023-09-18,Pune,28.7,95.0,3.9,1008.6,1915.0,560,3.1,0.0,-3.1,3
2023-09-19,Pune,28.0,94.9,11.8,1016.4,1805.4,560,5.6,0.0,-5.6,3
2023-09-20,Pune,37.7,86.6,12.3,1007.4,2028.9,560,17.3,18.1,0.8,3
2023-09-21,Pune,30.3,74.3,4.1,1012.4,1617.9,560,23.2,24.7,1.5,3
2023-09-22,Pune,34.3,64.0,2.0,1011.3,1584.6,560,5.2,0.0,-5.2,3
2023-09-23,Pune,27.9,65.7,11.8,1007.3,1501.8,560,17.5,12.1,-5.4,3
2023-09-24,Pune,26.0,57.7,11.9,1014.2,1260.8,560,5.9,1.3,-4.6,3
2023-09-25,Pune,26.2,64.9,2.0,1013.9,1372.0,560,34.3,31.5,-2.7,3
2023-09-26,Pune,25.2,70.2,9.0,1005.9,1516.1,560,26.8,20.7,-6.1,3
2023-09-27,Pune,24.9,72.0,13.3,1003.1,1569.1,560,25.6,21.2,-4.4,3
2023-09-28,Pune,30.2,74.0,2.0,1003.2,1722.4,560,0.0,0.7,0.7,3
2023-09-29,Pune,29.8,39.8,2.9,1011.6,1133.4,560,0.0,0.0,0.0,3
2023-09-30,Pune,27.4,82.9,17.1,1005.7,1751.1,560,0.6,0.0,-0.6,3
2023-10-01,Pune,26.3,51.3,14.5,1010.6,1221.6,560,19.9,7.9,-12.0,3
2023-10-02,Pune,30.4,77.9,7.9,1010.1,1699.5,560,50.0,41.6,-8.4,3
2023-10-03,Pune,29.3,68.5,16.7,1014.0,1492.6,560,0.0,0.0,0.0,3
2023-10-04,Pune,31.3,88.4,15.2,1002.9,1955.8,560,12.4,7.7,-4.7,3
2023-10-05,Pune,27.4,73.5,19.2,1005.7,1618.4,560,13.4,0.2,-13.2,3
2023-10-06,Pune,27.1,44.2,8.5,1012.3,1120.7,560,6.7,4.9,-1.8,3
2023-10-07,Pune,25.9,74.5,5.6,1008.0,1569.0,560,0.0,3.0,3.0,3
2023-10-08,Pune,34.5,74.6,13.0,1003.1,1834.7,560,8.0,0.0,-8.0,3
2023-10-09,Pune,30.8,86.9,9.2,1008.6,1852.7,560,29.2,25.7,-3.6,3
2023-10-10,Pune,29.7,63.0,2.9,1010.8,1464.8,560,13.6,5.6,-8.0,3
2023-10-11,Pune,27.5,76.7,4.3,1003.4,1692.5,560,0.6,0.0,-0.6,3
2023-10-12,Pune,29.4,80.7,6.3,1002.0,1811.0,560,3.7,0.0,-3.7,3
2023-10-13,Pune,31.7,84.9,23.8,1005.8,1881.1,560,20.4,24.8,4.5,3
2023-10-14,Pune,31.5,66.3,7.0,999.0,1695.2,560,25.5,11.4,-14.1,3
2023-10-15,Pune,26.3,65.9,16.2,1003.7,1508.2,560,30.2,30.8,0.7,3
2023-10-16,Pune,27.3,74.3,18.8,1009.1,1585.6,560,0.0,0.0,0.0,3
2023-10-17,Pune,30.7,70.5,12.8,1004.9,1666.1,560,0.0,0.0,0.0,3
2023-10-18,Pune,27.1,77.6,18.4,1007.0,1651.3,560,12.8,0.0,-12.8,3
2023-10-19,Pune,25.3,70.6,2.0,1010.0,1476.0,560,16.7,9.6,-7.1,3
2023-10-20,Pune,27.7,74.0,13.5,1008.2,1602.4,560,43.2,37.0,-6.1,3
2023-10-21,Pune,25.3,79.1,19.2,1011.5,1577.0,560,64.5,55.8,-8.7,3
2023-10-22,Pune,25.2,77.8,17.7,1021.9,1430.6,560,0.0,0.0,0.0,3
2023-10-23,Pune,30.5,67.1,11.8,1003.1,1633.4,560,0.0,2.7,2.7,3
2023-10-24,Pune,30.3,63.8,16.7,1010.9,1490.4,560,18.8,6.1,-12.6,3
2023-10-25,Pune,26.9,72.3,12.7,1007.8,1563.4,560,4.7,0.0,-4.7,3
2023-10-26,Pune,28.1,63.2,15.8,1006.1,1484.8,560,11.0,2.8,-8.2,3
2023-10-27,Pune,28.3,79.1,17.4,1014.5,1611.6,560,9.1,0.0,-9.1,3
2023-10-28,Pune,28.9,90.4,2.0,1003.0,1923.9,560,3.2,0.0,-3.2,3
2023-10-29,Pune,30.3,84.3,13.5,1009.8,1788.9,560,19.3,7.3,-12.0,3
2023-10-30,Pune,27.7,63.4,13.7,1007.7,1461.3,560,47.1,52.9,5.7,3
2023-10-31,Pune,27.1,94.1,11.8,1009.7,1851.2,560,13.3,0.0,-13.3,3
2023-11-01,Pune,29.7,98.0,13.1,1009.7,1968.6,560,19.5,7.7,-11.8,3
2023-11-02,Pune,22.9,65.3,15.4,1012.0,1319.6,560,8.1,4.7,-3.4,3
2023-11-03,Pune,23.7,73.1,13.5,1007.6,1501.4,560,13.6,0.0,-13.6,3
2023-11-04,Pune,33.3,82.8,13.4,1004.3,1906.3,560,50.4,54.2,3.9,3
2023-11-05,Pune,24.6,65.0,6.9,1000.6,1492.5,560,8.7,0.0,-8.7,3
2023-11-06,Pune,28.4,98.0,28.4,1006.4,1976.7,560,3.8,0.0,-3.8,3
2023-11-07,Pune,35.4,86.0,9.0,1004.5,1999.5,560,59.7,63.2,3.5,3
2023-11-08,Pune,22.8,76.3,11.2,1006.3,1540.7,560,65.9,64.2,-1.7,3
2023-11-09,Pune,28.5,79.0,12.6,1004.7,1733.4,560,4.0,0.0,-4.0,3
2023-11-10,Pune,25.3,59.6,24.4,1008.9,1335.7,560,3.4,0.0,-3.4,3
2023-11-11,Pune,25.9,74.9,18.0,1008.9,1562.1,560,2.9,0.0,-2.9,3
2023-11-12,Pune,30.1,60.7,2.0,1005.6,1503.5,560,0.0,0.0,0.0,3
2023-11-13,Pune,27.6,70.4,8.7,1017.4,1439.1,560,73.3,71.0,-2.2,3
2023-11-14,Pune,28.9,90.8,10.5,1000.7,1957.1,560,49.0,45.5,-3.5,3
2023-11-15,Pune,29.6,69.6,12.1,1007.3,1597.2,560,7.0,0.0,-7.0,3
2023-11-16,Pune,30.0,98.0,7.7,1020.2,1849.2,560,4.8,0.0,-4.8,3
2023-11-17,Pune,29.4,62.1,12.2,1007.4,1486.0,560,15.5,7.8,-7.7,3
2023-11-18,Pune,22.1,79.7,16.8,1006.9,1562.9,560,25.7,18.1,-7.5,3
2023-11-19,Pune,25.9,68.1,19.0,1014.5,1400.7,560,104.4,93.5,-11.0,3
2023-11-20,Pune,31.5,83.8,21.3,1009.9,1811.0,560,17.1,16.6,-0.5,3
2023-11-21,Pune,35.9,85.5,12.9,1002.1,2032.1,560,12.7,5.8,-6.9,3
2023-11-22,Pune,31.2,74.0,18.1,1009.7,1668.9,560,2.9,0.0,-2.9,3
2023-11-23,Pune,31.0,75.1,10.1,1012.0,1650.0,560,3.2,0.0,-3.2,3
2023-11-24,Pune,26.5,98.0,19.4,1000.6,2000.1,560,3.8,0.0,-3.8,3
2023-11-25,Pune,21.2,56.1,6.3,1008.3,1193.7,560,62.0,63.4,1.4,3
2023-11-26,Pune,22.4,65.9,11.7,1003.3,1420.3,560,28.4,20.6,-7.8,3
2023-11-27,Pune,29.1,72.6,5.1,1007.3,1628.7,560,4.9,3.2,-1.7,3
2023-11-28,Pune,32.9,93.7,8.6,1004.9,2044.7,560,8.0,4.2,-3.8,3
2023-11-29,Pune,26.1,88.6,12.6,1008.3,1766.9,560,33.1,32.3,-0.8,3
2023-11-30,Pune,28.9,72.3,6.6,1016.8,1504.3,560,15.1,12.8,-2.3,3
2023-12-01,Pune,25.9,80.7,16.7,1016.6,1551.6,560,124.9,114.4,-10.6,3
2023-12-02,Pune,27.5,90.5,16.5,1010.4,1802.4,560,54.4,38.4,-16.0,3
2023-12-03,Pune,26.7,98.0,13.8,1003.8,1967.8,560,57.5,60.2,2.7,3
2023-12-04,Pune,30.0,61.8,9.8,1007.7,1494.1,560,1.2,0.0,-1.2,3
2023-12-05,Pune,30.0,35.0,8.1,1000.9,1198.6,560,2.3,0.3,-2.0,3
2023-12-06,Pune,20.7,70.3,18.7,1015.0,1300.8,560,7.2,0.0,-7.2,3
2023-12-07,Pune,28.7,77.5,7.3,1004.1,1725.3,560,71.2,72.8,1.6,3
2023-12-08,Pune,27.5,77.8,14.3,1014.3,1578.0,560,16.6,16.2,-0.4,3
2023-12-09,Pune,30.6,91.4,11.9,1005.2,1951.3,560,5.8,0.0,-5.8,3
2023-12-10,Pune,28.0,82.3,20.1,1015.4,1639.8,560,0.0,0.0,0.0,3
2023-12-11,Pune,25.1,63.9,10.9,1004.8,1440.3,560,17.3,6.6,-10.8,3
2023-12-12,Pune,30.5,65.6,11.6,1008.9,1543.2,560,10.4,7.5,-2.9,3
2023-12-13,Pune,29.8,82.2,26.6,1002.9,1831.8,560,39.1,30.6,-8.5,3
2023-12-14,Pune,28.2,68.3,10.6,1006.9,1550.2,560,23.4,9.3,-14.1,3
2023-12-15,Pune,25.0,68.8,24.9,1007.5,1474.2,560,9.9,7.4,-2.4,3
2023-12-16,Pune,38.3,79.9,10.0,997.8,2064.4,560,0.0,0.0,0.0,3
2023-12-17,Pune,30.6,66.0,2.5,1010.5,1532.5,560,0.0,0.0,0.0,3
2023-12-18,Pune,30.6,67.1,8.2,1002.5,1644.3,560,19.9,20.6,0.7,3
2023-12-19,Pune,27.7,82.6,7.0,1009.8,1702.6,560,24.7,15.3,-9.4,3
2023-12-20,Pune,30.8,80.8,14.5,1004.3,1819.9,560,26.7,21.5,-5.2,3
2023-12-21,Pune,27.3,68.4,10.3,1004.1,1562.2,560,3.9,0.0,-3.9,3
2023-12-22,Pune,24.0,42.6,22.5,1010.8,1043.9,560,6.7,0.0,-6.7,3
2023-12-23,Pune,27.7,64.2,16.4,1007.9,1468.3,560,0.4,0.0,-0.4,3
2023-12-24,Pune,30.5,85.3,15.9,1008.8,1820.9,560,6.3,0.0,-6.3,3
2023-12-25,Pune,32.2,68.0,16.2,1013.0,1568.9,560,9.9,0.0,-9.9,3
2023-12-26,Pune,25.4,61.6,16.3,1009.6,1356.4,560,51.7,44.0,-7.8,3
2023-12-27,Pune,28.3,75.5,6.5,1002.5,1705.7,560,34.9,27.5,-7.4,3
2023-12-28,Pune,32.3,68.4,17.3,1012.5,1582.7,560,8.0,8.7,0.8,3
2023-12-29,Pune,29.4,90.5,14.3,1016.6,1773.2,560,12.1,0.0,-12.1,3
2023-12-30,Pune,29.4,83.1,10.3,1013.1,1711.4,560,14.0,0.0,-14.0,3
2023-12-31,Pune,33.5,71.2,25.0,1012.0,1655.8,560,1.8,0.0,-1.8,3
2024-01-01,Pune,25.6,51.4,11.3,1009.9,1214.0,560,8.8,0.0,-8.8,3
2024-01-02,Pune,34.4,98.0,13.2,1008.7,2092.0,560,16.8,11.1,-5.7,3
2024-01-03,Pune,34.6,63.3,11.5,1005.8,1646.3,560,22.8,12.3,-10.6,3
2024-01-04,Pune,29.6,82.7,11.1,1012.5,1719.9,560,75.4,72.1,-3.3,3
2024-01-05,Pune,32.3,55.7,9.9,1007.6,1462.8,560,22.7,14.6,-8.1,3
2024-01-06,Pune,31.3,65.5,7.1,1012.1,1523.9,560,22.4,10.3,-12.1,3
2024-01-07,Pune,22.9,57.1,15.4,1012.4,1201.0,560,8.3,0.0,-8.3,3
2024-01-08,Pune,33.9,54.7,14.2,1011.5,1440.4,560,0.0,0.0,0.0,3
2024-01-09,Pune,21.9,53.0,15.8,1010.4,1143.2,560,0.0,0.0,0.0,3
2024-01-10,Pune,29.3,68.2,14.4,1013.8,1492.6,560,3.6,0.0,-3.6,3
2024-01-11,Pune,32.6,70.1,10.5,1007.2,1678.3,560,9.1,0.0,-9.1,3
2024-01-12,Pune,30.4,74.3,16.5,996.3,1814.3,560,26.2,15.0,-11.1,3
2024-01-13,Pune,25.4,72.5,24.9,1010.1,1501.6,560,1.0,0.0,-1.0,3
2024-01-14,Pune,31.7,62.4,23.0,999.3,1643.1,560,1.7,1.2,-0.5,3
2024-01-15,Pune,21.3,64.5,21.4,1012.2,1268.9,560,12.7,0.0,-12.7,3
2024-01-16,Pune,33.0,75.4,20.5,1004.3,1795.7,560,7.3,0.0,-7.3,3
2024-01-17,Pune,29.0,71.4,13.8,1003.5,1654.9,560,12.0,0.0,-12.0,3
2024-01-18,Pune,33.0,76.2,6.7,1013.7,1695.4,560,15.5,17.3,1.8,3
2024-01-19,Pune,35.9,77.9,18.4,1014.5,1777.0,560,11.6,4.2,-7.4,3
2024-01-20,Pune,25.1,75.5,13.2,999.9,1660.0,560,2.3,0.0,-2.3,3
2024-01-21,Pune,28.6,71.3,2.0,1005.1,1623.1,560,33.6,23.8,-9.8,3
2024-01-22,Pune,23.9,74.4,2.0,1005.8,1546.4,560,12.7,0.0,-12.7,3
2024-01-23,Pune,30.3,91.9,5.1,1011.0,1881.5,560,5.0,0.0,-5.0,3
2024-01-24,Pune,27.6,78.2,7.3,1011.7,1616.6,560,2.7,0.0,-2.7,3
2024-01-25,Pune,25.9,70.8,16.8,1007.1,1527.2,560,31.0,32.1,1.1,3
2024-01-26,Pune,28.3,60.0,11.0,1005.5,1454.3,560,0.1,0.0,-0.1,3
2024-01-27,Pune,29.0,62.5,3.2,1011.3,1435.1,560,40.4,37.1,-3.2,3
2024-01-28,Pune,30.7,82.6,16.7,1003.7,1847.9,560,10.0,0.5,-9.5,3
2024-01-29,Pune,27.2,51.5,22.3,1006.6,1292.8,560,35.5,19.8,-15.7,3
2024-01-30,Pune,26.2,69.4,10.0,1007.1,1514.4,560,27.2,30.4,3.2,3
2024-01-31,Pune,28.2,57.2,2.0,1000.4,1472.6,560,105.6,100.5,-5.1,3
2024-02-01,Pune,26.7,98.0,7.1,1012.6,1861.4,560,8.5,4.5,-4.0,3
2024-02-02,Pune,27.8,88.1,20.8,1006.8,1818.9,560,2.3,0.0,-2.3,3
2024-02-03,Pune,30.7,63.1,12.2,1005.5,1554.1,560,8.7,0.0,-8.7,3
2024-02-04,Pune,26.0,84.8,11.4,1001.5,1792.5,560,23.4,17.0,-6.5,3
2024-02-05,Pune,28.1,72.4,23.9,1010.9,1557.8,560,1.3,0.0,-1.3,3
2024-02-06,Pune,28.3,71.9,11.7,1010.0,1565.0,560,6.4,0.0,-6.4,3
2024-02-07,Pune,25.2,64.4,2.0,1001.6,1488.1,560,0.0,0.0,0.0,3
2024-02-08,Pune,31.5,69.7,15.2,1008.0,1636.2,560,9.0,8.1,-1.0,3
2024-02-09,Pune,24.7,98.0,16.9,1012.1,1818.5,560,0.0,0.0,0.0,3
2024-02-10,Pune,28.5,90.8,16.8,996.5,1997.7,560,17.0,4.0,-12.9,3
2024-02-11,Pune,24.9,65.6,10.5,1006.6,1436.3,560,5.4,0.0,-5.4,3
2024-02-12,Pune,27.5,76.4,2.0,1004.2,1679.4,560,8.2,1.3,-6.9,3
2024-02-13,Pune,25.9,74.2,12.7,1005.9,1589.5,560,7.4,0.0,-7.4,3
2024-02-14,Pune,28.9,70.1,25.9,1007.6,1583.4,560,12.2,0.0,-12.2,3
2024-02-15,Pune,29.3,86.6,4.1,1009.8,1797.7,560,12.4,3.2,-9.2,3
2024-02-16,Pune,32.1,54.8,6.6,1008.7,1433.6,560,90.9,90.4,-0.4,3
2024-02-17,Pune,28.3,79.9,8.7,1002.5,1768.4,560,0.0,0.0,0.0,3
2024-02-18,Pune,29.4,88.5,7.1,997.8,1970.9,560,22.3,10.3,-11.9,3
2024-02-19,Pune,23.9,75.9,11.3,1011.0,1503.7,560,11.0,0.9,-10.1,3
2024-02-20,Pune,26.9,88.3,4.8,1015.4,1696.9,560,13.2,7.3,-5.9,3
2024-02-21,Pune,24.0,68.0,15.3,1008.0,1432.8,560,0.0,0.0,0.0,3
2024-02-22,Pune,23.7,89.3,19.7,1003.8,1771.5,560,1.2,0.0,-1.2,3
2024-02-23,Pune,26.1,73.9,20.4,1017.5,1449.9,560,16.2,13.5,-2.7,3
2024-02-24,Pune,31.3,76.7,16.4,1009.8,1706.8,560,0.5,0.0,-0.5,3
2024-02-25,Pune,26.4,92.6,7.3,1010.2,1807.9,560,14.8,7.8,-7.0,3
2024-02-26,Pune,34.8,73.4,3.0,1009.1,1751.7,560,14.2,9.0,-5.1,3
2024-02-27,Pune,21.8,80.1,13.3,1006.5,1566.5,560,9.2,0.0,-9.2,3
2024-02-28,Pune,26.9,92.8,5.9,1013.9,1777.9,560,15.2,19.1,3.9,3
2024-02-29,Pune,28.3,70.2,12.4,1007.5,1571.9,560,48.6,36.3,-12.3,3
2024-03-01,Pune,23.9,49.2,2.0,1011.9,1120.7,560,54.7,47.6,-7.1,3
2024-03-02,Pune,26.4,79.9,8.9,1010.7,1623.0,560,3.5,0.0,-3.5,3
2024-03-03,Pune,29.5,73.8,15.3,1011.9,1598.9,560,7.4,0.0,-7.4,3
2024-03-04,Pune,32.2,98.0,15.9,1015.5,1959.7,560,2.2,1.8,-0.4,3
2024-03-05,Pune,35.0,67.7,5.8,1002.3,1761.2,560,2.9,0.0,-2.9,3
2024-03-06,Pune,27.9,77.2,2.0,1006.8,1667.3,560,0.9,1.0,0.1,3
2024-03-07,Pune,26.5,63.7,17.7,1005.9,1456.3,560,8.5,0.0,-8.5,3
2024-03-08,Pune,29.2,80.2,15.6,1000.6,1817.9,560,8.2,4.2,-4.0,3
2024-03-09,Pune,29.7,59.9,17.8,1019.7,1315.0,560,19.6,19.8,0.2,3
2024-03-10,Pune,27.4,70.2,10.7,1004.2,1590.8,560,2.7,0.0,-2.7,3
2024-03-11,Pune,32.8,47.3,6.3,1006.4,1373.9,560,44.7,32.5,-12.2,3
2024-03-12,Pune,27.6,82.7,25.4,1006.3,1743.9,560,9.9,0.0,-9.9,3
2024-03-13,Pune,29.9,77.9,14.7,1009.3,1694.9,560,0.0,0.0,0.0,3
2024-03-14,Pune,27.0,59.3,13.9,1001.6,1458.7,560,9.6,0.0,-9.6,3
2024-03-15,Pune,28.7,48.3,14.6,1011.2,1230.9,560,66.8,53.8,-13.0,3
2024-03-16,Pune,24.6,75.0,11.1,1010.6,1512.0,560,4.7,0.0,-4.7,3
2024-03-17,Pune,26.0,84.2,16.6,999.9,1803.0,560,23.7,18.2,-5.5,3
2024-03-18,Pune,32.8,59.4,9.3,1003.8,1574.8,560,0.0,0.0,0.0,3
2024-03-19,Pune,26.5,86.0,19.2,1006.5,1762.1,560,1.8,0.0,-1.8,3
2024-03-20,Pune,27.5,86.5,16.9,1007.8,1777.6,560,11.2,0.0,-11.2,3
2024-03-21,Pune,32.8,68.7,18.8,1006.5,1673.0,560,0.0,0.0,0.0,3
2024-03-22,Pune,30.0,74.9,2.6,1008.1,1671.2,560,0.0,0.0,0.0,3
2024-03-23,Pune,32.4,94.9,10.1,999.7,2110.0,560,2.7,0.0,-2.7,3
2024-03-24,Pune,31.1,74.9,18.4,1007.6,1703.0,560,13.8,5.4,-8.4,3
2024-03-25,Pune,27.1,66.3,2.7,1003.5,1535.1,560,0.0,0.0,0.0,3
2024-03-26,Pune,24.1,92.6,4.0,1019.7,1639.0,560,0.0,0.0,0.0,3
2024-03-27,Pune,26.5,74.2,23.1,999.3,1683.2,560,8.1,0.0,-8.1,3
2024-03-28,Pune,25.5,71.6,8.6,1018.4,1393.0,560,81.5,74.8,-6.7,3
2024-03-29,Pune,29.2,79.1,17.3,1009.3,1697.7,560,99.5,94.8,-4.7,3
2024-03-30,Pune,24.8,73.3,13.4,1010.0,1501.1,560,3.1,0.0,-3.1,3
2024-03-31,Pune,29.1,80.7,15.2,1010.6,1701.3,560,0.0,0.0,0.0,3
2024-04-01,Pune,25.5,81.2,12.2,1018.1,1531.4,560,76.7,71.6,-5.1,3
2024-04-02,Pune,23.1,67.8,17.3,1005.8,1433.9,560,20.4,10.9,-9.5,3
2024-04-03,Pune,28.5,92.6,16.6,1015.7,1791.5,560,6.8,0.0,-6.8,3
2024-04-04,Pune,23.0,70.9,17.5,1001.3,1528.0,560,14.5,0.0,-14.5,3
2024-04-05,Pune,32.8,89.0,15.0,1002.4,2003.3,560,18.2,6.3,-11.9,3
2024-04-06,Pune,28.0,61.5,18.9,1016.4,1335.9,560,13.0,1.5,-11.5,3
2024-04-07,Pune,26.5,80.1,14.1,1005.5,1693.4,560,5.4,0.0,-5.4,3
2024-04-08,Pune,26.9,65.8,14.7,1008.2,1468.6,560,6.9,0.0,-6.9,3
2024-04-09,Pune,26.3,68.6,9.1,1008.0,1495.7,560,14.4,11.1,-3.4,3
2024-04-10,Pune,27.0,97.2,4.9,1003.7,1964.4,560,22.4,8.6,-13.8,3
2024-04-11,Pune,25.1,81.1,6.3,1014.9,1559.5,560,11.6,5.3,-6.3,3
2024-04-12,Pune,33.6,79.0,19.6,1016.4,1716.4,560,10.1,1.5,-8.6,3
2024-04-13,Pune,31.3,55.7,14.5,1007.6,1439.2,560,37.3,39.5,2.2,3
2024-04-14,Pune,29.0,80.1,12.4,1007.7,1726.1,560,28.2,23.5,-4.7,3
2024-04-15,Pune,28.8,75.0,2.3,1006.3,1665.9,560,11.1,15.1,4.0,3
2024-04-16,Pune,32.1,78.8,15.4,1003.4,1832.9,560,21.9,14.8,-7.1,3
2024-04-17,Pune,31.7,57.5,4.8,1017.5,1355.7,560,16.5,12.5,-4.1,3
2024-04-18,Pune,32.4,85.0,8.6,1006.6,1888.6,560,34.8,28.3,-6.5,3
2024-04-19,Pune,28.6,77.2,19.7,1011.8,1626.0,560,11.5,0.0,-11.5,3
2024-04-20,Pune,26.7,77.2,19.5,1006.3,1645.7,560,6.7,0.2,-6.5,3
2024-04-21,Pune,27.6,59.9,16.0,1008.6,1398.0,560,4.2,0.0,-4.2,3
2024-04-22,Pune,20.8,89.2,15.0,1009.8,1630.9,560,0.9,0.0,-0.9,3
2024-04-23,Pune,35.0,62.4,6.4,1002.0,1689.5,560,5.1,1.8,-3.3,3
2024-04-24,Pune,27.1,65.7,11.6,1002.8,1534.4,560,7.5,0.0,-7.5,3
2024-04-25,Pune,29.9,72.1,15.8,995.3,1785.2,560,8.2,0.0,-8.2,3
2024-04-26,Pune,26.9,82.6,3.0,1010.3,1680.1,560,36.0,37.2,1.2,3
2024-04-27,Pune,23.9,80.5,22.6,1015.0,1521.3,560,0.0,0.0,0.0,3
2024-04-28,Pune,26.7,98.0,18.6,1007.1,1929.1,560,6.6,0.0,-6.6,3
2024-04-29,Pune,26.8,64.5,14.0,1009.0,1438.3,560,3.8,0.0,-3.8,3
2024-04-30,Pune,22.1,83.4,17.5,1010.3,1574.5,560,13.6,0.0,-13.6,3
2024-05-01,Pune,26.2,82.5,9.4,998.9,1798.6,560,14.6,6.2,-8.4,3
2024-05-02,Pune,28.4,55.3,2.2,1004.4,1403.0,560,0.0,0.0,0.0,3
2024-05-03,Pune,28.3,68.8,15.4,1013.3,1483.5,560,2.5,0.0,-2.5,3
2024-05-04,Pune,25.6,64.2,9.1,1005.4,1449.7,560,70.3,66.9,-3.4,3
2024-05-05,Pune,26.0,49.8,19.1,1010.5,1193.4,560,3.3,0.0,-3.3,3
2024-05-06,Pune,23.0,59.7,12.8,994.0,1461.2,560,11.5,12.4,0.9,3
2024-05-07,Pune,26.2,68.8,15.4,1012.7,1440.3,560,6.7,0.0,-6.7,3
2024-05-08,Pune,26.0,50.8,9.1,1005.7,1267.7,560,0.8,0.0,-0.8,3
2024-05-09,Pune,29.7,82.3,7.4,998.1,1888.5,560,1.7,0.0,-1.7,3
2024-05-10,Pune,26.1,53.9,10.4,1013.8,1215.6,560,35.0,27.8,-7.2,3
2024-05-11,Pune,24.0,98.0,13.3,999.9,1949.9,560,0.0,0.0,0.0,3
2024-05-12,Pune,18.0,73.1,17.9,1008.5,1353.7,560,27.5,32.1,4.5,3
2024-05-13,Pune,32.1,69.2,12.4,1003.7,1693.9,560,5.2,0.0,-5.2,3
2024-05-14,Pune,26.8,90.5,8.2,1012.2,1762.8,560,0.7,0.0,-0.7,3
2024-05-15,Pune,23.1,71.6,20.0,1009.5,1442.8,560,4.4,0.0,-4.4,3
2024-05-16,Pune,19.0,69.5,10.4,1005.6,1361.4,560,2.6,0.0,-2.6,3
2024-05-17,Pune,31.3,75.1,20.1,1016.0,1610.9,560,2.4,2.4,-0.0,3
2024-05-18,Pune,32.3,62.1,5.1,1010.6,1517.4,560,4.5,0.0,-4.5,3
2024-05-19,Pune,30.2,77.6,8.9,1004.3,1760.1,560,2.9,0.0,-2.9,3
2024-05-20,Pune,29.1,61.1,11.0,1008.0,1459.0,560,18.9,10.8,-8.2,3
2024-05-21,Pune,25.5,65.0,2.3,1009.7,1404.9,560,0.0,0.0,0.0,3
2024-05-22,Pune,28.9,79.0,15.9,1001.8,1778.7,560,24.4,17.2,-7.2,3
2024-05-23,Pune,29.1,80.5,3.2,1002.8,1791.0,560,34.0,18.6,-15.4,3
2024-05-24,Pune,25.6,71.7,18.1,1009.3,1505.5,560,15.0,12.0,-3.0,3
2024-05-25,Pune,27.2,72.2,15.5,1004.9,1604.2,560,41.4,45.3,3.9,3
2024-05-26,Pune,28.2,63.8,8.2,1002.3,1543.2,560,12.6,0.7,-12.0,3
2024-05-27,Pune,30.4,63.5,14.5,1012.0,1475.1,560,58.0,60.5,2.5,3
2024-05-28,Pune,31.8,93.9,16.9,1008.8,1972.4,560,10.5,4.1,-6.4,3
2024-05-29,Pune,27.6,93.6,10.8,1008.0,1876.0,560,0.0,0.0,0.0,3
2024-05-30,Pune,30.2,71.9,7.6,1002.5,1701.7,560,38.1,33.1,-5.0,3
2024-05-31,Pune,30.7,38.4,20.0,1007.2,1187.6,560,17.5,14.2,-3.3,3
2024-06-01,Pune,24.3,91.7,14.4,1011.1,1733.2,560,8.9,0.0,-8.9,3
2024-06-02,Pune,30.1,96.6,5.0,1007.4,1985.6,560,36.9,38.2,1.3,3
2024-06-03,Pune,28.1,42.1,13.5,1009.9,1145.6,560,5.3,0.0,-5.3,3
2024-06-04,Pune,30.1,70.9,21.4,1004.5,1660.7,560,1.6,0.0,-1.6,3
2024-06-05,Pune,31.7,60.8,15.8,1004.0,1564.2,560,4.4,0.2,-4.2,3
2024-06-06,Pune,22.7,83.4,11.1,1010.8,1582.4,560,88.2,83.4,-4.9,3
2024-06-07,Pune,30.6,80.4,13.2,1003.5,1817.9,560,0.0,0.0,0.0,3
2024-06-08,Pune,22.8,98.0,19.1,1008.0,1824.1,560,9.5,1.4,-8.1,3
2024-06-09,Pune,29.5,92.0,9.1,1010.8,1867.4,560,12.9,2.5,-10.5,3
2024-06-10,Pune,26.6,78.5,16.1,1004.2,1685.7,560,33.5,27.3,-6.2,3
2024-06-11,Pune,28.7,47.2,27.1,1007.9,1254.9,560,59.7,54.1,-5.6,3
2024-06-12,Pune,26.2,78.5,14.3,1012.8,1574.3,560,24.7,16.0,-8.6,3
2024-06-13,Pune,28.8,71.9,6.4,1010.5,1571.5,560,39.1,33.8,-5.3,3
2024-06-14,Pune,29.3,94.1,18.4,1004.1,1970.2,560,42.6,25.9,-16.7,3
2024-06-15,Pune,24.2,73.9,10.4,1008.5,1512.8,560,15.2,12.0,-3.3,3
2024-06-16,Pune,24.9,85.0,4.4,1014.4,1615.2,560,11.3,12.2,1.0,3
2024-06-17,Pune,32.9,72.1,9.0,1008.4,1697.1,560,5.7,1.3,-4.4,3
2024-06-18,Pune,25.7,67.4,9.8,1002.1,1534.4,560,0.6,0.0,-0.6,3
2024-06-19,Pune,22.0,65.1,8.6,998.6,1455.1,560,27.8,24.0,-3.9,3
2024-06-20,Pune,30.6,56.2,11.2,1005.1,1459.5,560,15.6,13.7,-1.9,3
2024-06-21,Pune,30.2,76.9,16.7,1005.0,1740.7,560,15.3,15.1,-0.2,3
2024-06-22,Pune,33.5,74.9,14.5,1019.6,1616.5,560,37.0,23.7,-13.3,3
2024-06-23,Pune,28.7,74.8,3.1,1015.3,1553.0,560,31.0,26.9,-4.1,3
2024-06-24,Pune,26.9,73.9,22.2,1006.7,1599.6,560,5.3,8.7,3.4,3
2024-06-25,Pune,27.5,63.7,2.0,1010.9,1421.2,560,9.4,0.0,-9.4,3
2024-06-26,Pune,33.3,89.1,15.6,1004.8,1988.4,560,12.3,14.9,2.7,3
2024-06-27,Pune,25.6,70.9,9.4,1002.6,1574.9,560,24.7,26.7,2.1,3
2024-06-28,Pune,23.7,76.2,15.1,1009.4,1523.4,560,60.9,51.1,-9.8,3
2024-06-29,Pune,24.7,51.7,15.6,1020.3,1073.1,560,10.1,1.0,-9.1,3
2024-06-30,Pune,28.6,87.3,4.4,1005.6,1841.7,560,34.6,26.3,-8.3,3
2024-07-01,Pune,28.6,63.9,9.3,1004.8,1521.8,560,4.0,2.9,-1.1,3
2024-07-02,Pune,29.7,73.9,12.3,1007.6,1656.7,560,10.5,0.0,-10.5,3
2024-07-03,Pune,32.3,96.1,15.6,1005.1,2061.1,560,7.1,0.0,-7.1,3
2024-07-04,Pune,28.8,84.2,6.3,1008.5,1768.0,560,14.3,1.3,-13.1,3
2024-07-05,Pune,33.4,57.7,8.9,1014.7,1432.1,560,0.0,0.0,0.0,3
2024-07-06,Pune,26.7,65.7,16.3,1006.6,1482.0,560,1.2,0.0,-1.2,3
2024-07-07,Pune,21.4,71.8,22.7,1003.5,1476.3,560,0.0,0.0,0.0,3
2024-07-08,Pune,25.9,57.5,18.8,1013.8,1259.7,560,7.2,6.8,-0.4,3
2024-07-09,Pune,29.9,84.8,12.9,1004.2,1854.6,560,14.4,12.3,-2.1,3
2024-07-10,Pune,23.4,94.5,18.9,1016.3,1689.1,560,1.8,3.5,1.7,3
2024-07-11,Pune,30.1,57.9,5.0,1011.7,1392.2,560,24.4,19.1,-5.3,3
2024-07-12,Pune,22.1,72.2,17.1,1006.2,1467.1,560,3.5,0.0,-3.5,3
2024-07-13,Pune,23.8,66.0,7.8,1010.6,1367.3,560,13.3,0.0,-13.3,3
2024-07-14,Pune,25.3,52.7,17.6,1013.1,1189.4,560,49.5,44.0,-5.5,3
2024-07-15,Pune,28.7,86.9,16.7,1018.0,1688.8,560,23.5,20.0,-3.5,3
2024-07-16,Pune,27.6,82.1,15.3,1005.0,1752.5,560,8.1,0.0,-8.1,3
2024-07-17,Pune,24.1,74.3,4.9,1005.9,1547.9,560,0.2,0.0,-0.2,3
2024-07-18,Pune,29.6,74.6,9.7,1013.2,1596.3,560,15.6,16.1,0.5,3
2024-07-19,Pune,27.3,76.5,8.6,1006.0,1654.1,560,8.6,6.5,-2.1,3
2024-07-20,Pune,24.3,80.8,22.8,1004.7,1658.3,560,25.0,17.4,-7.6,3
2024-07-21,Pune,26.5,96.1,5.7,1008.9,1873.3,560,9.5,0.0,-9.5,3
2024-07-22,Pune,25.7,67.3,5.2,1004.3,1507.4,560,30.8,30.1,-0.7,3
2024-07-23,Pune,32.6,85.7,17.0,1006.3,1905.6,560,4.5,0.0,-4.5,3
2024-07-24,Pune,27.8,65.1,13.7,1010.1,1458.2,560,0.0,0.0,0.0,3
2024-07-25,Pune,30.5,79.1,11.0,1008.3,1739.7,560,44.6,33.0,-11.6,3
2024-07-26,Pune,24.2,87.3,11.6,1005.9,1733.0,560,6.0,0.7,-5.3,3
2024-07-27,Pune,27.1,80.7,5.4,1008.1,1682.1,560,37.5,34.6,-2.9,3
2024-07-28,Pune,29.8,67.1,6.3,1020.3,1411.7,560,17.6,12.1,-5.5,3
2024-07-29,Pune,33.6,67.5,6.0,1001.8,1729.1,560,0.0,0.0,0.0,3
2024-07-30,Pune,29.1,72.0,8.1,1004.4,1653.9,560,17.1,14.6,-2.4,3
2024-07-31,Pune,25.6,62.1,13.1,1000.7,1475.8,560,29.5,32.3,2.8,3
2024-08-01,Pune,26.2,76.5,16.9,1007.3,1610.5,560,6.8,0.0,-6.8,3
2024-08-02,Pune,26.8,58.8,2.0,1003.3,1427.0,560,31.3,31.2,-0.1,3
2024-08-03,Pune,20.6,61.9,3.9,1007.0,1276.3,560,12.4,20.6,8.1,3
2024-08-04,Pune,27.1,90.4,24.4,1007.5,1826.5,560,0.0,0.0,0.0,3
2024-08-05,Pune,23.1,73.3,9.3,1010.1,1458.9,560,11.8,8.2,-3.6,3
2024-08-06,Pune,25.6,74.1,16.6,1004.4,1599.4,560,1.4,0.0,-1.4,3
2024-08-07,Pune,30.1,78.8,15.5,1008.2,1725.5,560,9.2,0.0,-9.2,3
2024-08-08,Pune,31.1,67.9,7.8,1007.7,1605.6,560,2.1,0.0,-2.1,3
2024-08-09,Pune,27.1,83.7,23.9,1019.0,1594.0,560,23.7,20.2,-3.5,3
2024-08-10,Pune,27.5,82.2,5.2,1006.4,1732.2,560,7.7,0.0,-7.7,3
2024-08-11,Pune,30.6,98.0,6.7,1011.2,1972.2,560,41.8,38.6,-3.2,3
2024-08-12,Pune,32.2,77.5,7.0,1004.6,1801.9,560,35.5,29.6,-5.9,3
2024-08-13,Pune,35.1,85.3,2.0,1007.4,1946.8,560,28.5,19.3,-9.1,3
2024-08-14,Pune,29.5,75.5,16.9,1009.6,1648.5,560,37.8,24.6,-13.2,3
2024-08-15,Pune,32.9,76.4,20.4,1006.4,1783.1,560,18.4,9.1,-9.3,3
2024-08-16,Pune,30.8,66.9,2.0,1013.5,1513.5,560,26.8,15.5,-11.2,3
2024-08-17,Pune,28.0,76.8,14.2,1009.6,1632.4,560,3.3,0.0,-3.3,3
2024-08-18,Pune,28.3,64.6,14.6,1006.8,1500.3,560,65.5,57.2,-8.3,3
2024-08-19,Pune,22.6,51.6,19.9,1005.7,1197.3,560,2.3,0.0,-2.3,3
2024-08-20,Pune,25.3,93.7,12.8,1006.5,1841.4,560,0.7,0.3,-0.4,3
2024-08-21,Pune,28.7,76.6,6.5,1006.5,1682.1,560,3.2,0.0,-3.2,3
2024-08-22,Pune,33.1,71.9,13.8,1006.5,1721.9,560,11.4,10.1,-1.3,3
2024-08-23,Pune,28.1,74.0,3.0,1003.1,1671.8,560,2.3,0.0,-2.3,3
2024-08-24,Pune,26.6,73.3,9.6,1003.9,1616.9,560,4.7,0.0,-4.7,3
2024-08-25,Pune,30.2,54.3,11.9,1009.4,1371.0,560,12.7,3.7,-8.9,3
2024-08-26,Pune,33.0,69.4,11.4,1007.2,1676.3,560,3.5,0.0,-3.5,3
2024-08-27,Pune,26.2,61.3,2.0,1009.7,1372.0,560,17.9,11.3,-6.6,3
2024-08-28,Pune,29.2,59.7,7.8,1013.2,1378.0,560,0.6,0.0,-0.6,3
2024-08-29,Pune,24.3,69.4,11.0,1003.7,1511.5,560,14.5,2.1,-12.4,3
2024-08-30,Pune,26.2,90.3,12.4,1014.9,1714.2,560,0.0,0.0,0.0,3
2024-08-31,Pune,28.9,75.2,7.2,1003.2,1707.6,560,29.8,30.6,0.8,3
2024-09-01,Pune,30.8,79.4,14.6,1008.7,1745.4,560,82.0,80.8,-1.2,3
2024-09-02,Pune,31.2,58.9,18.6,1007.7,1481.2,560,0.0,0.0,0.0,3
2024-09-03,Pune,26.8,83.4,5.6,1013.1,1655.1,560,46.1,42.4,-3.7,3
2024-09-04,Pune,25.3,67.5,9.5,1015.2,1369.8,560,9.6,5.2,-4.4,3
2024-09-05,Pune,30.9,73.7,20.8,1011.9,1630.5,560,7.0,0.0,-7.0,3
2024-09-06,Pune,25.3,52.6,13.6,1017.1,1140.0,560,6.7,4.5,-2.2,3
2024-09-07,Pune,30.8,87.9,4.6,1015.8,1781.0,560,0.5,0.0,-0.5,3
2024-09-08,Pune,28.2,91.4,16.6,1011.3,1819.9,560,12.0,0.0,-12.0,3
2024-09-09,Pune,26.5,72.9,18.5,1006.2,1582.3,560,1.6,0.0,-1.6,3
2024-09-10,Pune,31.5,54.8,12.3,1012.8,1369.7,560,0.0,0.0,0.0,3
2024-09-11,Pune,26.6,55.7,11.1,1009.8,1300.7,560,8.7,0.0,-8.7,3
2024-09-12,Pune,22.1,74.7,17.4,1001.7,1555.6,560,65.3,62.6,-2.7,3
2024-09-13,Pune,22.4,78.6,11.7,1007.2,1551.0,560,2.5,1.1,-1.5,3
2024-09-14,Pune,36.4,75.3,21.1,1009.8,1810.2,560,4.5,0.0,-4.5,3
2024-09-15,Pune,21.2,79.4,27.5,1014.8,1442.2,560,0.0,0.0,0.0,3
2024-09-16,Pune,33.0,71.2,12.9,1012.9,1633.4,560,10.6,0.0,-10.6,3
2024-09-17,Pune,26.5,76.0,17.6,1005.8,1631.7,560,27.9,25.9,-2.0,3
2024-09-18,Pune,30.4,78.8,12.1,1012.2,1688.2,560,0.0,0.0,0.0,3
2024-09-19,Pune,27.0,80.9,10.0,1004.5,1725.7,560,28.0,26.4,-1.6,3
2024-09-20,Pune,26.1,98.0,19.2,1012.7,1846.5,560,5.8,0.0,-5.8,3
2024-09-21,Pune,27.0,67.1,17.6,1014.4,1415.0,560,2.4,0.0,-2.4,3
2024-09-22,Pune,25.3,60.9,20.6,1009.8,1342.6,560,10.8,0.0,-10.8,3
2024-09-23,Pune,25.7,93.6,15.7,1004.3,1876.1,560,7.5,2.9,-4.5,3
2024-09-24,Pune,27.0,88.8,15.2,1019.3,1659.0,560,16.4,18.8,2.4,3
2024-09-25,Pune,29.2,98.0,10.1,1010.3,1950.5,560,3.1,0.0,-3.1,3
2024-09-26,Pune,27.3,52.8,5.8,1006.4,1316.2,560,0.4,0.0,-0.4,3
2024-09-27,Pune,28.7,44.5,12.6,1003.1,1274.8,560,22.6,11.9,-10.7,3
2024-09-28,Pune,23.7,54.1,9.7,999.6,1331.3,560,18.1,6.1,-12.0,3
2024-09-29,Pune,24.8,78.3,12.7,1010.7,1563.7,560,23.9,14.2,-9.7,3
2024-09-30,Pune,25.8,80.2,12.7,1012.2,1595.2,560,5.5,0.0,-5.5,3
2024-10-01,Pune,27.4,80.5,7.8,996.8,1821.7,560,23.3,31.8,8.5,3
2024-10-02,Pune,20.3,83.0,2.0,1016.8,1447.3,560,8.3,6.7,-1.6,3
2024-10-03,Pune,26.1,77.6,13.2,1016.7,1511.4,560,1.2,0.0,-1.2,3
2024-10-04,Pune,23.4,69.7,18.3,1008.7,1432.9,560,26.1,13.6,-12.5,3
2024-10-05,Pune,28.2,86.7,23.0,1005.7,1822.9,560,5.9,0.0,-5.9,3
2024-10-06,Pune,28.1,76.8,13.9,1013.7,1584.8,560,43.3,33.8,-9.5,3
2024-10-07,Pune,31.5,57.0,13.5,1016.6,1354.5,560,11.0,0.0,-11.0,3
2024-10-08,Pune,26.3,80.4,13.6,1008.6,1654.9,560,16.5,8.1,-8.4,3
2024-10-09,Pune,33.9,80.6,11.0,1014.1,1773.2,560,16.0,9.0,-7.0,3
2024-10-10,Pune,26.1,70.0,11.4,1012.6,1455.2,560,12.4,1.9,-10.5,3
2024-10-11,Pune,30.0,53.5,7.3,999.3,1477.4,560,7.7,0.2,-7.5,3
2024-10-12,Pune,26.5,80.0,2.0,1011.3,1620.5,560,18.2,11.7,-6.5,3
2024-10-13,Pune,32.7,66.1,8.0,1006.2,1636.2,560,6.7,0.0,-6.7,3
2024-10-14,Pune,27.5,94.4,11.1,1004.1,1933.6,560,3.9,0.0,-3.9,3
2024-10-15,Pune,27.0,75.5,11.0,1005.2,1644.5,560,3.4,0.0,-3.4,3
2024-10-16,Pune,30.4,86.1,5.7,1003.2,1896.0,560,5.6,0.0,-5.6,3
2024-10-17,Pune,26.3,75.8,6.8,1004.6,1638.1,560,0.0,0.0,0.0,3
2024-10-18,Pune,29.8,84.8,20.0,1006.5,1826.5,560,9.9,0.0,-9.9,3
2024-10-19,Pune,23.3,69.5,12.2,1002.0,1506.0,560,21.4,12.4,-9.0,3
2024-10-20,Pune,25.1,88.2,6.4,1009.7,1721.1,560,0.0,0.0,0.0,3
2024-10-21,Pune,25.4,69.5,13.1,1010.9,1451.7,560,7.2,0.0,-7.2,3
2024-10-22,Pune,34.9,80.5,7.2,1001.2,1950.0,560,24.1,19.8,-4.3,3
2024-10-23,Pune,28.3,71.1,6.1,1009.9,1555.3,560,9.3,0.0,-9.3,3
2024-10-24,Pune,28.9,98.0,15.2,1000.0,2064.8,560,9.4,1.8,-7.6,3
2024-10-25,Pune,25.8,64.1,9.7,1009.8,1399.3,560,29.5,28.1,-1.4,3
2024-10-26,Pune,21.2,61.3,11.1,1008.7,1261.4,560,43.1,43.4,0.3,3
2024-10-27,Pune,28.8,70.9,12.5,1013.6,1521.6,560,2.7,0.0,-2.7,3
2024-10-28,Pune,26.9,98.0,11.2,999.2,2028.5,560,9.1,0.0,-9.1,3
2024-10-29,Pune,30.6,86.4,3.6,1002.5,1913.2,560,3.2,0.0,-3.2,3
2024-10-30,Pune,25.9,40.8,15.7,1008.1,1095.4,560,0.0,0.0,0.0,3
2024-10-31,Pune,29.3,69.4,6.9,1008.8,1568.6,560,10.3,13.8,3.6,3
2024-11-01,Pune,30.3,75.1,8.0,1007.9,1683.6,560,53.1,57.3,4.2,3
2024-11-02,Pune,31.2,80.5,14.4,1012.9,1722.4,560,33.3,30.2,-3.2,3
2024-11-03,Pune,27.1,67.4,8.0,1000.0,1594.9,560,8.6,0.0,-8.6,3
2024-11-04,Pune,26.2,63.8,11.9,1006.0,1448.8,560,55.2,49.6,-5.6,3
2024-11-05,Pune,32.3,62.9,18.0,1008.8,1551.3,560,46.4,40.4,-6.0,3
2024-11-06,Pune,24.2,78.4,14.2,1013.0,1522.4,560,43.4,37.2,-6.2,3
2024-11-07,Pune,27.3,71.0,2.4,1014.4,1474.8,560,9.6,0.0,-9.6,3
2024-11-08,Pune,32.7,62.5,14.7,1003.9,1614.4,560,1.7,0.0,-1.7,3
2024-11-09,Pune,25.3,84.9,20.2,1018.1,1578.4,560,90.2,84.9,-5.3,3
2024-11-10,Pune,28.7,77.0,16.0,1016.7,1565.5,560,2.1,0.0,-2.1,3
2024-11-11,Pune,26.6,79.6,19.4,1005.9,1681.8,560,4.3,0.0,-4.3,3
2024-11-12,Pune,26.3,42.1,2.0,1009.6,1105.7,560,59.9,49.5,-10.4,3
2024-11-13,Pune,28.2,56.1,13.8,1010.8,1331.5,560,11.1,8.0,-3.1,3
2024-11-14,Pune,26.6,71.7,8.9,1006.7,1562.9,560,41.2,30.8,-10.3,3
2024-11-15,Pune,24.6,70.7,7.2,1012.7,1428.0,560,26.3,15.2,-11.1,3
2024-11-16,Pune,25.8,79.3,11.8,1007.8,1634.7,560,2.6,0.0,-2.6,3
2024-11-17,Pune,28.1,67.9,19.5,1017.5,1415.0,560,31.5,33.3,1.8,3
2024-11-18,Pune,34.5,83.1,8.5,1010.0,1872.1,560,0.0,0.0,0.0,3
2024-11-19,Pune,29.6,77.6,11.7,1006.0,1725.1,560,10.9,0.0,-10.9,3
2024-11-20,Pune,27.4,78.2,3.9,1007.4,1664.2,560,48.0,48.7,0.7,3
2024-11-21,Pune,25.9,64.3,17.1,1009.8,1404.0,560,22.5,12.6,-9.9,3
2024-11-22,Pune,24.8,85.2,9.1,1008.0,1691.5,560,0.0,0.0,0.0,3
2024-11-23,Pune,37.4,81.7,7.9,1011.4,1905.2,560,12.5,0.0,-12.5,3
2024-11-24,Pune,23.2,69.8,5.6,1017.5,1323.1,560,4.1,0.0,-4.1,3
2024-11-25,Pune,26.3,78.0,4.5,1016.7,1524.5,560,28.0,18.8,-9.2,3
2024-11-26,Pune,30.4,83.3,2.4,1003.4,1854.7,560,22.4,24.7,2.3,3
2024-11-27,Pune,26.2,63.1,8.7,1019.3,1281.2,560,11.8,15.3,3.5,3
2024-11-28,Pune,26.0,85.5,3.7,1009.8,1702.9,560,5.9,0.0,-5.9,3
2024-11-29,Pune,29.7,66.7,17.2,1003.7,1601.5,560,29.6,30.0,0.4,3
2024-11-30,Pune,26.8,48.5,15.5,1007.4,1233.5,560,6.4,0.0,-6.4,3
2024-12-01,Pune,24.1,88.7,18.3,1006.1,1746.2,560,75.0,62.1,-13.0,3
2024-12-02,Pune,25.7,50.5,10.4,1011.8,1181.5,560,65.8,58.7,-7.1,3
2024-12-03,Pune,30.6,60.4,3.9,1007.6,1488.0,560,0.0,0.0,0.0,3
2024-12-04,Pune,25.0,92.6,19.8,1016.1,1702.8,560,68.2,72.2,4.1,3
2024-12-05,Pune,25.6,63.5,8.4,1010.6,1377.1,560,7.8,0.0,-7.8,3
2024-12-06,Pune,22.3,72.0,21.8,1011.0,1411.4,560,0.0,0.0,0.0,3
2024-12-07,Pune,29.3,77.3,8.8,1004.1,1736.1,560,12.2,6.4,-5.8,3
2024-12-08,Pune,28.2,62.8,21.4,1011.0,1422.9,560,0.0,0.0,0.0,3
2024-12-09,Pune,28.0,64.8,12.3,1004.9,1519.3,560,11.8,6.5,-5.3,3
2024-12-10,Pune,23.1,84.5,5.1,1011.0,1605.9,560,9.3,2.9,-6.4,3
2024-12-11,Pune,28.7,79.2,9.9,999.4,1804.9,560,2.3,0.0,-2.3,3
2024-12-12,Pune,21.4,87.5,12.7,1002.3,1710.4,560,6.4,0.0,-6.4,3
2024-12-13,Pune,29.0,61.3,24.1,1000.9,1543.0,560,6.5,0.0,-6.5,3
2024-12-14,Pune,26.4,84.8,14.1,1008.7,1716.8,560,15.5,12.7,-2.9,3
2024-12-15,Pune,27.6,87.6,19.5,1013.8,1722.9,560,13.6,8.3,-5.2,3
2024-12-16,Pune,23.2,97.4,12.2,1002.7,1888.1,560,5.5,0.0,-5.5,3
2024-12-17,Pune,20.6,79.1,4.9,1006.1,1528.1,560,5.3,0.0,-5.3,3
2024-12-18,Pune,27.8,69.5,4.3,1006.5,1561.9,560,6.6,3.5,-3.2,3
2024-12-19,Pune,30.8,68.2,2.0,1013.0,1537.7,560,12.2,3.5,-8.7,3
2024-12-20,Pune,29.1,67.6,8.8,1006.0,1571.7,560,49.4,40.6,-8.8,3
2024-12-21,Pune,24.6,71.0,13.4,1010.4,1460.4,560,5.0,1.6,-3.4,3
2024-12-22,Pune,25.1,68.9,16.4,1002.3,1538.8,560,6.3,6.7,0.4,3
2024-12-23,Pune,27.3,69.1,4.1,1010.6,1495.2,560,19.8,22.4,2.6,3
2024-12-24,Pune,27.8,63.0,2.0,1008.9,1442.6,560,19.7,21.3,1.6,3
2024-12-25,Pune,28.9,78.3,2.0,1011.8,1647.3,560,6.9,0.0,-6.9,3
2024-12-26,Pune,27.9,73.8,3.1,1008.3,1602.0,560,0.0,3.8,3.8,3
2024-12-27,Pune,23.1,72.2,8.2,1002.8,1533.0,560,30.2,22.2,-8.0,3
2024-12-28,Pune,24.3,78.8,6.5,1004.6,1632.2,560,14.0,15.5,1.5,3
2024-12-29,Pune,25.7,77.4,9.6,1012.7,1548.4,560,5.7,0.0,-5.7,3
2024-12-30,Pune,22.8,60.3,14.9,1002.2,1364.9,560,13.5,4.2,-9.3,3
2024-12-31,Pune,27.5,65.6,6.8,997.5,1609.4,560,7.9,4.6,-3.3,3
2025-01-01,Pune,26.2,71.5,11.1,1009.0,1522.7,560,24.0,10.8,-13.2,3
2025-01-02,Pune,27.2,84.0,14.9,1003.1,1791.9,560,13.5,5.4,-8.0,3
2025-01-03,Pune,25.4,77.1,13.6,1019.8,1450.6,560,7.6,0.0,-7.6,3
2025-01-04,Pune,35.1,66.6,4.8,1003.5,1731.7,560,31.5,27.4,-4.1,3
2025-01-05,Pune,31.2,53.9,17.7,1003.4,1462.7,560,28.1,20.1,-8.0,3
2025-01-06,Pune,25.1,61.7,10.0,1014.3,1293.5,560,19.7,10.1,-9.6,3
2025-01-07,Pune,30.2,68.0,10.7,1012.6,1525.5,560,0.0,0.0,0.0,3
2025-01-08,Pune,30.4,74.6,10.4,999.1,1785.1,560,11.5,14.0,2.5,3
2025-01-09,Pune,28.7,98.0,15.6,1000.8,2050.4,560,98.2,91.2,-7.1,3
2025-01-10,Pune,27.4,63.5,9.7,1001.2,1533.0,560,4.0,0.0,-4.0,3
2025-01-11,Pune,28.7,98.0,5.4,1013.5,1898.4,560,3.7,0.0,-3.7,3
2025-01-12,Pune,27.1,83.4,11.1,1002.0,1793.3,560,0.0,0.0,0.0,3
2025-01-13,Pune,29.4,72.1,14.7,1018.5,1493.4,560,6.3,0.0,-6.3,3
2025-01-14,Pune,29.8,65.1,8.4,1016.3,1430.5,560,4.4,6.6,2.2,3
2025-01-15,Pune,16.5,87.9,11.6,1004.5,1572.0,560,8.5,0.0,-8.5,3
2025-01-16,Pune,25.4,59.8,3.9,1008.6,1344.1,560,118.8,118.3,-0.4,3
2025-01-17,Pune,25.3,49.7,12.7,1010.3,1178.4,560,9.0,0.0,-9.0,3
2025-01-18,Pune,30.3,60.0,7.9,1006.2,1492.1,560,0.6,0.0,-0.6,3
2025-01-19,Pune,28.4,63.9,11.2,1003.5,1534.0,560,16.0,8.7,-7.3,3
2025-01-20,Pune,21.9,80.7,10.5,1010.3,1533.4,560,1.9,0.0,-1.9,3
2025-01-21,Pune,26.8,53.3,7.2,1005.7,1322.3,560,0.0,0.0,0.0,3
2025-01-22,Pune,29.1,57.1,4.4,1018.8,1271.5,560,16.3,9.9,-6.4,3
2025-01-23,Pune,21.8,90.6,7.2,1010.6,1664.8,560,0.0,0.0,0.0,3
2025-01-24,Pune,27.4,79.8,12.5,1007.5,1683.5,560,8.7,0.0,-8.7,3
2025-01-25,Pune,32.3,78.8,14.8,1012.7,1726.9,560,72.8,74.4,1.6,3
2025-01-26,Pune,26.6,73.8,17.0,1004.2,1622.3,560,0.0,0.0,0.0,3
2025-01-27,Pune,23.4,78.5,18.4,1007.4,1572.1,560,3.6,0.0,-3.6,3
2025-01-28,Pune,26.7,63.6,2.0,1004.0,1482.4,560,4.9,0.0,-4.9,3
2025-01-29,Pune,27.4,77.0,14.5,1007.7,1643.3,560,0.0,2.9,2.9,3
2025-01-30,Pune,28.2,86.4,16.7,1001.5,1868.9,560,30.9,26.1,-4.8,3
2025-01-31,Pune,25.6,76.0,9.2,1004.0,1631.6,560,17.9,13.2,-4.7,3
2025-02-01,Pune,23.4,55.9,25.2,1006.9,1259.9,560,4.8,3.0,-1.8,3
2025-02-02,Pune,33.1,66.2,14.8,1001.0,1709.3,560,3.7,0.0,-3.7,3
2025-02-03,Pune,24.7,65.1,14.0,1007.9,1409.5,560,3.8,0.0,-3.8,3
2025-02-04,Pune,26.2,68.5,2.0,1007.5,1497.9,560,18.2,11.6,-6.6,3
2025-02-05,Pune,25.3,73.9,2.3,1008.7,1537.3,560,50.9,37.5,-13.3,3
2025-02-06,Pune,24.8,81.9,12.7,1003.0,1705.8,560,3.7,0.0,-3.7,3
2025-02-07,Pune,25.0,87.8,7.3,1022.2,1562.2,560,19.2,17.2,-2.0,3
2025-02-08,Pune,20.0,70.6,9.4,1007.1,1383.0,560,2.7,0.0,-2.7,3
2025-02-09,Pune,31.8,81.6,15.4,1009.0,1797.4,560,0.0,0.0,0.0,3
2025-02-10,Pune,28.8,60.5,17.3,997.8,1565.2,560,31.3,23.0,-8.3,3
2025-02-11,Pune,30.2,81.5,24.3,1016.9,1662.2,560,10.6,0.0,-10.6,3
2025-02-12,Pune,33.1,65.5,10.2,1019.7,1474.8,560,7.2,0.0,-7.2,3
2025-02-13,Pune,31.0,78.9,19.1,1005.9,1777.0,560,4.6,0.0,-4.6,3
2025-02-14,Pune,24.1,98.0,9.1,1018.7,1727.3,560,10.7,9.2,-1.5,3
2025-02-15,Pune,30.9,85.6,9.0,1001.5,1923.5,560,4.3,0.0,-4.3,3
2025-02-16,Pune,30.6,78.9,15.3,1013.4,1678.9,560,5.3,0.0,-5.3,3
2025-02-17,Pune,25.6,83.4,7.3,1005.7,1712.9,560,44.6,41.0,-3.6,3
2025-02-18,Pune,29.8,70.4,11.5,1007.8,1609.3,560,5.4,0.0,-5.4,3
2025-02-19,Pune,32.1,75.8,20.6,1015.0,1652.4,560,4.4,0.0,-4.4,3
2025-02-20,Pune,32.9,85.3,10.8,1009.4,1871.6,560,22.5,14.2,-8.3,3
2025-02-21,Pune,27.1,75.2,11.4,1004.7,1646.7,560,0.0,2.1,2.1,3
2025-02-22,Pune,31.3,77.9,9.6,1013.3,1682.1,560,17.4,13.9,-3.4,3
2025-02-23,Pune,32.3,72.6,12.4,1014.1,1622.7,560,22.8,29.7,7.0,3
2025-02-24,Pune,30.1,67.9,13.8,1003.4,1631.1,560,4.8,2.7,-2.1,3
2025-02-25,Pune,29.5,50.5,12.2,1010.1,1294.6,560,4.4,0.0,-4.4,3
2025-02-26,Pune,25.2,75.8,16.2,1004.3,1615.3,560,4.0,0.0,-4.0,3
2025-02-27,Pune,29.2,67.4,12.1,996.5,1686.9,560,0.0,0.0,0.0,3
2025-02-28,Pune,32.8,88.5,12.0,1001.9,2003.8,560,21.2,14.6,-6.5,3
2025-03-01,Pune,24.8,69.4,10.2,1011.7,1427.9,560,15.0,0.0,-15.0,3
2025-03-02,Pune,28.8,56.9,14.4,1006.1,1413.8,560,42.0,35.2,-6.7,3
2025-03-03,Pune,30.1,64.0,19.9,1004.0,1570.9,560,91.7,89.5,-2.2,3
2025-03-04,Pune,27.3,61.8,17.4,1004.9,1462.3,560,24.9,16.6,-8.4,3
2025-03-05,Pune,32.8,89.1,7.7,1006.1,1961.3,560,6.3,0.0,-6.3,3
2025-03-06,Pune,31.5,59.3,9.3,1010.4,1460.6,560,3.6,11.5,7.9,3
2025-03-07,Pune,28.4,73.6,12.3,1009.1,1602.3,560,7.6,0.0,-7.6,3
2025-03-08,Pune,21.7,80.4,15.3,1001.8,1624.6,560,21.2,0.0,-21.2,3
2025-03-09,Pune,23.9,91.0,10.7,1008.9,1740.3,560,14.8,10.1,-4.6,3
2025-03-10,Pune,26.0,64.1,15.9,998.3,1540.6,560,6.9,0.0,-6.9,3
2025-03-11,Pune,26.9,82.3,9.0,1001.3,1781.6,560,41.5,40.3,-1.2,3
2025-03-12,Pune,30.2,79.5,12.2,1020.0,1597.8,560,2.5,0.0,-2.5,3
2025-03-13,Pune,22.8,76.6,17.5,1006.9,1538.1,560,26.9,26.2,-0.7,3
2025-03-14,Pune,32.1,90.4,9.0,1006.0,1962.5,560,17.5,1.2,-16.4,3
2025-03-15,Pune,24.3,88.6,8.4,1010.0,1703.4,560,2.8,0.0,-2.8,3
2025-03-16,Pune,31.3,75.9,7.7,1010.2,1690.9,560,2.2,0.0,-2.2,3
2025-03-17,Pune,29.2,63.7,17.8,1001.0,1580.1,560,10.7,12.0,1.3,3
2025-03-18,Pune,27.5,76.6,2.0,1013.2,1574.2,560,21.3,20.8,-0.5,3
2025-03-19,Pune,25.4,61.1,9.5,1018.9,1239.3,560,3.8,0.0,-3.8,3
2025-03-20,Pune,31.1,66.7,8.8,1008.1,1584.4,560,9.8,0.0,-9.8,3
2025-03-21,Pune,29.9,80.2,17.7,1012.3,1692.9,560,4.3,0.0,-4.3,3
2025-03-22,Pune,30.5,59.8,2.0,1012.1,1424.9,560,11.9,0.0,-11.9,3
2025-03-23,Pune,25.3,85.4,19.9,997.6,1831.5,560,10.0,0.0,-10.0,3
2025-03-24,Pune,26.4,71.1,6.6,1002.2,1602.5,560,38.2,37.2,-1.1,3
2025-03-25,Pune,27.5,77.5,17.6,1003.0,1708.9,560,25.6,22.9,-2.7,3
2025-03-26,Pune,34.8,74.8,18.8,994.6,1947.6,560,0.8,0.0,-0.8,3
2025-03-27,Pune,29.3,79.3,15.1,1010.8,1682.9,560,5.7,0.0,-5.7,3
2025-03-28,Pune,33.6,69.4,5.5,1017.1,1572.0,560,19.6,19.9,0.3,3
2025-03-29,Pune,23.4,81.7,6.1,1008.0,1608.8,560,4.4,0.0,-4.4,3
2025-03-30,Pune,28.5,50.9,13.8,1008.5,1296.4,560,47.7,31.6,-16.1,3
2025-03-31,Pune,26.4,72.9,10.2,1006.2,1578.5,560,6.7,7.9,1.3,3
2025-04-01,Pune,27.3,72.7,6.1,1018.7,1447.3,560,20.6,19.8,-0.8,3
2025-04-02,Pune,30.7,73.9,21.4,1010.8,1641.4,560,5.0,0.0,-5.0,3
2025-04-03,Pune,27.1,60.4,14.8,1016.6,1296.6,560,24.0,13.8,-10.2,3
2025-04-04,Pune,28.3,70.1,8.4,1011.4,1522.0,560,17.0,21.2,4.2,3
2025-04-05,Pune,21.6,80.7,21.7,1012.1,1504.2,560,42.4,35.3,-7.0,3
2025-04-06,Pune,28.4,70.0,16.0,1012.8,1508.0,560,60.6,61.8,1.2,3
2025-04-07,Pune,30.8,50.4,13.3,1008.3,1345.8,560,0.7,0.0,-0.7,3
2025-04-08,Pune,32.5,94.2,21.1,1007.6,2007.5,560,0.0,0.0,0.0,3
2025-04-09,Pune,30.2,80.6,14.9,1008.5,1752.0,560,2.2,0.0,-2.2,3
2025-04-10,Pune,25.6,59.8,16.8,1006.7,1370.3,560,8.5,5.6,-2.9,3
2025-04-11,Pune,27.2,66.6,12.7,1001.2,1570.3,560,26.9,16.9,-10.0,3
2025-04-12,Pune,33.0,98.0,7.3,1009.6,2048.1,560,16.3,5.8,-10.5,3
2025-04-13,Pune,29.4,67.2,5.2,1004.1,1598.2,560,34.1,33.3,-0.8,3
2025-04-14,Pune,26.7,61.1,19.9,1016.2,1300.4,560,6.6,0.0,-6.6,3
2025-04-15,Pune,35.4,68.8,25.7,1012.1,1667.4,560,5.2,5.6,0.3,3
2025-04-16,Pune,19.5,81.7,19.0,1010.0,1492.6,560,4.3,0.0,-4.3,3
2025-04-17,Pune,25.9,60.6,15.6,1001.5,1451.1,560,6.8,0.0,-6.8,3
2025-04-18,Pune,25.0,83.1,14.2,1005.3,1699.0,560,2.2,0.8,-1.5,3
2025-04-19,Pune,31.4,66.8,5.0,1007.3,1601.2,560,6.2,0.0,-6.2,3
2025-04-20,Pune,23.6,47.8,10.9,1008.5,1133.8,560,36.3,35.8,-0.5,3
2025-04-21,Pune,27.9,98.0,7.0,1006.4,1963.6,560,0.3,0.0,-0.3,3
2025-04-22,Pune,20.4,68.8,17.4,1005.8,1383.0,560,11.9,4.3,-7.6,3
2025-04-23,Pune,26.5,49.9,16.3,1007.4,1246.7,560,10.8,0.0,-10.8,3
2025-04-24,Pune,28.1,92.1,11.6,1009.1,1855.3,560,53.4,50.4,-3.0,3
2025-04-25,Pune,36.6,76.8,9.4,1015.6,1767.5,560,0.0,0.0,0.0,3
2025-04-26,Pune,22.8,69.3,9.9,1003.7,1472.3,560,0.0,0.0,0.0,3
2025-04-27,Pune,30.9,79.8,11.1,1010.8,1729.5,560,15.3,8.0,-7.3,3
2025-04-28,Pune,25.7,75.8,12.9,1013.1,1521.5,560,1.5,0.0,-1.5,3
2025-04-29,Pune,33.5,58.9,14.1,1012.2,1483.5,560,9.1,16.1,7.0,3
2025-04-30,Pune,29.2,71.2,17.9,1012.2,1551.1,560,16.6,0.0,-16.6,3
2025-05-01,Pune,21.5,73.6,15.9,1007.7,1453.6,560,42.2,30.2,-12.0,3
2025-05-02,Pune,30.3,65.2,10.6,1004.7,1583.2,560,9.7,11.1,1.4,3
2025-05-03,Pune,36.4,55.4,8.5,1011.1,1515.6,560,10.2,0.0,-10.2,3
2025-05-04,Pune,29.4,60.7,12.6,1018.2,1338.2,560,9.6,3.9,-5.7,3
2025-05-05,Pune,23.7,94.6,20.4,1007.2,1807.8,560,7.4,0.0,-7.4,3
2025-05-06,Pune,24.7,86.3,18.9,1005.3,1735.7,560,1.5,0.0,-1.5,3
2025-05-07,Pune,28.4,61.3,18.1,1002.4,1511.2,560,4.5,0.0,-4.5,3
2025-05-08,Pune,25.6,72.9,10.7,1003.9,1589.7,560,2.0,0.0,-2.0,3
2025-05-09,Pune,27.9,65.8,2.0,1002.7,1557.0,560,37.5,34.6,-2.9,3
2025-05-10,Pune,27.0,73.4,9.4,1010.6,1548.0,560,7.8,4.3,-3.5,3
2025-05-11,Pune,19.4,79.0,3.5,1007.5,1480.8,560,5.2,4.1,-1.1,3
2025-05-12,Pune,33.3,55.5,17.9,1008.7,1471.4,560,6.3,0.0,-6.3,3
2025-05-13,Pune,24.7,82.7,16.4,1010.0,1631.3,560,7.2,0.0,-7.2,3
2025-05-14,Pune,31.3,91.8,11.8,994.1,2108.0,560,5.0,0.0,-5.0,3
2025-05-15,Pune,24.4,76.2,7.3,1012.2,1506.2,560,37.2,26.0,-11.2,3
2025-05-16,Pune,30.5,81.8,9.5,1014.0,1709.8,560,1.9,0.0,-1.9,3
2025-05-17,Pune,30.6,97.8,13.0,1004.9,2043.3,560,125.9,122.1,-3.7,3
2025-05-18,Pune,27.5,72.4,11.9,1003.3,1632.3,560,2.6,0.0,-2.6,3
2025-05-19,Pune,25.3,58.0,2.0,1007.4,1330.1,560,5.9,6.8,0.9,3
2025-05-20,Pune,29.3,74.5,2.8,1012.2,1600.3,560,0.0,0.0,0.0,3
2025-05-21,Pune,27.2,74.8,15.3,996.9,1737.8,560,0.0,0.0,0.0,3
2025-05-22,Pune,28.4,68.7,13.8,1001.4,1625.2,560,60.9,53.4,-7.6,3
2025-05-23,Pune,35.4,77.2,4.5,1000.1,1928.6,560,8.7,0.0,-8.7,3
2025-05-24,Pune,32.8,68.1,5.0,1010.2,1618.5,560,0.7,0.0,-0.7,3
2025-05-25,Pune,31.6,94.0,20.1,1013.3,1916.1,560,3.7,5.8,2.1,3
2025-05-26,Pune,34.5,76.1,9.0,1003.6,1849.7,560,0.6,1.5,0.9,3
2025-05-27,Pune,24.9,72.1,14.6,1009.3,1495.2,560,6.2,0.0,-6.2,3
2025-05-28,Pune,28.4,55.8,7.0,1011.3,1327.6,560,10.2,0.0,-10.2,3
2025-05-29,Pune,29.4,84.5,14.0,1008.8,1783.2,560,34.6,20.1,-14.5,3
2025-05-30,Pune,27.8,77.8,22.7,1002.4,1727.0,560,12.3,2.6,-9.7,3
2025-05-31,Pune,20.1,57.3,11.1,1004.4,1231.0,560,2.8,1.7,-1.1,3
2025-06-01,Pune,28.0,74.3,14.4,998.8,1727.5,560,11.4,8.0,-3.4,3
2025-06-02,Pune,27.7,73.9,8.5,1007.0,1616.8,560,33.0,20.6,-12.5,3
2025-06-03,Pune,30.0,88.6,4.4,1007.1,1875.4,560,21.9,19.3,-2.6,3
2025-06-04,Pune,23.6,70.4,13.2,1010.8,1421.1,560,12.7,0.0,-12.7,3
2025-06-05,Pune,30.8,61.4,2.0,1017.1,1391.9,560,18.3,10.0,-8.3,3
2025-06-06,Pune,34.5,55.6,6.3,1003.6,1563.2,560,32.4,23.0,-9.4,3
2025-06-07,Pune,33.0,65.5,14.0,1001.6,1688.0,560,4.6,0.0,-4.6,3
2025-06-08,Pune,24.8,68.8,20.6,1013.5,1395.5,560,0.0,0.0,0.0,3
2025-06-09,Pune,27.9,80.0,16.5,1012.2,1644.9,560,8.8,0.0,-8.8,3
2025-06-10,Pune,28.8,56.5,9.8,1008.7,1378.3,560,1.7,0.0,-1.7,3
2025-06-11,Pune,29.3,58.2,23.6,1010.4,1392.1,560,10.0,9.6,-0.4,3
2025-06-12,Pune,26.8,58.1,6.3,1001.7,1435.7,560,10.6,4.6,-5.9,3
2025-06-13,Pune,29.2,94.1,11.2,996.8,2056.3,560,52.4,47.2,-5.2,3
2025-06-14,Pune,33.4,79.4,2.0,1008.5,1810.0,560,17.6,22.7,5.1,3
2025-06-15,Pune,31.2,79.3,16.1,1007.2,1772.3,560,31.5,20.2,-11.3,3
2025-06-16,Pune,23.8,89.9,18.0,1001.1,1816.1,560,0.8,0.0,-0.8,3
2025-06-17,Pune,30.5,87.6,5.7,997.8,1985.1,560,4.3,0.0,-4.3,3
2025-06-18,Pune,27.0,83.5,6.4,1001.3,1800.8,560,9.8,0.0,-9.8,3
2025-06-19,Pune,28.5,67.4,15.8,1003.1,1590.9,560,17.9,15.2,-2.7,3
2025-06-20,Pune,29.9,81.7,17.0,1010.7,1732.7,560,9.8,0.0,-9.8,3
2025-06-21,Pune,31.1,56.9,3.8,1017.8,1328.9,560,25.6,27.1,1.6,3
2025-06-22,Pune,28.4,80.3,11.9,1004.3,1754.0,560,20.7,12.3,-8.5,3
2025-06-23,Pune,28.7,61.2,5.4,1010.0,1427.1,560,4.5,0.0,-4.5,3
2025-06-24,Pune,26.2,86.5,6.8,1006.2,1765.2,560,6.9,0.0,-6.9,3
2025-06-25,Pune,29.5,64.3,8.1,1004.9,1548.3,560,54.2,49.2,-5.0,3
2025-06-26,Pune,34.2,57.5,19.8,1011.7,1485.3,560,14.7,17.9,3.2,3
2025-06-27,Pune,31.2,58.3,4.9,1009.8,1447.6,560,12.5,0.0,-12.5,3
2025-06-28,Pune,19.9,85.9,22.9,1016.6,1480.6,560,0.0,0.0,0.0,3
2025-06-29,Pune,26.8,81.9,9.7,1009.4,1676.4,560,23.9,23.7,-0.2,3
2025-06-30,Pune,29.8,74.3,7.4,1005.6,1689.0,560,9.9,0.0,-9.9,3
2025-07-01,Pune,29.5,71.8,16.9,1005.7,1645.2,560,0.9,0.0,-0.9,3
2025-07-02,Pune,30.4,73.8,21.5,1001.7,1742.0,560,4.0,0.0,-4.0,3
2025-07-03,Pune,25.8,66.1,20.2,1003.9,1498.4,560,45.8,43.3,-2.5,3
2025-07-04,Pune,26.0,84.1,12.9,999.4,1808.9,560,61.2,63.3,2.1,3
2025-07-05,Pune,25.9,71.9,13.9,1005.3,1562.9,560,0.2,0.0,-0.2,3
2025-07-06,Pune,28.1,56.9,12.6,1014.1,1302.7,560,2.0,0.0,-2.0,3
2025-07-07,Pune,22.4,93.9,22.7,1008.6,1749.5,560,22.9,17.9,-5.0,3
2025-07-08,Pune,29.6,76.9,20.3,1013.7,1622.4,560,5.8,7.5,1.8,3
2025-07-09,Pune,29.0,81.2,10.2,1002.0,1808.3,560,7.4,12.8,5.4,3
2025-07-10,Pune,27.8,89.0,12.1,1012.7,1759.8,560,154.1,152.4,-1.8,3
2025-07-11,Pune,25.7,75.6,11.1,1011.2,1539.7,560,5.2,1.9,-3.3,3
2025-07-12,Pune,29.0,61.7,4.3,1008.4,1459.5,560,7.0,0.0,-7.0,3
2025-07-13,Pune,28.3,76.8,13.7,1008.3,1654.0,560,17.5,10.5,-7.0,3
2025-07-14,Pune,24.9,69.5,18.8,1014.8,1393.5,560,0.0,0.0,0.0,3
2025-07-15,Pune,26.6,98.0,11.5,1010.8,1880.8,560,47.2,48.0,0.8,3
2025-07-16,Pune,27.2,83.9,14.5,1005.8,1758.0,560,3.2,0.0,-3.2,3
2025-07-17,Pune,30.6,67.9,20.2,1007.7,1594.5,560,29.6,29.1,-0.5,3
2025-07-18,Pune,29.3,83.8,22.4,1010.6,1749.1,560,9.3,5.1,-4.2,3
2025-07-19,Pune,19.8,79.5,12.7,1013.8,1423.0,560,14.0,6.2,-7.8,3
2025-07-20,Pune,29.3,75.1,12.1,1002.7,1723.8,560,0.0,0.0,0.0,3
2025-07-21,Pune,22.7,79.9,16.4,1012.4,1514.3,560,4.4,0.0,-4.4,3
2025-07-22,Pune,27.4,93.6,12.5,1008.6,1865.0,560,4.0,6.0,2.0,3
2025-07-23,Pune,31.0,74.3,22.2,1012.4,1635.4,560,9.0,2.8,-6.2,3
2025-07-24,Pune,23.2,69.0,14.5,1011.0,1390.5,560,8.9,0.0,-8.9,3
2025-07-25,Pune,30.0,56.0,3.4,1010.4,1378.3,560,13.9,8.2,-5.7,3
2025-07-26,Pune,29.3,48.5,17.8,1002.7,1349.5,560,2.0,0.0,-2.0,3
2025-07-27,Pune,27.4,66.3,3.0,1001.2,1572.0,560,7.1,0.0,-7.1,3
2025-07-28,Pune,30.7,69.0,16.5,1013.5,1540.8,560,23.2,17.7,-5.5,3
2025-07-29,Pune,27.4,73.3,2.0,1004.2,1634.7,560,10.8,0.0,-10.8,3
2025-07-30,Pune,27.0,69.2,10.8,1007.5,1526.7,560,3.0,0.0,-3.0,3
2025-07-31,Pune,26.5,55.2,5.8,1006.4,1333.1,560,6.2,0.0,-6.2,3
2025-08-01,Pune,28.1,72.8,9.2,1006.6,1613.9,560,0.0,3.5,3.5,3
2025-08-02,Pune,24.9,78.7,12.3,1011.3,1564.6,560,0.5,0.0,-0.5,3
2025-08-03,Pune,25.0,67.6,20.6,1007.4,1457.5,560,3.5,0.0,-3.5,3
2025-08-04,Pune,31.1,91.6,10.9,1009.0,1921.4,560,5.5,0.0,-5.5,3
2025-08-05,Pune,30.5,55.3,13.0,1012.4,1357.1,560,37.8,37.5,-0.3,3
2025-08-06,Pune,26.1,59.3,10.1,1001.7,1435.3,560,7.7,0.0,-7.7,3
2025-08-07,Pune,25.1,67.1,17.1,1017.0,1337.5,560,16.9,10.5,-6.4,3
2025-08-08,Pune,29.2,54.2,15.1,998.0,1483.6,560,57.9,55.5,-2.4,3
2025-08-09,Pune,25.4,80.6,14.3,1007.0,1655.2,560,4.7,0.0,-4.7,3
2025-08-10,Pune,30.1,83.5,10.8,1007.4,1802.8,560,3.3,0.0,-3.3,3
2025-08-11,Pune,29.0,88.3,13.8,1009.6,1815.9,560,7.3,3.1,-4.2,3
2025-08-12,Pune,30.6,71.8,9.3,1013.5,1576.5,560,35.9,29.2,-6.7,3
2025-08-13,Pune,30.0,59.0,12.2,1007.0,1461.9,560,1.4,1.3,-0.2,3
2025-08-14,Pune,26.4,71.9,10.6,1013.8,1474.9,560,5.3,0.0,-5.3,3
2025-08-15,Pune,24.7,70.6,5.3,1011.9,1439.5,560,5.2,6.3,1.1,3
2025-08-16,Pune,26.9,65.8,14.9,1016.0,1373.3,560,0.0,0.0,0.0,3
2025-08-17,Pune,22.1,71.1,21.1,1007.1,1440.5,560,5.8,0.0,-5.8,3
2025-08-18,Pune,25.9,73.3,10.4,1011.8,1506.9,560,94.1,83.5,-10.6,3
2025-08-19,Pune,29.5,57.3,17.3,1010.7,1382.5,560,9.7,0.0,-9.7,3
2025-08-20,Pune,31.8,85.1,11.1,1013.7,1790.0,560,6.2,0.0,-6.2,3
2025-08-21,Pune,29.0,65.3,12.8,1007.7,1518.5,560,0.0,0.0,0.0,3
2025-08-22,Pune,25.5,72.3,21.4,1011.3,1487.1,560,7.5,0.0,-7.5,3
2025-08-23,Pune,29.6,60.7,12.7,1007.8,1466.5,560,8.2,0.0,-8.2,3
2025-08-24,Pune,27.8,49.3,12.9,1013.9,1190.2,560,11.1,0.0,-11.1,3
2025-08-25,Pune,29.6,91.5,10.6,1011.5,1853.0,560,21.4,21.4,0.0,3
2025-08-26,Pune,30.0,75.3,8.3,1009.4,1662.6,560,0.0,0.0,0.0,3
2025-08-27,Pune,26.7,75.9,9.5,1004.6,1648.9,560,92.3,93.6,1.3,3
2025-08-28,Pune,26.5,50.2,9.8,999.9,1341.9,560,1.9,0.0,-1.9,3
2025-08-29,Pune,31.7,67.0,12.5,1008.6,1595.6,560,9.4,0.0,-9.4,3
2025-08-30,Pune,28.0,81.0,20.9,1011.9,1663.8,560,0.0,0.0,0.0,3
2025-08-31,Pune,30.0,76.7,13.3,1010.1,1671.4,560,2.2,0.0,-2.2,3
2025-09-01,Pune,31.0,62.5,8.5,1004.0,1570.8,560,0.1,0.0,-0.1,3
2025-09-02,Pune,26.5,44.4,15.5,1003.0,1221.9,560,9.7,0.0,-9.7,3
2025-09-03,Pune,28.6,68.7,4.5,1001.4,1632.8,560,11.8,1.9,-9.9,3
2025-09-04,Pune,28.9,77.7,7.4,1013.3,1622.8,560,9.9,5.0,-4.8,3
2025-09-05,Pune,29.3,71.4,14.4,1008.0,1608.0,560,75.2,75.3,0.1,3
2025-09-06,Pune,25.1,52.8,6.2,1013.3,1181.8,560,11.2,1.9,-9.3,3
2025-09-07,Pune,28.2,61.7,6.7,1006.0,1469.8,560,41.3,39.5,-1.8,3
2025-09-08,Pune,22.4,73.9,10.8,1000.3,1569.4,560,0.9,0.0,-0.9,3
2025-09-09,Pune,28.2,76.9,5.1,1009.5,1638.7,560,2.4,0.0,-2.4,3
2025-09-10,Pune,20.2,73.2,2.0,1003.4,1469.4,560,0.0,0.0,0.0,3
2025-09-11,Pune,35.1,63.1,11.5,1005.4,1661.3,560,1.6,0.0,-1.6,3
2025-09-12,Pune,23.2,93.8,11.0,1005.4,1806.6,560,33.6,23.9,-9.7,3
2025-09-13,Pune,26.2,84.2,13.7,1013.5,1645.3,560,33.1,31.6,-1.4,3
2025-09-14,Pune,28.8,77.9,11.1,1012.2,1633.8,560,23.6,24.3,0.7,3
2025-09-15,Pune,29.5,80.0,5.9,1005.2,1765.3,560,0.0,0.0,0.0,3
2025-09-16,Pune,30.6,98.0,10.3,1005.7,2038.0,560,1.6,0.0,-1.6,3
2025-09-17,Pune,33.5,49.6,11.0,1010.3,1375.7,560,1.3,1.2,-0.1,3
2025-09-18,Pune,29.1,95.1,12.2,1014.6,1856.0,560,11.4,1.3,-10.1,3
2025-09-19,Pune,31.2,72.6,14.1,1006.4,1686.2,560,1.1,0.0,-1.1,3
2025-09-20,Pune,27.3,98.0,13.8,1004.7,1971.5,560,47.2,49.7,2.5,3
2025-09-21,Pune,34.7,56.1,2.0,1018.0,1402.5,560,7.4,0.0,-7.4,3
2025-09-22,Pune,24.5,61.9,7.8,1002.0,1431.4,560,24.6,17.6,-7.1,3
2025-09-23,Pune,23.2,77.5,11.7,1013.0,1485.5,560,6.3,0.0,-6.3,3
2025-09-24,Pune,22.4,84.8,19.8,1006.8,1642.8,560,0.0,0.0,0.0,3
2025-09-25,Pune,26.4,89.6,11.8,1001.3,1871.0,560,12.3,0.0,-12.3,3
2025-09-26,Pune,27.8,76.6,10.0,1014.2,1569.9,560,50.9,44.3,-6.6,3
2025-09-27,Pune,25.9,86.4,8.0,1000.7,1823.0,560,22.7,12.1,-10.6,3
2025-09-28,Pune,30.3,57.6,9.6,1008.5,1432.5,560,13.0,7.4,-5.6,3
2025-09-29,Pune,21.3,76.3,14.4,1008.9,1473.5,560,1.5,0.0,-1.5,3
2025-09-30,Pune,29.5,70.9,9.1,1003.9,1655.2,560,9.8,0.0,-9.8,3
2025-10-01,Pune,25.2,98.0,7.2,1005.4,1911.1,560,20.5,15.4,-5.2,3
2025-10-02,Pune,22.0,98.0,12.9,1012.8,1745.4,560,26.6,17.9,-8.7,3
2025-10-03,Pune,23.3,98.0,23.5,1002.7,1897.4,560,38.1,37.7,-0.4,3
2025-10-04,Pune,27.3,98.0,16.1,1003.4,1986.2,560,8.2,0.0,-8.2,3
2025-10-05,Pune,27.1,81.4,7.8,1011.3,1654.4,560,14.9,13.6,-1.2,3
2025-10-06,Pune,28.3,87.2,22.8,1006.8,1818.2,560,5.7,0.0,-5.7,3
2025-10-07,Pune,32.9,62.5,7.7,1005.5,1597.7,560,28.7,27.5,-1.2,3
2025-10-08,Pune,28.4,85.2,17.7,1015.6,1688.4,560,40.3,45.2,4.8,3
2025-10-09,Pune,32.2,80.2,3.6,999.6,1900.8,560,0.9,0.0,-0.9,3
2025-10-10,Pune,32.0,80.4,16.1,1012.5,1743.8,560,8.9,6.1,-2.7,3
2025-10-11,Pune,25.0,77.8,19.4,1006.3,1612.9,560,3.2,0.0,-3.2,3
2025-10-12,Pune,25.8,81.1,10.6,1009.6,1640.0,560,1.1,1.2,0.2,3
2025-10-13,Pune,22.9,61.0,8.0,1004.3,1351.8,560,30.5,25.7,-4.8,3
2025-10-14,Pune,26.0,84.4,11.7,1009.7,1688.6,560,2.6,0.0,-2.6,3
2025-10-15,Pune,20.4,75.0,12.9,1002.1,1515.9,560,2.6,0.0,-2.6,3
2025-10-16,Pune,34.2,74.2,7.2,1011.7,1719.3,560,0.4,0.0,-0.4,3
2025-10-17,Pune,27.3,50.8,14.9,1003.9,1319.5,560,45.1,39.2,-5.9,3
2025-10-18,Pune,28.0,80.1,15.0,1003.4,1752.9,560,4.5,1.9,-2.6,3
2025-10-19,Pune,29.0,98.0,4.9,1012.9,1913.5,560,0.0,0.0,0.0,3
2025-10-20,Pune,26.7,92.8,21.1,1009.3,1828.6,560,5.9,0.0,-5.9,3
2025-10-21,Pune,33.6,55.9,5.3,1005.3,1524.0,560,1.9,0.0,-1.9,3
2025-10-22,Pune,31.4,56.2,3.2,1011.8,1397.5,560,14.8,0.0,-14.8,3
2025-10-23,Pune,28.8,81.9,12.4,1007.6,1746.6,560,29.8,21.7,-8.0,3
2025-10-24,Pune,20.2,73.1,6.2,1000.5,1502.2,560,6.6,4.6,-2.0,3
2025-10-25,Pune,33.1,74.1,2.0,1006.8,1750.4,560,16.9,6.0,-10.9,3
2025-10-26,Pune,28.7,81.1,9.9,1012.0,1679.6,560,14.2,11.9,-2.3,3
2025-10-27,Pune,27.3,76.5,11.9,1016.0,1534.5,560,2.8,0.0,-2.8,3
2025-10-28,Pune,34.0,73.7,8.8,1010.2,1726.5,560,8.5,0.0,-8.5,3
2025-10-29,Pune,27.4,90.2,10.5,1005.0,1858.8,560,13.6,0.8,-12.8,3
2025-10-30,Pune,33.3,80.8,16.8,1012.8,1777.0,560,0.0,1.5,1.5,3
2025-10-31,Pune,28.6,81.1,17.2,1011.2,1687.2,560,90.6,85.9,-4.6,3
2025-11-01,Pune,27.9,83.3,16.7,1013.8,1669.7,560,45.0,38.7,-6.2,3
2025-11-02,Pune,26.0,83.4,8.6,1007.9,1695.6,560,41.0,43.9,2.9,3
2025-11-03,Pune,27.0,72.5,17.2,1007.8,1568.6,560,14.5,11.4,-3.1,3
2025-11-04,Pune,26.0,79.7,17.8,1003.0,1704.4,560,13.1,8.1,-5.0,3
2025-11-05,Pune,30.2,67.4,3.0,1013.2,1510.5,560,2.2,0.0,-2.2,3
2025-11-06,Pune,23.5,75.2,3.8,1020.4,1370.8,560,2.6,0.0,-2.6,3
2025-11-07,Pune,27.5,86.6,17.7,1015.0,1690.3,560,0.0,0.0,0.0,3
2025-11-08,Pune,35.5,93.4,19.2,1004.6,2103.1,560,7.5,0.0,-7.5,3
2025-11-09,Pune,28.5,64.0,2.5,1004.1,1531.3,560,6.0,0.0,-6.0,3
2025-11-10,Pune,23.3,81.7,6.2,1010.5,1577.4,560,3.1,3.7,0.6,3
2025-11-11,Pune,26.1,65.4,7.2,1002.6,1510.3,560,11.6,0.7,-10.9,3
2025-11-12,Pune,25.8,75.9,12.2,994.7,1744.6,560,0.8,0.0,-0.8,3
2025-11-13,Pune,27.7,80.2,13.1,1010.8,1657.0,560,8.0,0.0,-8.0,3
2025-11-14,Pune,32.2,60.9,9.9,1016.4,1428.4,560,3.2,0.0,-3.2,3
2025-11-15,Pune,28.7,67.2,7.8,1011.1,1495.2,560,65.9,63.0,-2.9,3
2025-11-16,Pune,23.7,50.6,23.3,1001.9,1256.1,560,39.2,37.8,-1.4,3
2025-11-17,Pune,25.9,56.9,3.4,1009.9,1299.4,560,0.9,0.0,-0.9,3
2025-11-18,Pune,29.9,83.1,4.8,1000.5,1874.7,560,2.7,0.0,-2.7,3
2025-11-19,Pune,27.9,95.2,15.6,1013.5,1841.4,560,10.0,9.2,-0.8,3
2025-11-20,Pune,22.8,80.5,8.9,1000.3,1669.5,560,75.9,72.5,-3.4,3
2025-11-21,Pune,27.6,70.0,26.8,1002.1,1618.2,560,69.4,61.1,-8.3,3
2025-11-22,Pune,27.8,57.3,8.4,1007.8,1376.7,560,11.8,0.0,-11.8,3
2025-11-23,Pune,24.1,91.4,9.4,998.2,1881.3,560,4.6,3.8,-0.7,3
2025-11-24,Pune,29.2,64.1,8.6,1004.6,1544.9,560,1.2,0.0,-1.2,3
2025-11-25,Pune,23.2,81.5,15.3,1006.6,1619.6,560,4.0,0.0,-4.0,3
2025-11-26,Pune,32.7,76.2,10.0,1005.9,1780.8,560,26.8,31.3,4.5,3
2025-11-27,Pune,30.6,73.4,19.2,1000.7,1754.5,560,0.2,0.0,-0.2,3
2025-11-28,Pune,33.5,80.2,13.7,1005.8,1857.4,560,11.6,4.2,-7.3,3
2025-11-29,Pune,31.4,85.4,5.5,1011.6,1809.9,560,9.2,0.0,-9.2,3
2025-11-30,Pune,29.9,72.8,24.7,1000.3,1733.6,560,26.1,17.7,-8.4,3
2025-12-01,Pune,30.2,75.0,14.1,1008.6,1671.1,560,6.2,0.0,-6.2,3
2025-12-02,Pune,31.3,78.3,13.9,1004.9,1788.2,560,14.4,2.6,-11.8,3
2025-12-03,Pune,26.4,77.5,10.6,1010.2,1597.8,560,10.3,3.1,-7.2,3
2025-12-04,Pune,22.6,72.0,21.2,1000.7,1542.6,560,22.7,19.3,-3.4,3
2025-12-05,Pune,26.3,66.4,5.0,1013.7,1396.0,560,2.9,0.0,-2.9,3
2025-12-06,Pune,24.3,89.5,5.1,1010.7,1708.0,560,0.0,0.0,0.0,3
2025-12-07,Pune,22.1,74.7,13.2,1009.6,1462.6,560,98.0,84.1,-13.8,3
2025-12-08,Pune,29.9,75.2,6.6,1000.2,1767.5,560,32.2,35.9,3.7,3
2025-12-09,Pune,25.6,43.8,16.6,1009.8,1110.3,560,6.4,0.6,-5.9,3
2025-12-10,Pune,31.9,84.2,13.1,1008.2,1846.8,560,3.7,0.0,-3.7,3
2025-12-11,Pune,26.3,77.4,18.5,1016.0,1522.4,560,23.3,20.1,-3.3,3
2025-12-12,Pune,26.9,55.5,6.0,1008.0,1327.0,560,22.6,18.7,-3.9,3
2025-12-13,Pune,30.6,83.7,23.0,1006.2,1831.6,560,13.4,11.8,-1.6,3
2025-12-14,Pune,27.8,73.3,11.0,1007.5,1604.2,560,12.4,8.4,-4.0,3
2025-12-15,Pune,30.6,67.2,17.4,1001.6,1656.1,560,43.7,39.3,-4.4,3
2025-12-16,Pune,28.2,71.2,9.0,1008.0,1577.6,560,6.7,0.0,-6.7,3
2025-12-17,Pune,21.7,80.1,2.0,1007.1,1557.5,560,0.0,0.0,0.0,3
2025-12-18,Pune,32.0,74.9,12.4,1013.2,1658.9,560,0.0,0.0,0.0,3
2025-12-19,Pune,28.0,73.8,8.0,1001.8,1685.3,560,1.0,0.0,-1.0,3
2025-12-20,Pune,25.7,69.7,2.0,1010.3,1470.1,560,19.6,11.2,-8.4,3
2025-12-21,Pune,25.6,83.0,18.6,1012.6,1625.6,560,11.9,6.6,-5.2,3
2025-12-22,Pune,26.5,63.0,2.0,1011.9,1376.3,560,0.6,0.0,-0.6,3
2025-12-23,Pune,30.7,74.2,9.3,1007.4,1686.1,560,32.1,21.3,-10.9,3
2025-12-24,Pune,30.3,87.5,3.1,1007.1,1867.6,560,9.3,0.0,-9.3,3
2025-12-25,Pune,32.6,56.8,14.7,1010.7,1448.1,560,14.3,9.3,-4.9,3
2025-12-26,Pune,30.8,61.2,23.3,1015.2,1413.1,560,15.1,0.0,-15.1,3
2025-12-27,Pune,29.9,88.5,5.7,1011.7,1816.5,560,27.9,27.0,-0.9,3
2025-12-28,Pune,25.4,98.0,20.0,1005.3,1916.4,560,17.8,8.4,-9.5,3
2025-12-29,Pune,31.7,60.0,13.7,1000.4,1596.9,560,4.4,0.0,-4.4,3
2025-12-30,Pune,29.8,81.4,12.7,1006.0,1783.3,560,10.2,11.8,1.5,3
2025-12-31,Pune,24.1,70.1,20.6,1019.1,1329.2,560,1.7,0.0,-1.7,3
2026-01-01,Pune,28.1,72.1,23.0,1008.7,1579.3,560,0.0,0.0,0.0,3
2026-01-02,Pune,23.4,76.3,6.5,998.2,1652.8,560,0.0,0.0,0.0,3
2026-01-03,Pune,25.7,66.6,13.0,1006.1,1475.8,560,13.7,11.8,-1.9,3
2026-01-04,Pune,25.5,76.3,18.6,1005.2,1619.6,560,59.1,58.7,-0.3,3
2026-01-05,Pune,28.5,73.6,14.1,1014.1,1544.4,560,2.8,0.0,-2.8,3
2026-01-06,Pune,28.9,86.6,9.7,1009.0,1798.2,560,13.1,9.3,-3.8,3
2026-01-07,Pune,32.9,90.9,4.3,1015.8,1873.1,560,0.0,0.0,0.0,3
2026-01-08,Pune,29.8,70.8,15.1,1007.6,1616.4,560,6.5,0.0,-6.5,3
2026-01-09,Pune,32.8,75.2,17.3,1004.8,1780.8,560,55.4,52.8,-2.6,3
2026-01-10,Pune,30.0,64.9,13.8,1004.2,1576.8,560,12.8,0.0,-12.8,3
2026-01-11,Pune,27.5,69.5,11.9,1013.2,1475.1,560,0.0,0.0,0.0,3
2026-01-12,Pune,30.9,77.8,16.7,1005.4,1766.0,560,4.1,0.9,-3.3,3
2026-01-13,Pune,19.8,62.9,18.0,1004.1,1306.9,560,5.2,0.0,-5.2,3
2026-01-14,Pune,22.8,35.0,16.6,1012.6,885.7,560,5.5,0.0,-5.5,3
2026-01-15,Pune,28.2,90.9,8.8,1013.7,1785.1,560,29.1,23.4,-5.7,3
2026-01-16,Pune,26.8,61.8,14.7,1013.6,1345.0,560,46.5,40.2,-6.3,3
2026-01-17,Pune,30.4,78.3,17.2,1008.5,1724.1,560,8.6,7.6,-1.0,3
2026-01-18,Pune,23.6,70.0,7.8,1025.5,1239.6,560,7.8,0.0,-7.8,3
2026-01-19,Pune,29.2,72.1,8.4,999.5,1716.5,560,8.3,0.0,-8.3,3
2026-01-20,Pune,24.6,68.4,17.0,1007.0,1463.5,560,8.1,0.0,-8.1,3
2026-01-21,Pune,29.5,57.7,5.3,1007.4,1425.8,560,23.6,23.1,-0.6,3
2026-01-22,Pune,26.7,72.5,5.8,1001.7,1634.2,560,11.6,0.0,-11.6,3
2026-01-23,Pune,32.2,89.2,17.6,1005.7,1953.4,560,7.1,0.0,-7.1,3
2026-01-24,Pune,25.2,95.4,8.3,1008.3,1840.6,560,11.7,4.7,-7.1,3
2026-01-25,Pune,27.3,78.7,6.8,1013.4,1596.0,560,74.3,76.2,1.9,3
2026-01-26,Pune,17.5,79.1,9.7,1006.8,1446.8,560,20.7,9.5,-11.2,3
2026-01-27,Pune,28.4,84.9,9.2,1014.1,1701.0,560,7.7,0.0,-7.7,3
2026-01-28,Pune,33.1,84.7,7.1,1011.3,1844.7,560,16.6,13.7,-2.9,3
2026-01-29,Pune,22.8,71.1,7.0,1004.1,1494.1,560,29.5,23.9,-5.6,3
2026-01-30,Pune,26.2,88.6,2.0,1003.8,1821.9,560,4.8,0.0,-4.8,3
2026-01-31,Pune,36.6,54.8,10.9,1014.6,1470.9,560,0.3,0.0,-0.3,3
2026-02-01,Pune,27.1,60.7,13.0,1007.2,1414.1,560,14.7,11.5,-3.3,3
2026-02-02,Pune,25.5,78.0,8.9,1009.0,1596.9,560,0.0,0.0,0.0,3
2026-02-03,Pune,25.6,86.1,11.0,1000.4,1816.1,560,11.6,8.8,-2.8,3
2026-02-04,Pune,26.2,67.0,6.1,1006.0,1494.4,560,8.3,0.0,-8.3,3
2026-02-05,Pune,31.1,86.6,18.5,1013.5,1797.6,560,7.5,8.8,1.3,3
2026-02-06,Pune,24.9,76.3,11.2,998.6,1683.5,560,11.7,9.4,-2.4,3
2026-02-07,Pune,25.3,77.9,12.7,999.4,1706.6,560,4.0,5.1,1.1,3
2026-02-08,Pune,28.1,84.9,15.2,1010.9,1731.5,560,0.9,0.0,-0.9,3
2026-02-09,Pune,28.6,73.5,12.1,1008.3,1617.3,560,85.1,75.5,-9.5,3
2026-02-10,Pune,27.5,77.2,12.6,1012.8,1586.5,560,0.9,0.0,-0.9,3
2026-02-11,Pune,28.0,78.5,19.6,1008.0,1675.1,560,9.5,2.7,-6.8,3
2026-02-12,Pune,23.1,83.6,10.5,993.1,1809.1,560,4.0,1.3,-2.7,3
2026-02-13,Pune,28.9,97.4,12.0,1013.3,1898.0,560,7.1,0.0,-7.1,3
2026-02-14,Pune,31.2,73.7,4.3,1000.5,1774.8,560,4.1,0.0,-4.1,3
2026-02-15,Pune,27.3,51.5,5.9,1006.5,1296.9,560,39.9,31.0,-8.9,3
2026-02-16,Pune,33.7,74.0,5.2,1007.6,1752.1,560,0.0,0.0,0.0,3
2026-02-17,Pune,25.0,87.3,15.6,1006.4,1745.4,560,0.0,0.0,0.0,3
2026-02-18,Pune,29.0,68.3,11.4,1009.4,1540.5,560,47.2,42.2,-5.0,3
2026-02-19,Pune,30.3,75.0,11.8,1012.5,1628.2,560,0.0,0.0,0.0,3
2026-02-20,Pune,31.3,89.9,12.0,1005.3,1947.2,560,16.2,7.1,-9.1,3
2026-02-21,Pune,29.8,73.2,15.0,1008.7,1635.4,560,41.6,32.2,-9.3,3
2026-02-22,Pune,29.0,54.0,12.8,1011.0,1318.4,560,11.1,0.5,-10.6,3
2026-02-23,Pune,28.8,70.7,5.0,1007.7,1588.1,560,13.5,7.3,-6.2,3
2026-02-24,Pune,27.5,67.3,3.0,1006.2,1528.7,560,18.5,19.1,0.7,3
2023-06-01,Puri (Odisha),37.9,59.6,9.5,1007.9,1650.4,12,0.0,3.0,3.0,2
2023-06-02,Puri (Odisha),28.2,65.4,21.9,1004.9,1534.2,12,45.8,43.8,-2.0,2
2023-06-03,Puri (Odisha),32.7,85.3,6.6,1005.5,1911.6,12,10.9,0.0,-10.9,2
2023-06-04,Puri (Odisha),32.6,74.8,9.1,1004.6,1774.6,12,13.2,13.0,-0.2,2
2023-06-05,Puri (Odisha),33.6,59.2,2.0,1010.9,1505.1,12,59.9,50.0,-9.9,2
2023-06-06,Puri (Odisha),37.5,98.0,14.6,1007.5,2182.2,12,12.8,7.8,-5.1,2
2023-06-07,Puri (Odisha),30.4,66.4,14.4,1008.7,1554.7,12,3.9,0.0,-3.9,2
2023-06-08,Puri (Odisha),36.1,73.4,14.6,1007.7,1800.6,12,41.8,40.8,-0.9,2
2023-06-09,Puri (Odisha),34.7,91.5,20.1,1006.1,2041.3,12,0.0,0.2,0.2,2
2023-06-10,Puri (Odisha),32.9,87.4,15.4,1009.4,1900.1,12,85.5,83.6,-1.8,2
2023-06-11,Puri (Odisha),32.9,77.5,11.0,1006.7,1794.0,12,37.8,30.9,-6.9,2
2023-06-12,Puri (Odisha),31.0,86.7,7.6,1000.6,1951.1,12,11.0,0.0,-11.0,2
2023-06-13,Puri (Odisha),37.3,60.5,3.1,1006.4,1665.2,12,11.2,0.0,-11.2,2
2023-06-14,Puri (Odisha),31.5,53.2,9.8,1018.3,1280.2,12,12.4,11.7,-0.7,2
2023-06-15,Puri (Odisha),30.2,64.4,22.2,1002.3,1598.2,12,1.8,0.0,-1.8,2
2023-06-16,Puri (Odisha),29.4,75.8,11.3,1002.3,1737.6,12,10.3,0.3,-10.0,2
2023-06-17,Puri (Odisha),30.8,58.2,17.9,1014.7,1378.5,12,56.7,53.0,-3.7,2
2023-06-18,Puri (Odisha),28.3,83.9,20.2,1006.3,1779.4,12,4.2,0.0,-4.2,2
2023-06-19,Puri (Odisha),30.8,64.2,10.9,1003.1,1602.1,12,1.8,0.0,-1.8,2
2023-06-20,Puri (Odisha),33.1,77.0,2.0,1008.2,1774.5,12,4.8,3.8,-0.9,2
2023-06-21,Puri (Odisha),32.0,87.6,11.4,1010.0,1874.2,12,12.8,3.8,-9.0,2
2023-06-22,Puri (Odisha),34.1,83.4,7.7,1000.9,1975.2,12,11.7,5.4,-6.3,2
2023-06-23,Puri (Odisha),30.3,82.6,2.6,1003.9,1837.3,12,17.0,2.7,-14.4,2
2023-06-24,Puri (Odisha),31.0,69.6,14.2,1008.3,1620.7,12,9.6,0.9,-8.8,2
2023-06-25,Puri (Odisha),24.1,64.8,4.4,1002.0,1461.3,12,8.2,0.5,-7.7,2
2023-06-26,Puri (Odisha),34.9,58.8,2.0,1005.1,1598.2,12,5.4,0.0,-5.4,2
2023-06-27,Puri (Odisha),35.1,67.3,14.4,1005.0,1725.2,12,4.9,0.0,-4.9,2
2023-06-28,Puri (Odisha),35.4,77.2,4.4,998.2,1951.8,12,45.1,46.4,1.3,2
2023-06-29,Puri (Odisha),28.8,72.8,8.4,1014.7,1534.5,12,0.0,0.0,-0.0,2
2023-06-30,Puri (Odisha),31.9,77.6,10.3,1002.7,1819.4,12,92.5,87.3,-5.2,2
2023-07-01,Puri (Odisha),28.4,61.0,19.2,1005.9,1464.8,12,0.3,0.0,-0.3,2
2023-07-02,Puri (Odisha),28.6,53.6,6.3,1009.1,1326.8,12,2.1,0.0,-2.1,2
2023-07-03,Puri (Odisha),30.9,74.9,18.1,1012.6,1638.8,12,14.4,4.7,-9.6,2
2023-07-04,Puri (Odisha),33.6,75.8,14.3,1006.5,1788.6,12,1.8,8.2,6.4,2
2023-07-05,Puri (Odisha),28.4,80.1,15.5,1008.3,1702.8,12,3.9,1.3,-2.7,2
2023-07-06,Puri (Odisha),38.3,63.5,8.7,1009.4,1694.7,12,20.9,15.6,-5.3,2
2023-07-07,Puri (Odisha),22.1,66.8,2.0,1002.0,1442.4,12,22.4,23.2,0.8,2
2023-07-08,Puri (Odisha),31.7,83.1,2.0,1013.2,1766.4,12,8.1,0.0,-8.1,2
2023-07-09,Puri (Odisha),33.8,67.5,14.7,1002.2,1729.8,12,25.3,18.5,-6.8,2
2023-07-10,Puri (Odisha),28.5,68.2,18.4,1012.5,1488.5,12,38.6,38.2,-0.3,2
2023-07-11,Puri (Odisha),32.6,50.1,6.5,1010.6,1357.3,12,0.0,0.0,0.0,2
2023-07-12,Puri (Odisha),36.5,91.4,11.8,1013.2,1996.5,12,13.7,9.4,-4.2,2
2023-07-13,Puri (Odisha),37.7,61.8,5.8,1008.2,1671.4,12,6.6,0.0,-6.6,2
2023-07-14,Puri (Odisha),32.8,82.5,13.7,1009.0,1834.2,12,3.4,0.0,-3.4,2
2023-07-15,Puri (Odisha),34.7,72.1,6.4,1008.3,1742.4,12,10.0,0.0,-10.0,2
2023-07-16,Puri (Odisha),28.7,60.3,29.3,1003.6,1488.4,12,20.6,16.4,-4.2,2
2023-07-17,Puri (Odisha),33.5,79.1,13.0,1009.4,1798.9,12,3.9,0.0,-3.9,2
2023-07-18,Puri (Odisha),30.4,77.5,16.6,1007.1,1728.9,12,6.3,0.0,-6.3,2
2023-07-19,Puri (Odisha),27.5,73.1,2.3,1017.7,1471.1,12,63.0,68.8,5.8,2
2023-07-20,Puri (Odisha),35.1,69.6,9.1,1009.5,1702.5,12,1.0,0.0,-1.0,2
2023-07-21,Puri (Odisha),34.5,75.4,5.6,1005.4,1817.8,12,27.4,15.5,-11.9,2
2023-07-22,Puri (Odisha),30.0,69.2,11.5,1001.5,1671.1,12,5.1,0.0,-5.1,2
2023-07-23,Puri (Odisha),29.1,71.3,5.2,1006.3,1620.5,12,0.0,2.1,2.1,2
2023-07-24,Puri (Odisha),32.9,75.2,13.4,1003.7,1798.9,12,0.5,0.0,-0.5,2
2023-07-25,Puri (Odisha),36.9,82.2,15.9,1000.0,2037.0,12,3.2,0.0,-3.2,2
2023-07-26,Puri (Odisha),28.6,86.3,2.0,1016.1,1702.5,12,0.0,0.0,0.0,2
2023-07-27,Puri (Odisha),36.6,71.0,8.6,998.7,1888.5,12,57.3,49.6,-7.6,2
2023-07-28,Puri (Odisha),33.0,75.8,13.0,1006.9,1770.6,12,12.2,16.3,4.1,2
2023-07-29,Puri (Odisha),34.0,78.2,11.3,1012.9,1755.9,12,6.1,2.7,-3.4,2
2023-07-30,Puri (Odisha),28.7,62.4,14.5,1003.5,1521.9,12,52.6,48.3,-4.3,2
2023-07-31,Puri (Odisha),29.5,90.9,15.3,1013.1,1823.2,12,58.4,43.1,-15.3,2
2023-08-01,Puri (Odisha),33.2,84.1,22.2,1000.7,1965.1,12,0.0,0.0,0.0,2
2023-08-02,Puri (Odisha),36.2,76.5,9.3,1009.6,1825.0,12,0.7,0.0,-0.7,2
2023-08-03,Puri (Odisha),29.8,71.4,16.9,1016.8,1514.6,12,62.3,61.0,-1.3,2
2023-08-04,Puri (Odisha),32.5,67.8,5.9,1013.5,1565.9,12,20.7,15.1,-5.6,2
2023-08-05,Puri (Odisha),29.7,79.0,11.5,1002.0,1796.5,12,3.7,8.8,5.1,2
2023-08-06,Puri (Odisha),34.9,58.9,6.0,1006.5,1585.2,12,0.7,0.0,-0.7,2
2023-08-07,Puri (Odisha),35.7,84.7,10.8,1016.1,1849.9,12,53.4,45.9,-7.5,2
2023-08-08,Puri (Odisha),39.0,75.5,22.7,1002.8,1960.8,12,11.0,0.0,-11.0,2
2023-08-09,Puri (Odisha),30.9,75.1,9.1,1007.1,1708.1,12,15.6,4.7,-10.9,2
2023-08-10,Puri (Odisha),32.1,65.7,19.9,1001.9,1667.7,12,2.9,0.0,-2.9,2
2023-08-11,Puri (Odisha),26.5,43.9,10.1,1013.8,1084.3,12,32.9,30.0,-2.9,2
2023-08-12,Puri (Odisha),27.4,52.7,18.9,999.7,1399.7,12,38.6,42.8,4.2,2
2023-08-13,Puri (Odisha),29.8,85.3,20.4,1001.3,1893.2,12,3.3,0.0,-3.3,2
2023-08-14,Puri (Odisha),27.7,73.4,23.2,1012.9,1536.3,12,11.4,0.9,-10.5,2
2023-08-15,Puri (Odisha),28.6,75.8,9.0,1002.8,1714.4,12,41.8,40.3,-1.6,2
2023-08-16,Puri (Odisha),31.7,55.2,2.0,1005.1,1471.9,12,14.8,2.9,-11.9,2
2023-08-17,Puri (Odisha),25.5,87.5,11.4,1006.7,1756.6,12,9.7,4.8,-4.9,2
2023-08-18,Puri (Odisha),31.5,64.9,8.4,1001.9,1643.4,12,3.4,0.0,-3.4,2
2023-08-19,Puri (Odisha),28.9,89.4,5.7,1005.0,1887.2,12,44.4,44.7,0.2,2
2023-08-20,Puri (Odisha),29.8,81.0,16.8,1010.2,1726.0,12,20.5,16.1,-4.4,2
2023-08-21,Puri (Odisha),33.4,74.9,2.9,1005.1,1789.5,12,7.1,13.5,6.4,2
2023-08-22,Puri (Odisha),34.2,74.4,2.0,1008.0,1766.4,12,17.6,10.3,-7.3,2
2023-08-23,Puri (Odisha),31.0,77.0,8.1,1012.8,1668.7,12,14.2,8.8,-5.5,2
2023-08-24,Puri (Odisha),34.8,91.3,15.3,1013.8,1948.2,12,9.1,0.0,-9.1,2
2023-08-25,Puri (Odisha),37.6,83.8,11.6,1014.3,1903.8,12,11.9,0.0,-11.9,2
2023-08-26,Puri (Odisha),31.6,63.2,2.5,1016.3,1449.1,12,0.0,0.0,0.0,2
2023-08-27,Puri (Odisha),29.9,72.1,16.6,1007.2,1640.8,12,3.0,0.0,-3.0,2
2023-08-28,Puri (Odisha),31.2,69.2,12.4,1016.0,1525.0,12,23.6,21.9,-1.7,2
2023-08-29,Puri (Odisha),32.7,80.4,9.3,1010.7,1782.1,12,29.7,18.8,-10.9,2
2023-08-30,Puri (Odisha),34.6,60.6,7.8,1000.7,1669.6,12,7.2,0.0,-7.2,2
2023-08-31,Puri (Odisha),32.9,66.9,8.5,1007.1,1641.1,12,38.1,32.9,-5.2,2
2023-09-01,Puri (Odisha),30.9,98.0,14.9,1003.2,2074.9,12,37.4,29.9,-7.4,2
2023-09-02,Puri (Odisha),28.3,75.0,9.8,1015.4,1545.4,12,0.3,0.0,-0.3,2
2023-09-03,Puri (Odisha),34.0,83.2,9.7,1003.4,1940.0,12,23.8,17.1,-6.7,2
2023-09-04,Puri (Odisha),33.5,78.5,9.8,1015.4,1718.9,12,17.1,21.0,3.9,2
2023-09-05,Puri (Odisha),33.4,75.1,7.9,1004.7,1797.0,12,0.9,0.0,-0.9,2
2023-09-06,Puri (Odisha),39.0,70.5,7.0,1005.4,1859.5,12,37.8,28.7,-9.0,2
2023-09-07,Puri (Odisha),32.7,73.9,12.8,1016.7,1618.6,12,33.5,30.5,-3.0,2
2023-09-08,Puri (Odisha),26.3,52.2,24.5,1005.3,1299.5,12,7.1,0.0,-7.1,2
2023-09-09,Puri (Odisha),36.0,87.4,22.7,1011.4,1949.8,12,20.7,12.2,-8.5,2
2023-09-10,Puri (Odisha),36.8,65.1,9.5,1006.5,1716.8,12,19.4,0.0,-19.4,2
2023-09-11,Puri (Odisha),28.7,85.1,10.3,1009.5,1765.1,12,0.0,0.0,0.0,2
2023-09-12,Puri (Odisha),37.6,86.0,13.6,1008.7,2003.2,12,45.7,47.2,1.4,2
2023-09-13,Puri (Odisha),31.6,89.8,6.2,1012.9,1859.9,12,5.2,0.0,-5.2,2
2023-09-14,Puri (Odisha),38.9,64.2,19.0,1015.9,1640.5,12,8.3,4.6,-3.8,2
2023-09-15,Puri (Odisha),32.7,63.7,8.0,1010.3,1552.8,12,8.1,0.0,-8.1,2
2023-09-16,Puri (Odisha),31.7,63.8,7.4,1007.8,1560.5,12,15.3,3.3,-12.1,2
2023-09-17,Puri (Odisha),32.9,84.4,12.9,1008.2,1873.8,12,75.0,66.1,-8.9,2
2023-09-18,Puri (Odisha),29.2,94.1,31.3,1011.7,1878.3,12,9.0,0.0,-9.0,2
2023-09-19,Puri (Odisha),30.5,96.7,10.6,1017.8,1873.0,12,16.6,10.2,-6.4,2
2023-09-20,Puri (Odisha),38.7,80.1,15.4,1005.4,1984.4,12,1.1,0.0,-1.1,2
2023-09-21,Puri (Odisha),31.6,55.9,7.0,1011.6,1403.2,12,0.0,0.0,0.0,2
2023-09-22,Puri (Odisha),35.0,91.4,13.9,1008.2,2020.7,12,1.9,0.0,-1.9,2
2023-09-23,Puri (Odisha),32.8,61.6,13.0,1015.2,1466.4,12,10.4,0.0,-10.4,2
2023-09-24,Puri (Odisha),35.0,84.8,14.0,1010.7,1899.0,12,7.0,8.5,1.5,2
2023-09-25,Puri (Odisha),36.1,95.1,5.4,1010.0,2076.9,12,0.3,0.0,-0.3,2
2023-09-26,Puri (Odisha),26.5,65.2,5.8,1007.5,1459.1,12,68.1,61.8,-6.2,2
2023-09-27,Puri (Odisha),29.3,63.4,8.2,1002.0,1565.0,12,28.0,26.0,-2.0,2
2023-09-28,Puri (Odisha),36.8,63.9,7.5,1010.2,1656.4,12,1.1,0.0,-1.1,2
2023-09-29,Puri (Odisha),31.5,62.7,20.1,1007.5,1544.2,12,11.9,4.2,-7.7,2
2023-09-30,Puri (Odisha),28.7,69.5,8.0,1003.4,1619.9,12,15.8,15.8,0.0,2
2023-10-01,Puri (Odisha),29.0,53.3,12.9,1017.3,1234.6,12,3.0,0.0,-3.0,2
2023-10-02,Puri (Odisha),37.4,64.5,12.1,1011.8,1658.8,12,26.4,18.8,-7.6,2
2023-10-03,Puri (Odisha),30.2,71.9,5.1,1012.7,1578.4,12,4.9,0.0,-4.9,2
2023-10-04,Puri (Odisha),39.3,69.5,13.0,1006.0,1845.5,12,0.1,0.0,-0.1,2
2023-10-05,Puri (Odisha),32.5,93.3,7.2,999.7,2089.7,12,9.9,0.0,-9.9,2
2023-10-06,Puri (Odisha),37.0,84.3,20.6,1013.7,1903.5,12,14.6,13.6,-1.0,2
2023-10-07,Puri (Odisha),28.8,70.8,16.2,1011.8,1539.6,12,2.7,0.0,-2.7,2
2023-10-08,Puri (Odisha),35.7,69.5,11.9,1015.7,1641.3,12,10.4,0.0,-10.4,2
2023-10-09,Puri (Odisha),32.7,73.8,14.3,1016.8,1616.1,12,8.4,1.1,-7.2,2
2023-10-10,Puri (Odisha),33.0,67.2,8.8,1000.7,1724.8,12,23.2,19.7,-3.5,2
2023-10-11,Puri (Odisha),33.6,68.6,3.8,1001.9,1745.2,12,8.4,0.0,-8.4,2
2023-10-12,Puri (Odisha),31.4,61.1,17.9,1006.4,1532.6,12,6.8,0.0,-6.8,2
2023-10-13,Puri (Odisha),29.9,89.8,11.8,1000.8,1964.8,12,29.0,22.0,-7.0,2
2023-10-14,Puri (Odisha),36.6,79.0,9.2,1001.8,1961.7,12,76.8,68.0,-8.8,2
2023-10-15,Puri (Odisha),28.8,74.1,13.1,1007.3,1642.0,12,34.1,29.9,-4.2,2
2023-10-16,Puri (Odisha),28.3,77.5,19.7,1007.2,1678.8,12,23.6,18.7,-4.9,2
2023-10-17,Puri (Odisha),28.9,91.4,14.5,1008.1,1874.9,12,8.8,0.0,-8.8,2
2023-10-18,Puri (Odisha),33.8,77.4,9.7,1010.3,1771.6,12,0.0,0.0,0.0,2
2023-10-19,Puri (Odisha),33.0,71.9,17.2,1005.1,1736.1,12,6.4,0.0,-6.4,2
2023-10-20,Puri (Odisha),30.0,98.0,4.6,1011.9,1950.1,12,13.0,0.0,-13.0,2
2023-10-21,Puri (Odisha),32.2,69.6,23.7,1008.9,1639.9,12,62.1,56.9,-5.2,2
2023-10-22,Puri (Odisha),31.9,91.5,18.5,1017.8,1834.3,12,2.9,0.0,-2.9,2
2023-10-23,Puri (Odisha),33.5,63.0,10.4,1000.0,1686.6,12,22.2,16.2,-5.9,2
2023-10-24,Puri (Odisha),32.3,58.3,10.1,1009.2,1480.6,12,6.9,0.0,-6.9,2
2023-10-25,Puri (Odisha),29.9,58.1,22.2,1012.6,1380.9,12,50.7,49.7,-1.0,2
2023-10-26,Puri (Odisha),27.7,75.3,6.4,1001.1,1706.6,12,1.9,0.0,-1.9,2
2023-10-27,Puri (Odisha),31.0,77.3,16.3,1007.5,1735.8,12,38.7,32.3,-6.4,2
2023-10-28,Puri (Odisha),33.8,82.4,7.4,1003.3,1926.0,12,25.9,13.7,-12.2,2
2023-10-29,Puri (Odisha),34.3,87.5,8.1,1007.2,1962.6,12,8.5,11.2,2.7,2
2023-10-30,Puri (Odisha),28.3,93.5,10.6,1002.6,1956.5,12,81.0,75.4,-5.6,2
2023-10-31,Puri (Odisha),30.0,81.1,16.1,1007.1,1769.4,12,8.3,0.0,-8.3,2
2023-11-01,Puri (Odisha),28.9,51.2,21.1,1009.1,1301.1,12,7.4,0.0,-7.4,2
2023-11-02,Puri (Odisha),32.6,98.0,7.4,1007.9,2058.4,12,9.6,14.1,4.5,2
2023-11-03,Puri (Odisha),26.5,72.0,12.2,1006.3,1569.1,12,27.9,21.5,-6.4,2
2023-11-04,Puri (Odisha),34.8,84.4,9.9,1013.1,1859.9,12,6.6,0.0,-6.6,2
2023-11-05,Puri (Odisha),34.3,57.4,10.9,1007.1,1540.7,12,0.0,0.0,-0.0,2
2023-11-06,Puri (Odisha),28.3,83.7,11.0,1010.7,1721.3,12,12.1,10.6,-1.6,2
2023-11-07,Puri (Odisha),33.4,85.4,13.9,1002.9,1961.9,12,3.2,2.4,-0.9,2
2023-11-08,Puri (Odisha),29.3,93.9,16.0,1013.0,1861.9,12,5.9,2.8,-3.0,2
2023-11-09,Puri (Odisha),32.4,50.8,23.8,1007.8,1394.1,12,13.2,11.7,-1.5,2
2023-11-10,Puri (Odisha),36.8,84.3,13.6,1019.7,1827.3,12,0.4,0.0,-0.4,2
2023-11-11,Puri (Odisha),32.9,78.5,12.8,1002.5,1858.4,12,0.0,4.4,4.4,2
2023-11-12,Puri (Odisha),29.7,46.7,6.5,1000.8,1358.2,12,6.9,0.0,-6.9,2
2023-11-13,Puri (Odisha),28.2,67.4,15.1,1005.3,1557.4,12,28.6,23.6,-4.9,2
2023-11-14,Puri (Odisha),32.8,77.1,7.7,1005.9,1796.2,12,4.0,0.0,-4.0,2
2023-11-15,Puri (Odisha),32.1,56.4,11.6,1009.6,1444.8,12,12.9,15.5,2.7,2
2023-11-16,Puri (Odisha),33.9,55.8,6.9,1015.1,1414.3,12,49.0,45.8,-3.3,2
2023-11-17,Puri (Odisha),27.9,89.9,6.1,1012.2,1781.5,12,15.6,18.3,2.8,2
2023-11-18,Puri (Odisha),38.5,77.2,10.9,1007.7,1912.2,12,7.7,0.0,-7.7,2
2023-11-19,Puri (Odisha),27.9,56.3,9.9,1013.0,1301.0,12,20.8,17.6,-3.2,2
2023-11-20,Puri (Odisha),31.2,61.4,2.5,1002.0,1584.2,12,5.2,1.5,-3.6,2
2023-11-21,Puri (Odisha),34.3,63.1,15.5,1012.1,1561.3,12,2.4,0.0,-2.4,2
2023-11-22,Puri (Odisha),30.7,65.2,5.6,1011.3,1512.7,12,57.6,49.5,-8.1,2
2023-11-23,Puri (Odisha),33.2,51.0,19.9,1001.5,1492.3,12,43.5,33.9,-9.6,2
2023-11-24,Puri (Odisha),31.7,60.7,18.8,999.6,1616.5,12,16.3,6.0,-10.3,2
2023-11-25,Puri (Odisha),36.3,59.9,21.3,1013.2,1550.7,12,28.3,30.5,2.2,2
2023-11-26,Puri (Odisha),28.5,72.8,8.6,1004.5,1648.2,12,8.4,0.0,-8.4,2
2023-11-27,Puri (Odisha),36.9,68.1,23.4,1004.9,1781.0,12,60.4,54.1,-6.3,2
2023-11-28,Puri (Odisha),33.0,58.3,12.7,1009.9,1490.1,12,0.0,0.0,0.0,2
2023-11-29,Puri (Odisha),33.9,86.1,13.5,1014.4,1846.1,12,21.1,17.4,-3.7,2
2023-11-30,Puri (Odisha),37.5,92.1,15.6,1010.6,2063.4,12,0.0,0.0,0.0,2
2023-12-01,Puri (Odisha),34.5,86.8,18.0,1007.6,1950.6,12,74.7,68.0,-6.8,2
2023-12-02,Puri (Odisha),33.5,56.6,15.7,1011.7,1454.9,12,0.0,0.5,0.5,2
2023-12-03,Puri (Odisha),34.6,85.1,16.7,1008.5,1920.1,12,25.7,21.6,-4.1,2
2023-12-04,Puri (Odisha),32.9,89.7,2.0,1009.6,1930.2,12,0.0,0.0,0.0,2
2023-12-05,Puri (Odisha),33.5,76.3,11.3,1014.0,1703.4,12,0.0,0.0,0.0,2
2023-12-06,Puri (Odisha),35.8,57.4,20.4,1017.0,1458.6,12,8.0,5.0,-3.0,2
2023-12-07,Puri (Odisha),25.7,70.0,20.4,1003.7,1553.2,12,0.0,0.0,0.0,2
2023-12-08,Puri (Odisha),28.3,81.6,2.0,1008.5,1719.9,12,7.9,6.5,-1.4,2
2023-12-09,Puri (Odisha),31.7,87.1,3.8,1004.5,1926.1,12,67.6,61.9,-5.7,2
2023-12-10,Puri (Odisha),39.5,64.3,3.6,1016.9,1645.3,12,16.4,7.5,-8.9,2
2023-12-11,Puri (Odisha),24.8,69.5,17.4,1001.9,1544.5,12,1.1,0.0,-1.1,2
2023-12-12,Puri (Odisha),36.3,82.4,2.0,1005.7,1957.7,12,2.9,3.6,0.8,2
2023-12-13,Puri (Odisha),35.9,79.0,13.1,1003.3,1926.9,12,0.0,0.0,0.0,2
2023-12-14,Puri (Odisha),30.7,73.0,18.4,1012.6,1606.3,12,28.9,20.2,-8.7,2
2023-12-15,Puri (Odisha),35.8,64.5,19.4,1007.9,1666.5,12,48.5,34.5,-14.0,2
2023-12-16,Puri (Odisha),30.4,69.5,11.0,998.4,1722.8,12,22.1,14.0,-8.1,2
2023-12-17,Puri (Odisha),38.5,90.4,21.4,1004.7,2133.1,12,12.0,0.0,-12.0,2
2023-12-18,Puri (Odisha),31.7,58.5,5.0,1005.9,1507.7,12,9.2,0.0,-9.2,2
2023-12-19,Puri (Odisha),31.2,78.3,6.7,1009.5,1731.8,12,3.3,0.0,-3.3,2
2023-12-20,Puri (Odisha),39.9,81.1,19.8,1005.9,2023.5,12,111.4,106.4,-4.9,2
2023-12-21,Puri (Odisha),33.4,51.3,15.3,1004.9,1462.0,12,6.3,0.0,-6.3,2
2023-12-22,Puri (Odisha),33.2,75.0,20.4,1020.4,1601.2,12,3.6,0.0,-3.6,2
2023-12-23,Puri (Odisha),35.1,71.8,4.5,1005.1,1787.4,12,8.1,2.3,-5.7,2
2023-12-24,Puri (Odisha),32.5,75.1,6.6,1008.6,1727.2,12,40.8,42.2,1.4,2
2023-12-25,Puri (Odisha),32.4,66.4,17.2,1001.0,1694.5,12,19.8,13.0,-6.8,2
2023-12-26,Puri (Odisha),36.5,84.2,16.5,1012.3,1905.4,12,1.5,0.0,-1.5,2
2023-12-27,Puri (Odisha),38.6,76.3,11.3,1005.4,1930.1,12,12.7,0.0,-12.7,2
2023-12-28,Puri (Odisha),30.8,68.9,16.9,1008.5,1601.7,12,0.6,0.0,-0.6,2
2023-12-29,Puri (Odisha),25.5,82.5,10.5,1007.1,1681.6,12,53.9,38.1,-15.8,2
2023-12-30,Puri (Odisha),26.6,78.5,14.1,1014.1,1569.0,12,7.5,0.3,-7.2,2
2023-12-31,Puri (Odisha),34.1,64.6,6.6,1007.7,1630.7,12,10.1,0.0,-10.1,2
2024-01-01,Puri (Odisha),32.0,74.6,3.3,1009.7,1695.6,12,2.3,0.0,-2.3,2
2024-01-02,Puri (Odisha),30.3,88.1,7.3,1010.7,1832.2,12,5.7,2.2,-3.4,2
2024-01-03,Puri (Odisha),35.1,75.0,12.6,1003.6,1848.8,12,36.4,30.3,-6.1,2
2024-01-04,Puri (Odisha),31.6,91.0,5.2,1011.0,1898.9,12,6.8,0.0,-6.8,2
2024-01-05,Puri (Odisha),32.0,70.6,6.8,1014.5,1582.6,12,22.5,14.4,-8.1,2
2024-01-06,Puri (Odisha),37.3,75.0,17.2,1001.5,1926.8,12,10.5,0.0,-10.5,2
2024-01-07,Puri (Odisha),37.4,95.3,8.5,1010.9,2101.6,12,5.4,0.0,-5.4,2
2024-01-08,Puri (Odisha),30.0,79.9,11.5,1013.8,1673.4,12,0.8,0.0,-0.8,2
2024-01-09,Puri (Odisha),30.5,66.4,15.2,1000.3,1656.9,12,0.0,0.0,0.0,2
2024-01-10,Puri (Odisha),28.5,60.9,15.4,1003.9,1491.4,12,0.0,0.0,0.0,2
2024-01-11,Puri (Odisha),35.9,72.4,8.4,1007.3,1785.9,12,37.5,35.7,-1.8,2
2024-01-12,Puri (Odisha),34.2,76.2,13.8,1009.1,1778.6,12,56.7,52.7,-4.0,2
2024-01-13,Puri (Odisha),28.9,80.3,13.5,1011.1,1686.2,12,19.1,14.8,-4.3,2
2024-01-14,Puri (Odisha),34.5,68.5,9.7,1011.0,1656.0,12,30.7,25.0,-5.7,2
2024-01-15,Puri (Odisha),32.1,83.8,9.1,1012.6,1792.5,12,1.6,2.1,0.5,2
2024-01-16,Puri (Odisha),36.4,68.7,4.7,1004.9,1775.9,12,132.0,126.6,-5.4,2
2024-01-17,Puri (Odisha),37.8,98.0,14.1,1008.0,2183.5,12,3.5,10.4,6.9,2
2024-01-18,Puri (Odisha),38.3,87.7,18.7,1012.2,1999.3,12,5.9,1.6,-4.2,2
2024-01-19,Puri (Odisha),33.5,56.6,11.1,1003.9,1548.8,12,8.3,0.0,-8.3,2
2024-01-20,Puri (Odisha),37.9,58.0,14.4,1016.0,1528.8,12,0.0,0.0,0.0,2
2024-01-21,Puri (Odisha),32.9,76.8,12.9,1004.8,1806.5,12,3.3,0.3,-3.0,2
2024-01-22,Puri (Odisha),31.8,82.8,12.6,1009.0,1813.0,12,9.3,3.4,-5.9,2
2024-01-23,Puri (Odisha),36.2,79.3,7.1,1012.1,1835.1,12,0.0,0.0,0.0,2
2024-01-24,Puri (Odisha),30.1,69.0,9.2,1009.2,1579.0,12,0.0,0.0,0.0,2
2024-01-25,Puri (Odisha),33.3,79.1,13.7,1004.2,1856.5,12,39.4,31.5,-7.9,2
2024-01-26,Puri (Odisha),33.9,84.5,9.2,1006.5,1917.5,12,1.3,0.0,-1.3,2
2024-01-27,Puri (Odisha),30.8,85.9,4.9,1001.4,1924.9,12,0.0,0.0,0.0,2
2024-01-28,Puri (Odisha),25.0,78.1,16.9,1006.5,1616.3,12,132.3,125.0,-7.3,2
2024-01-29,Puri (Odisha),35.5,42.5,6.5,1010.8,1317.0,12,21.5,18.8,-2.7,2
2024-01-30,Puri (Odisha),31.5,70.4,26.0,1015.7,1553.8,12,1.5,0.0,-1.5,2
2024-01-31,Puri (Odisha),38.4,82.1,9.9,1012.9,1915.0,12,23.6,28.5,5.0,2
2024-02-01,Puri (Odisha),29.3,62.0,12.3,1009.5,1457.2,12,1.3,4.2,2.9,2
2024-02-02,Puri (Odisha),37.4,76.7,9.6,1010.9,1842.2,12,9.6,4.6,-4.9,2
2024-02-03,Puri (Odisha),31.5,69.2,8.6,1013.0,1568.6,12,3.1,0.0,-3.1,2
2024-02-04,Puri (Odisha),27.6,76.1,8.2,1006.0,1656.6,12,12.0,0.0,-12.0,2
2024-02-05,Puri (Odisha),34.4,66.9,15.3,1002.1,1735.5,12,39.1,26.9,-12.2,2
2024-02-06,Puri (Odisha),29.8,61.8,19.5,1007.7,1488.9,12,11.5,0.0,-11.5,2
2024-02-07,Puri (Odisha),28.2,68.9,7.6,1007.9,1546.4,12,12.1,2.7,-9.5,2
2024-02-08,Puri (Odisha),30.6,73.4,15.9,1014.2,1592.7,12,20.9,16.0,-4.9,2
2024-02-09,Puri (Odisha),34.9,97.2,12.8,1001.1,2184.5,12,3.5,0.0,-3.5,2
2024-02-10,Puri (Odisha),31.5,63.7,6.5,1009.3,1535.4,12,65.6,55.8,-9.7,2
2024-02-11,Puri (Odisha),29.7,77.9,15.9,1007.0,1718.2,12,29.8,21.4,-8.5,2
2024-02-12,Puri (Odisha),35.9,97.8,8.3,1013.2,2073.9,12,115.5,118.0,2.4,2
2024-02-13,Puri (Odisha),30.3,64.1,6.2,1007.5,1533.8,12,11.5,0.0,-11.5,2
2024-02-14,Puri (Odisha),27.9,79.9,10.9,1004.9,1730.0,12,19.4,20.6,1.3,2
2024-02-15,Puri (Odisha),39.7,83.6,7.4,1003.6,2081.0,12,9.1,9.9,0.8,2
2024-02-16,Puri (Odisha),24.4,75.2,17.1,1009.4,1525.5,12,25.6,20.9,-4.7,2
2024-02-17,Puri (Odisha),41.8,76.6,17.7,1004.9,2016.2,12,20.6,24.7,4.1,2
2024-02-18,Puri (Odisha),32.2,58.9,14.8,999.5,1603.5,12,0.0,2.1,2.1,2
2024-02-19,Puri (Odisha),33.1,75.7,11.6,1001.3,1838.7,12,3.6,0.0,-3.6,2
2024-02-20,Puri (Odisha),24.3,82.8,23.9,1014.7,1566.4,12,1.3,0.0,-1.3,2
2024-02-21,Puri (Odisha),32.4,67.2,15.6,1007.0,1635.0,12,57.5,47.5,-9.9,2
2024-02-22,Puri (Odisha),31.6,55.1,7.5,1018.1,1312.9,12,10.5,6.4,-4.1,2
2024-02-23,Puri (Odisha),33.1,56.0,13.0,999.6,1584.6,12,3.5,0.0,-3.5,2
2024-02-24,Puri (Odisha),25.2,88.6,14.6,1005.9,1774.2,12,13.9,10.4,-3.6,2
2024-02-25,Puri (Odisha),39.3,68.6,14.6,1001.8,1881.9,12,34.5,28.4,-6.2,2
2024-02-26,Puri (Odisha),38.4,79.3,19.4,1011.1,1900.0,12,9.7,0.0,-9.7,2
2024-02-27,Puri (Odisha),31.2,94.9,8.4,1013.6,1914.2,12,0.0,0.0,0.0,2
2024-02-28,Puri (Odisha),27.9,91.3,11.0,1010.3,1824.0,12,39.3,34.7,-4.7,2
2024-02-29,Puri (Odisha),35.1,62.4,2.0,1013.7,1550.2,12,13.9,3.4,-10.6,2
2024-03-01,Puri (Odisha),35.2,75.7,11.9,1003.3,1865.9,12,63.9,57.7,-6.3,2
2024-03-02,Puri (Odisha),32.0,76.4,6.6,1011.7,1697.9,12,2.8,2.8,0.0,2
2024-03-03,Puri (Odisha),33.7,68.7,17.2,1011.1,1637.7,12,63.7,50.0,-13.8,2
2024-03-04,Puri (Odisha),32.7,97.2,17.8,1013.8,1981.3,12,7.5,0.0,-7.5,2
2024-03-05,Puri (Odisha),36.0,73.9,12.2,1003.7,1854.7,12,7.9,0.0,-7.9,2
2024-03-06,Puri (Odisha),34.1,73.6,2.0,1014.9,1669.2,12,1.8,0.0,-1.8,2
2024-03-07,Puri (Odisha),31.8,61.0,14.9,1003.7,1572.5,12,39.2,33.8,-5.4,2
2024-03-08,Puri (Odisha),32.4,84.8,13.1,1018.6,1741.6,12,0.0,0.0,0.0,2
2024-03-09,Puri (Odisha),33.3,75.7,20.1,1004.0,1809.2,12,8.9,0.0,-8.9,2
2024-03-10,Puri (Odisha),29.8,67.3,16.5,1004.0,1608.3,12,24.5,11.5,-13.0,2
2024-03-11,Puri (Odisha),35.8,68.7,5.6,1004.2,1770.0,12,4.4,0.0,-4.4,2
2024-03-12,Puri (Odisha),32.1,56.2,4.7,1011.7,1417.1,12,10.2,0.0,-10.2,2
2024-03-13,Puri (Odisha),32.4,98.0,7.7,1003.7,2104.0,12,3.2,0.0,-3.2,2
2024-03-14,Puri (Odisha),30.0,62.6,14.9,1008.9,1490.5,12,3.8,0.0,-3.8,2
2024-03-15,Puri (Odisha),38.1,73.1,9.4,1013.7,1773.9,12,7.9,0.0,-7.9,2
2024-03-16,Puri (Odisha),32.0,69.3,12.1,1007.5,1646.7,12,0.6,5.5,4.8,2
2024-03-17,Puri (Odisha),28.1,68.2,7.1,1011.2,1495.5,12,9.6,8.2,-1.4,2
2024-03-18,Puri (Odisha),39.2,95.6,7.2,1014.2,2109.3,12,25.1,19.4,-5.6,2
2024-03-19,Puri (Odisha),29.3,74.7,2.0,1012.4,1600.4,12,23.2,26.0,2.8,2
2024-03-20,Puri (Odisha),36.0,65.5,13.9,1010.5,1655.6,12,9.8,0.0,-9.8,2
2024-03-21,Puri (Odisha),30.3,78.1,13.5,1001.3,1804.8,12,14.0,7.7,-6.3,2
2024-03-22,Puri (Odisha),31.7,86.8,13.3,1011.8,1834.0,12,1.8,0.0,-1.8,2
2024-03-23,Puri (Odisha),28.2,69.6,13.8,1004.1,1602.2,12,32.5,28.3,-4.2,2
2024-03-24,Puri (Odisha),33.0,72.6,12.9,1009.8,1691.6,12,7.4,0.0,-7.4,2
2024-03-25,Puri (Odisha),36.0,59.4,16.8,998.8,1710.6,12,7.4,0.0,-7.4,2
2024-03-26,Puri (Odisha),35.6,68.9,12.2,1010.6,1693.0,12,0.0,0.0,0.0,2
2024-03-27,Puri (Odisha),29.5,63.9,20.4,1019.1,1375.4,12,0.7,0.0,-0.7,2
2024-03-28,Puri (Odisha),33.2,72.8,8.8,1015.9,1624.4,12,0.0,0.0,0.0,2
2024-03-29,Puri (Odisha),38.7,85.0,9.2,1003.3,2079.6,12,6.4,0.0,-6.4,2
2024-03-30,Puri (Odisha),33.8,91.6,13.5,1010.5,1967.6,12,0.0,0.0,0.0,2
2024-03-31,Puri (Odisha),33.9,82.9,9.7,1008.9,1868.2,12,2.4,0.0,-2.4,2
2024-04-01,Puri (Odisha),32.5,81.2,15.0,998.7,1932.0,12,33.0,31.1,-1.9,2
2024-04-02,Puri (Odisha),33.3,75.8,9.6,1007.4,1771.4,12,4.7,4.4,-0.4,2
2024-04-03,Puri (Odisha),33.3,84.8,8.9,1013.4,1827.1,12,7.1,0.0,-7.1,2
2024-04-04,Puri (Odisha),36.6,87.7,23.9,1007.5,2015.2,12,37.4,33.1,-4.3,2
2024-04-05,Puri (Odisha),33.9,53.5,13.2,1001.1,1548.7,12,8.8,0.0,-8.8,2
2024-04-06,Puri (Odisha),31.2,82.3,11.1,1012.0,1758.2,12,25.0,18.4,-6.5,2
2024-04-07,Puri (Odisha),25.4,55.0,9.0,1003.6,1338.0,12,7.0,0.0,-7.0,2
2024-04-08,Puri (Odisha),27.1,92.5,7.9,996.8,1982.8,12,0.0,0.0,0.0,2
2024-04-09,Puri (Odisha),29.5,66.8,8.8,1013.8,1478.2,12,85.2,79.0,-6.2,2
2024-04-10,Puri (Odisha),31.6,68.0,23.8,1022.0,1447.5,12,5.2,0.0,-5.2,2
2024-04-11,Puri (Odisha),30.9,62.2,3.6,1018.0,1394.9,12,79.3,75.4,-3.9,2
2024-04-12,Puri (Odisha),32.2,73.3,5.3,1000.4,1792.3,12,65.6,66.3,0.7,2
2024-04-13,Puri (Odisha),34.6,64.3,18.8,1011.8,1588.0,12,19.8,19.2,-0.5,2
2024-04-14,Puri (Odisha),34.4,80.8,18.5,1005.1,1895.9,12,15.0,6.7,-8.3,2
2024-04-15,Puri (Odisha),34.1,75.9,6.9,1008.1,1782.6,12,43.8,46.4,2.5,2
2024-04-16,Puri (Odisha),33.2,79.5,10.0,1009.8,1791.8,12,0.0,0.0,0.0,2
2024-04-17,Puri (Odisha),29.0,70.0,9.8,1009.8,1557.5,12,4.4,3.8,-0.6,2
2024-04-18,Puri (Odisha),26.6,65.3,7.4,1006.9,1469.1,12,15.8,12.1,-3.7,2
2024-04-19,Puri (Odisha),31.5,83.1,15.1,1010.5,1793.2,12,24.1,20.0,-4.1,2
2024-04-20,Puri (Odisha),33.9,94.7,12.8,1011.3,2004.0,12,52.7,48.1,-4.6,2
2024-04-21,Puri (Odisha),33.1,78.5,9.3,1004.8,1837.1,12,22.6,21.8,-0.8,2
2024-04-22,Puri (Odisha),32.0,62.1,12.1,1011.8,1495.1,12,15.3,0.7,-14.6,2
2024-04-23,Puri (Odisha),32.0,82.0,13.4,1006.2,1840.9,12,10.0,0.0,-10.0,2
2024-04-24,Puri (Odisha),43.1,70.9,11.3,1011.1,1892.3,12,52.3,54.1,1.8,2
2024-04-25,Puri (Odisha),27.8,64.8,19.0,1008.1,1478.3,12,10.3,0.0,-10.3,2
2024-04-26,Puri (Odisha),36.1,74.1,15.5,1010.8,1773.9,12,0.0,0.0,0.0,2
2024-04-27,Puri (Odisha),30.6,79.8,14.4,1008.7,1747.3,12,0.7,0.0,-0.7,2
2024-04-28,Puri (Odisha),32.7,89.7,14.8,1010.4,1916.5,12,5.9,0.0,-5.9,2
2024-04-29,Puri (Odisha),40.6,72.6,13.5,1008.9,1883.2,12,4.6,0.0,-4.6,2
2024-04-30,Puri (Odisha),28.0,86.7,23.9,1013.8,1721.3,12,10.3,0.0,-10.3,2
2024-05-01,Puri (Odisha),25.1,59.2,22.4,999.0,1444.0,12,8.8,0.0,-8.8,2
2024-05-02,Puri (Odisha),31.2,72.0,10.5,1006.7,1676.5,12,0.0,0.0,0.0,2
2024-05-03,Puri (Odisha),27.8,72.8,14.0,1003.1,1648.9,12,6.0,4.4,-1.6,2
2024-05-04,Puri (Odisha),31.6,49.4,19.8,1018.4,1230.2,12,0.2,0.0,-0.2,2
2024-05-05,Puri (Odisha),31.5,76.9,18.0,1003.2,1794.4,12,3.1,0.0,-3.1,2
2024-05-06,Puri (Odisha),31.7,53.9,10.3,1016.6,1317.1,12,10.0,0.0,-10.0,2
2024-05-07,Puri (Odisha),31.2,65.9,15.1,1017.7,1459.5,12,4.9,0.0,-4.9,2
2024-05-08,Puri (Odisha),32.4,64.7,12.7,1005.0,1623.8,12,10.1,10.0,-0.1,2
2024-05-09,Puri (Odisha),31.9,75.7,11.9,1010.4,1701.2,12,59.5,51.5,-8.0,2
2024-05-10,Puri (Odisha),31.1,68.1,17.0,1007.2,1613.0,12,5.9,0.0,-5.9,2
2024-05-11,Puri (Odisha),29.5,87.3,13.9,1011.7,1790.3,12,5.0,0.0,-5.0,2
2024-05-12,Puri (Odisha),35.8,84.7,9.4,1007.3,1957.0,12,76.2,76.7,0.5,2
2024-05-13,Puri (Odisha),35.3,72.9,11.7,1009.3,1756.1,12,35.0,37.8,2.8,2
2024-05-14,Puri (Odisha),28.2,70.7,10.7,1015.1,1486.1,12,21.2,14.4,-6.9,2
2024-05-15,Puri (Odisha),30.3,79.8,21.4,1006.9,1760.4,12,23.7,6.8,-16.8,2
2024-05-16,Puri (Odisha),26.8,63.6,12.1,995.8,1585.7,12,11.9,0.0,-11.9,2
2024-05-17,Puri (Odisha),26.9,76.5,8.3,1009.8,1598.0,12,18.5,12.8,-5.7,2
2024-05-18,Puri (Odisha),30.1,82.5,9.5,1003.9,1830.4,12,12.2,0.0,-12.2,2
2024-05-19,Puri (Odisha),27.3,93.6,7.9,993.3,2047.0,12,6.9,0.0,-6.9,2
2024-05-20,Puri (Odisha),32.1,60.6,14.8,1006.4,1542.7,12,4.2,0.0,-4.2,2
2024-05-21,Puri (Odisha),30.7,56.5,11.6,1013.1,1371.0,12,0.0,0.0,0.0,2
2024-05-22,Puri (Odisha),36.0,77.4,16.8,1001.7,1928.4,12,0.0,0.0,0.0,2
2024-05-23,Puri (Odisha),27.5,67.7,17.7,1011.1,1474.4,12,0.0,0.0,0.0,2
2024-05-24,Puri (Odisha),32.1,86.8,11.6,1019.0,1756.9,12,51.0,47.1,-3.9,2
2024-05-25,Puri (Odisha),32.1,60.4,9.1,1005.2,1552.6,12,2.8,0.0,-2.8,2
2024-05-26,Puri (Odisha),32.6,64.6,12.4,1006.6,1608.6,12,22.5,16.7,-5.8,2
2024-05-27,Puri (Odisha),25.2,86.2,18.0,998.1,1834.9,12,45.9,38.4,-7.5,2
2024-05-28,Puri (Odisha),32.0,74.2,6.4,996.0,1854.6,12,9.5,0.0,-9.5,2
2024-05-29,Puri (Odisha),33.5,75.8,18.5,1002.0,1841.2,12,29.1,34.0,4.9,2
2024-05-30,Puri (Odisha),29.6,66.4,13.2,1017.4,1430.8,12,18.5,0.0,-18.5,2
2024-05-31,Puri (Odisha),28.0,95.1,20.7,1010.4,1878.0,12,2.5,0.0,-2.5,2
2024-06-01,Puri (Odisha),29.4,70.5,8.8,1007.0,1609.4,12,52.9,41.1,-11.8,2
2024-06-02,Puri (Odisha),30.1,69.6,15.5,1001.0,1686.1,12,0.5,0.0,-0.5,2
2024-06-03,Puri (Odisha),32.2,69.9,10.1,1004.7,1694.6,12,11.3,5.7,-5.7,2
2024-06-04,Puri (Odisha),34.2,60.7,8.0,1006.9,1586.5,12,4.6,0.0,-4.6,2
2024-06-05,Puri (Odisha),33.5,83.7,2.8,1006.7,1894.4,12,96.6,87.9,-8.7,2
2024-06-06,Puri (Odisha),28.2,55.2,2.1,1005.4,1384.4,12,2.0,0.0,-2.0,2
2024-06-07,Puri (Odisha),35.8,97.2,13.0,1007.2,2134.2,12,9.6,0.0,-9.6,2
2024-06-08,Puri (Odisha),25.5,81.3,2.0,1000.8,1741.6,12,16.6,9.2,-7.3,2
2024-06-09,Puri (Odisha),28.5,89.8,2.9,1006.1,1866.5,12,52.2,33.4,-18.8,2
2024-06-10,Puri (Odisha),41.5,70.1,13.7,1006.3,1901.4,12,0.0,0.8,0.8,2
2024-06-11,Puri (Odisha),36.5,98.0,14.8,1012.6,2097.6,12,63.8,54.6,-9.2,2
2024-06-12,Puri (Odisha),31.1,85.0,13.9,1008.5,1832.8,12,7.9,0.0,-7.9,2
2024-06-13,Puri (Odisha),35.2,93.7,2.0,1008.1,2058.1,12,55.2,56.2,1.0,2
2024-06-14,Puri (Odisha),34.3,62.2,5.9,1009.6,1578.8,12,0.0,0.0,0.0,2
2024-06-15,Puri (Odisha),38.9,77.1,15.8,1002.2,1985.9,12,0.0,0.0,0.0,2
2024-06-16,Puri (Odisha),27.8,69.0,8.9,1009.8,1516.1,12,6.1,5.9,-0.1,2
2024-06-17,Puri (Odisha),35.0,51.7,11.6,1001.9,1542.4,12,8.8,0.0,-8.8,2
2024-06-18,Puri (Odisha),31.8,73.4,14.1,1011.1,1657.3,12,0.0,0.0,0.0,2
2024-06-19,Puri (Odisha),28.4,60.4,21.1,1017.0,1320.9,12,46.0,39.0,-7.0,2
2024-06-20,Puri (Odisha),35.7,78.3,3.5,1003.4,1913.2,12,77.1,80.8,3.8,2
2024-06-21,Puri (Odisha),27.0,98.0,8.6,1015.9,1829.3,12,7.9,10.8,3.0,2
2024-06-22,Puri (Odisha),36.9,67.0,6.9,1007.6,1731.5,12,10.5,0.0,-10.5,2
2024-06-23,Puri (Odisha),26.6,87.6,14.3,1014.5,1689.8,12,3.1,0.0,-3.1,2
2024-06-24,Puri (Odisha),32.1,87.1,17.2,1004.2,1940.0,12,6.2,0.0,-6.2,2
2024-06-25,Puri (Odisha),36.7,65.5,14.4,1010.9,1667.7,12,41.2,36.3,-4.9,2
2024-06-26,Puri (Odisha),38.0,59.1,6.4,1009.1,1629.1,12,64.5,60.9,-3.6,2
2024-06-27,Puri (Odisha),33.3,86.0,12.8,1011.4,1865.6,12,2.6,0.0,-2.6,2
2024-06-28,Puri (Odisha),26.9,90.6,15.2,1001.1,1900.8,12,8.1,0.0,-8.1,2
2024-06-29,Puri (Odisha),30.8,70.7,21.4,1012.6,1577.6,12,23.6,19.0,-4.6,2
2024-06-30,Puri (Odisha),33.7,77.9,14.8,1004.3,1848.1,12,9.2,3.7,-5.5,2
2024-07-01,Puri (Odisha),32.0,51.4,15.1,1009.1,1379.1,12,26.3,27.8,1.6,2
2024-07-02,Puri (Odisha),28.0,87.4,10.8,1004.5,1842.6,12,15.7,0.0,-15.7,2
2024-07-03,Puri (Odisha),31.0,49.6,15.6,1009.6,1323.4,12,2.8,2.9,0.0,2
2024-07-04,Puri (Odisha),24.6,58.7,10.0,1008.1,1316.0,12,67.2,62.9,-4.3,2
2024-07-05,Puri (Odisha),35.1,79.7,16.2,1001.1,1946.3,12,3.5,0.0,-3.5,2
2024-07-06,Puri (Odisha),36.0,81.8,8.2,1011.0,1875.5,12,5.8,0.0,-5.8,2
2024-07-07,Puri (Odisha),34.0,64.1,9.9,1006.3,1637.2,12,45.4,45.0,-0.4,2
2024-07-08,Puri (Odisha),30.3,78.0,19.8,1006.2,1744.5,12,3.4,0.0,-3.4,2
2024-07-09,Puri (Odisha),29.6,68.5,2.4,1001.9,1646.6,12,26.5,22.8,-3.7,2
2024-07-10,Puri (Odisha),29.5,35.0,22.2,1001.3,1183.3,12,11.4,0.0,-11.4,2
2024-07-11,Puri (Odisha),27.8,74.2,7.6,1012.5,1556.7,12,7.4,0.0,-7.4,2
2024-07-12,Puri (Odisha),27.6,59.7,5.4,1010.3,1375.5,12,2.0,0.0,-2.0,2
2024-07-13,Puri (Odisha),33.1,63.3,16.5,1010.7,1552.4,12,9.8,0.0,-9.8,2
2024-07-14,Puri (Odisha),35.5,73.8,7.2,1010.4,1759.0,12,53.7,46.1,-7.5,2
2024-07-15,Puri (Odisha),31.2,53.8,6.5,1015.6,1314.6,12,20.6,18.6,-2.0,2
2024-07-16,Puri (Odisha),28.2,90.1,10.4,1004.6,1882.3,12,32.6,30.3,-2.3,2
2024-07-17,Puri (Odisha),32.1,55.6,12.6,1011.3,1412.1,12,5.1,0.0,-5.1,2
2024-07-18,Puri (Odisha),41.5,81.8,10.7,1010.2,2018.3,12,32.8,18.7,-14.1,2
2024-07-19,Puri (Odisha),24.7,70.6,11.4,1012.4,1431.7,12,20.0,26.7,6.7,2
2024-07-20,Puri (Odisha),32.6,79.4,14.0,1014.1,1724.9,12,6.1,0.0,-6.1,2
2024-07-21,Puri (Odisha),29.4,77.5,3.3,1013.2,1634.1,12,7.4,1.2,-6.2,2
2024-07-22,Puri (Odisha),27.2,62.4,10.2,1003.4,1485.8,12,12.7,12.3,-0.4,2
2024-07-23,Puri (Odisha),31.0,82.6,12.1,1006.7,1820.3,12,3.5,3.2,-0.3,2
2024-07-24,Puri (Odisha),29.6,73.9,8.7,1017.7,1532.0,12,2.4,0.0,-2.4,2
2024-07-25,Puri (Odisha),32.0,53.1,15.0,1003.1,1473.9,12,0.0,0.0,0.0,2
2024-07-26,Puri (Odisha),32.0,72.8,6.7,1000.6,1780.0,12,41.5,33.1,-8.4,2
2024-07-27,Puri (Odisha),36.0,69.4,18.5,1007.8,1740.9,12,7.6,0.0,-7.6,2
2024-07-28,Puri (Odisha),29.2,52.1,14.0,1009.3,1319.7,12,68.6,68.5,-0.1,2
2024-07-29,Puri (Odisha),32.8,98.0,13.1,1013.0,2002.5,12,8.2,0.0,-8.2,2
2024-07-30,Puri (Odisha),24.8,76.3,15.1,1009.7,1545.1,12,1.5,0.0,-1.5,2
2024-07-31,Puri (Odisha),29.0,81.5,19.7,1006.1,1763.0,12,43.4,43.6,0.3,2
2024-08-01,Puri (Odisha),29.1,76.6,3.6,1016.6,1571.0,12,14.1,0.0,-14.1,2
2024-08-02,Puri (Odisha),36.9,60.0,22.6,1018.5,1503.6,12,76.9,72.0,-4.9,2
2024-08-03,Puri (Odisha),34.0,83.0,2.0,1006.6,1898.7,12,6.9,0.0,-6.9,2
2024-08-04,Puri (Odisha),34.2,59.1,5.2,1006.0,1575.9,12,57.3,51.8,-5.5,2
2024-08-05,Puri (Odisha),35.5,63.2,7.7,1010.9,1606.6,12,36.7,36.7,0.0,2
2024-08-06,Puri (Odisha),32.5,80.9,10.4,1006.6,1832.0,12,13.1,10.1,-2.9,2
2024-08-07,Puri (Odisha),34.7,40.2,11.7,1003.7,1351.6,12,24.2,27.7,3.5,2
2024-08-08,Puri (Odisha),34.1,76.8,9.4,1010.0,1775.1,12,9.5,2.6,-6.9,2
2024-08-09,Puri (Odisha),39.9,91.6,18.4,1000.5,2234.8,12,19.7,20.1,0.3,2
2024-08-10,Puri (Odisha),33.1,73.9,13.4,999.0,1842.3,12,1.6,3.3,1.7,2
2024-08-11,Puri (Odisha),30.1,73.5,2.4,1015.3,1567.3,12,48.7,50.2,1.6,2
2024-08-12,Puri (Odisha),37.4,64.3,6.5,1013.3,1639.5,12,49.1,50.1,1.0,2
2024-08-13,Puri (Odisha),27.8,67.6,22.1,1010.1,1493.8,12,6.3,6.2,-0.1,2
2024-08-14,Puri (Odisha),27.0,50.2,16.4,1015.2,1170.1,12,5.3,0.0,-5.3,2
2024-08-15,Puri (Odisha),25.3,84.7,17.2,1002.8,1757.9,12,4.1,0.0,-4.1,2
2024-08-16,Puri (Odisha),34.9,65.5,11.1,1001.4,1736.1,12,82.8,83.7,0.8,2
2024-08-17,Puri (Odisha),35.0,80.6,14.4,1007.6,1877.1,12,1.0,0.0,-1.0,2
2024-08-18,Puri (Odisha),39.2,67.9,14.7,1009.7,1774.6,12,11.7,11.3,-0.4,2
2024-08-19,Puri (Odisha),28.7,69.5,4.8,1003.8,1616.1,12,18.3,11.7,-6.6,2
2024-08-20,Puri (Odisha),27.1,71.9,7.5,1013.4,1497.8,12,6.1,0.0,-6.1,2
2024-08-21,Puri (Odisha),26.5,97.3,2.0,1005.7,1928.6,12,5.8,2.3,-3.5,2
2024-08-22,Puri (Odisha),29.2,92.4,5.3,996.2,2039.0,12,10.1,5.5,-4.6,2
2024-08-23,Puri (Odisha),34.6,80.0,8.2,1005.6,1884.8,12,33.8,27.8,-5.9,2
2024-08-24,Puri (Odisha),38.6,84.1,11.6,1002.9,2069.3,12,2.5,0.0,-2.5,2
2024-08-25,Puri (Odisha),31.5,75.4,7.3,1014.3,1639.4,12,6.1,0.0,-6.1,2
2024-08-26,Puri (Odisha),31.8,57.0,14.9,1003.7,1517.5,12,29.4,30.5,1.1,2
2024-08-27,Puri (Odisha),31.4,69.0,8.2,1004.4,1668.3,12,4.1,0.0,-4.1,2
2024-08-28,Puri (Odisha),34.1,72.4,11.6,1012.4,1681.5,12,6.2,0.0,-6.2,2
2024-08-29,Puri (Odisha),28.0,84.0,22.6,1012.8,1693.9,12,24.5,16.9,-7.6,2
2024-08-30,Puri (Odisha),27.9,83.4,3.3,1016.4,1639.8,12,11.4,16.1,4.6,2
2024-08-31,Puri (Odisha),31.6,65.4,13.2,1007.1,1589.0,12,6.0,0.0,-6.0,2
2024-09-01,Puri (Odisha),35.1,58.4,15.7,1003.4,1618.9,12,5.7,3.3,-2.4,2
2024-09-02,Puri (Odisha),32.4,91.6,22.3,1017.0,1856.4,12,23.4,18.5,-4.9,2
2024-09-03,Puri (Odisha),29.7,68.8,12.1,1007.9,1582.2,12,11.8,0.0,-11.8,2
2024-09-04,Puri (Odisha),28.2,73.2,18.7,1005.0,1640.6,12,37.7,31.7,-6.0,2
2024-09-05,Puri (Odisha),31.5,72.6,3.9,1010.9,1643.5,12,3.1,1.3,-1.8,2
2024-09-06,Puri (Odisha),38.8,58.2,17.2,1012.3,1597.7,12,28.9,21.7,-7.2,2
2024-09-07,Puri (Odisha),29.3,76.9,14.4,1010.7,1652.3,12,64.1,62.7,-1.4,2
2024-09-08,Puri (Odisha),28.8,76.0,9.1,1001.9,1732.8,12,40.8,34.3,-6.5,2
2024-09-09,Puri (Odisha),27.6,62.7,16.3,1010.5,1413.4,12,26.9,25.5,-1.3,2
2024-09-10,Puri (Odisha),30.5,75.4,22.0,1021.8,1526.6,12,35.6,33.9,-1.7,2
2024-09-11,Puri (Odisha),32.1,88.0,18.0,1009.8,1884.3,12,0.0,0.0,0.0,2
2024-09-12,Puri (Odisha),28.6,65.9,7.6,1002.0,1585.6,12,63.0,54.2,-8.8,2
2024-09-13,Puri (Odisha),27.5,82.2,14.1,1012.8,1657.4,12,0.0,0.0,0.0,2
2024-09-14,Puri (Odisha),30.0,80.1,21.5,1009.7,1724.7,12,6.0,0.0,-6.0,2
2024-09-15,Puri (Odisha),34.3,88.6,7.0,1004.6,2009.8,12,7.1,0.0,-7.1,2
2024-09-16,Puri (Odisha),30.3,90.8,22.0,1017.0,1796.3,12,59.8,61.2,1.5,2
2024-09-17,Puri (Odisha),33.6,56.8,10.9,1018.8,1377.1,12,17.6,13.9,-3.7,2
2024-09-18,Puri (Odisha),22.6,81.7,19.6,1007.8,1593.6,12,37.7,39.8,2.2,2
2024-09-19,Puri (Odisha),26.2,57.4,13.2,1010.4,1306.5,12,45.4,35.5,-10.0,2
2024-09-20,Puri (Odisha),32.7,81.2,2.0,1007.8,1829.4,12,10.2,4.5,-5.7,2
2024-09-21,Puri (Odisha),28.0,79.0,15.4,1013.4,1616.4,12,9.3,0.0,-9.3,2
2024-09-22,Puri (Odisha),30.7,74.4,19.6,1013.0,1622.0,12,3.3,0.0,-3.3,2
2024-09-23,Puri (Odisha),32.2,71.9,4.7,1010.8,1650.0,12,0.3,0.0,-0.3,2
2024-09-24,Puri (Odisha),37.9,65.7,2.0,1011.2,1694.8,12,14.7,17.5,2.8,2
2024-09-25,Puri (Odisha),29.1,65.1,7.5,1008.4,1507.8,12,0.0,0.0,0.0,2
2024-09-26,Puri (Odisha),32.4,76.3,6.5,1010.1,1725.6,12,0.0,0.0,0.0,2
2024-09-27,Puri (Odisha),30.5,75.2,17.3,1013.0,1629.8,12,3.8,0.0,-3.8,2
2024-09-28,Puri (Odisha),35.2,68.2,4.7,1009.8,1681.8,12,72.4,66.1,-6.4,2
2024-09-29,Puri (Odisha),34.3,61.8,12.9,1004.5,1634.6,12,4.2,0.0,-4.2,2
2024-09-30,Puri (Odisha),31.5,84.2,7.9,1015.0,1755.3,12,7.8,0.0,-7.8,2
2024-10-01,Puri (Odisha),30.0,58.7,12.8,1008.1,1444.7,12,2.5,0.0,-2.5,2
2024-10-02,Puri (Odisha),34.1,69.7,13.7,1006.2,1720.6,12,19.9,18.2,-1.8,2
2024-10-03,Puri (Odisha),27.2,76.4,9.5,1008.6,1618.5,12,5.4,0.7,-4.7,2
2024-10-04,Puri (Odisha),30.8,67.7,16.3,1006.1,1613.2,12,4.1,0.0,-4.1,2
2024-10-05,Puri (Odisha),27.7,79.3,18.0,1011.4,1636.3,12,4.3,3.6,-0.7,2
2024-10-06,Puri (Odisha),31.8,69.1,13.7,1012.1,1584.9,12,4.0,0.0,-4.0,2
2024-10-07,Puri (Odisha),31.9,89.0,13.8,1011.9,1871.0,12,34.8,24.3,-10.5,2
2024-10-08,Puri (Odisha),30.2,74.3,16.8,1008.8,1658.7,12,4.0,0.0,-4.0,2
2024-10-09,Puri (Odisha),31.0,71.7,11.6,1009.9,1628.9,12,0.0,0.0,0.0,2
2024-10-10,Puri (Odisha),31.9,66.2,8.6,1006.2,1619.7,12,0.0,1.1,1.1,2
2024-10-11,Puri (Odisha),30.7,77.7,11.4,1001.4,1807.2,12,0.4,0.0,-0.4,2
2024-10-12,Puri (Odisha),31.9,58.6,17.8,1006.5,1508.1,12,33.1,23.0,-10.1,2
2024-10-13,Puri (Odisha),35.1,64.8,12.8,1003.5,1706.8,12,7.8,5.8,-2.0,2
2024-10-14,Puri (Odisha),36.0,73.6,25.3,1009.3,1782.3,12,1.2,0.0,-1.2,2
2024-10-15,Puri (Odisha),35.0,71.6,10.3,1001.9,1820.2,12,2.6,2.4,-0.2,2
2024-10-16,Puri (Odisha),32.6,78.8,17.6,1011.6,1745.8,12,27.0,18.7,-8.4,2
2024-10-17,Puri (Odisha),33.7,54.9,6.0,1011.3,1442.4,12,33.9,22.1,-11.8,2
2024-10-18,Puri (Odisha),35.1,78.5,5.7,999.2,1952.7,12,0.0,0.0,0.0,2
2024-10-19,Puri (Odisha),31.5,47.9,12.1,1013.9,1260.0,12,12.6,5.7,-6.9,2
2024-10-20,Puri (Odisha),37.7,67.2,21.1,1005.0,1785.9,12,0.1,0.0,-0.1,2
2024-10-21,Puri (Odisha),32.7,80.7,15.9,1000.2,1912.8,12,14.1,8.0,-6.1,2
2024-10-22,Puri (Odisha),32.7,98.0,2.0,1007.4,2068.8,12,0.5,0.0,-0.5,2
2024-10-23,Puri (Odisha),33.0,64.0,14.6,1004.1,1640.2,12,5.0,1.7,-3.3,2
2024-10-24,Puri (Odisha),30.7,95.0,17.7,1014.7,1889.7,12,66.6,62.8,-3.9,2
2024-10-25,Puri (Odisha),37.1,73.1,3.6,998.0,1939.2,12,0.0,2.8,2.8,2
2024-10-26,Puri (Odisha),33.7,80.5,20.9,999.7,1938.7,12,17.3,11.5,-5.8,2
2024-10-27,Puri (Odisha),29.6,59.6,4.7,1013.7,1379.0,12,6.7,0.0,-6.7,2
2024-10-28,Puri (Odisha),29.4,68.2,8.8,1005.7,1592.5,12,0.0,0.0,0.0,2
2024-10-29,Puri (Odisha),31.8,80.0,10.8,1010.2,1761.0,12,0.0,0.0,0.0,2
2024-10-30,Puri (Odisha),24.2,55.9,15.0,1007.9,1268.6,12,0.0,0.0,0.0,2
2024-10-31,Puri (Odisha),36.6,78.8,15.2,1007.2,1896.1,12,59.0,55.2,-3.8,2
2024-11-01,Puri (Odisha),29.4,72.6,5.5,1007.8,1628.9,12,15.7,12.1,-3.6,2
2024-11-02,Puri (Odisha),27.9,80.0,15.8,1005.9,1718.6,12,44.1,38.9,-5.1,2
2024-11-03,Puri (Odisha),37.4,65.3,20.8,1006.9,1728.6,12,8.2,0.0,-8.2,2
2024-11-04,Puri (Odisha),26.6,64.0,2.0,1014.0,1364.8,12,16.4,17.9,1.6,2
2024-11-05,Puri (Odisha),36.2,72.3,14.9,1003.5,1839.9,12,6.7,0.0,-6.7,2
2024-11-06,Puri (Odisha),36.4,74.1,7.3,1005.5,1843.9,12,5.9,0.0,-5.9,2
2024-11-07,Puri (Odisha),34.6,78.3,10.6,1008.1,1830.4,12,0.0,0.0,0.0,2
2024-11-08,Puri (Odisha),31.8,71.5,15.1,1010.2,1642.4,12,18.1,6.6,-11.5,2
2024-11-09,Puri (Odisha),34.2,83.2,8.3,1007.4,1897.4,12,52.5,38.0,-14.6,2
2024-11-10,Puri (Odisha),36.0,91.8,4.7,1012.4,2001.1,12,7.1,0.0,-7.1,2
2024-11-11,Puri (Odisha),32.6,65.1,2.2,1001.9,1670.2,12,5.0,16.0,11.0,2
2024-11-12,Puri (Odisha),31.2,83.5,11.1,1008.0,1821.0,12,5.9,0.0,-5.9,2
2024-11-13,Puri (Odisha),35.0,77.5,2.2,1008.3,1824.0,12,8.1,0.0,-8.1,2
2024-11-14,Puri (Odisha),36.4,67.9,8.1,1017.8,1611.0,12,44.1,36.4,-7.7,2
2024-11-15,Puri (Odisha),34.0,61.9,4.1,1010.3,1560.5,12,16.8,10.5,-6.4,2
2024-11-16,Puri (Odisha),37.1,81.9,9.0,997.3,2069.9,12,12.5,0.0,-12.5,2
2024-11-17,Puri (Odisha),36.0,51.0,2.1,1013.3,1420.5,12,0.0,0.0,0.0,2
2024-11-18,Puri (Odisha),32.1,72.5,13.9,1010.2,1663.6,12,6.7,3.7,-2.9,2
2024-11-19,Puri (Odisha),26.7,55.0,7.6,1005.4,1345.9,12,5.8,0.0,-5.8,2
2024-11-20,Puri (Odisha),34.2,84.6,10.0,1005.8,1934.0,12,11.9,8.0,-3.8,2
2024-11-21,Puri (Odisha),33.3,78.3,10.2,1002.2,1869.0,12,9.0,0.0,-9.0,2
2024-11-22,Puri (Odisha),29.8,80.2,9.9,1007.6,1747.4,12,12.0,10.4,-1.6,2
2024-11-23,Puri (Odisha),26.7,84.8,15.5,1013.4,1666.4,12,9.3,2.7,-6.6,2
2024-11-24,Puri (Odisha),32.6,88.2,15.8,1008.7,1911.9,12,6.1,0.1,-6.0,2
2024-11-25,Puri (Odisha),34.4,56.6,12.1,1013.2,1458.4,12,9.7,0.0,-9.7,2
2024-11-26,Puri (Odisha),35.9,79.3,16.9,998.5,1989.9,12,46.6,31.4,-15.2,2
2024-11-27,Puri (Odisha),34.7,56.9,2.0,1014.6,1453.5,12,9.0,0.0,-9.0,2
2024-11-28,Puri (Odisha),35.5,84.9,17.3,1003.2,2002.8,12,6.5,0.0,-6.5,2
2024-11-29,Puri (Odisha),33.2,77.8,23.4,1006.1,1813.2,12,27.4,22.5,-4.9,2
2024-11-30,Puri (Odisha),28.2,75.2,2.0,1006.6,1650.0,12,0.0,0.0,0.0,2
2024-12-01,Puri (Odisha),33.7,76.8,14.3,1011.6,1744.2,12,11.8,0.0,-11.8,2
2024-12-02,Puri (Odisha),33.1,63.8,12.9,1003.3,1646.9,12,10.5,0.0,-10.5,2
2024-12-03,Puri (Odisha),33.8,75.4,5.9,1010.1,1746.2,12,7.7,7.7,0.0,2
2024-12-04,Puri (Odisha),31.0,84.5,11.4,1013.9,1761.1,12,1.7,0.0,-1.7,2
2024-12-05,Puri (Odisha),26.4,63.4,4.6,1011.9,1377.1,12,0.0,1.0,1.0,2
2024-12-06,Puri (Odisha),31.3,80.4,15.0,1015.8,1686.5,12,3.1,0.0,-3.1,2
2024-12-07,Puri (Odisha),29.4,74.0,9.2,1015.5,1556.8,12,8.2,7.5,-0.6,2
2024-12-08,Puri (Odisha),28.0,58.6,13.5,1008.7,1387.9,12,74.3,72.9,-1.4,2
2024-12-09,Puri (Odisha),31.5,66.2,15.1,1011.0,1551.6,12,0.0,0.0,0.0,2
2024-12-10,Puri (Odisha),29.8,79.1,15.0,1010.7,1693.7,12,9.4,4.1,-5.3,2
2024-12-11,Puri (Odisha),34.4,62.9,2.0,1011.5,1568.2,12,3.2,0.0,-3.2,2
2024-12-12,Puri (Odisha),32.4,43.7,11.0,1016.9,1187.5,12,19.6,15.8,-3.8,2
2024-12-13,Puri (Odisha),30.8,75.7,12.2,1008.1,1701.8,12,6.9,0.0,-6.9,2
2024-12-14,Puri (Odisha),33.2,61.3,16.6,1003.9,1607.5,12,10.6,6.2,-4.4,2
2024-12-15,Puri (Odisha),32.0,64.8,8.2,1013.6,1511.7,12,1.8,0.0,-1.8,2
2024-12-16,Puri (Odisha),28.6,71.9,13.4,1002.2,1666.0,12,7.2,0.0,-7.2,2
2024-12-17,Puri (Odisha),29.5,66.9,11.6,1011.9,1502.3,12,4.0,0.0,-4.0,2
2024-12-18,Puri (Odisha),35.7,79.0,7.3,1006.0,1891.1,12,0.3,0.0,-0.3,2
2024-12-19,Puri (Odisha),39.2,81.3,9.0,1003.5,2036.7,12,6.3,7.0,0.8,2
2024-12-20,Puri (Odisha),29.3,78.2,5.6,1011.9,1656.0,12,9.7,4.7,-5.0,2
2024-12-21,Puri (Odisha),32.4,69.3,9.5,1008.8,1640.8,12,36.0,27.0,-9.0,2
2024-12-22,Puri (Odisha),28.5,69.7,9.6,1003.0,1623.4,12,0.2,0.8,0.6,2
2024-12-23,Puri (Odisha),30.8,71.3,4.0,1018.4,1517.5,12,2.3,10.5,8.1,2
2024-12-24,Puri (Odisha),31.7,93.2,14.0,1008.5,1963.7,12,17.4,13.5,-3.9,2
2024-12-25,Puri (Odisha),32.7,59.4,7.6,1010.8,1487.4,12,85.9,75.0,-10.9,2
2024-12-26,Puri (Odisha),32.5,88.9,14.3,1009.7,1907.1,12,7.3,0.0,-7.3,2
2024-12-27,Puri (Odisha),24.6,59.0,20.6,1009.2,1306.6,12,3.1,0.0,-3.1,2
2024-12-28,Puri (Odisha),32.4,78.6,7.1,1002.3,1848.7,12,3.1,0.0,-3.1,2
2024-12-29,Puri (Odisha),31.5,79.9,11.5,1002.7,1840.8,12,128.8,126.1,-2.8,2
2024-12-30,Puri (Odisha),32.6,97.6,4.8,1003.2,2108.9,12,73.2,60.7,-12.5,2
2024-12-31,Puri (Odisha),32.3,50.8,13.3,1007.7,1393.9,12,62.4,55.6,-6.9,2
2025-01-01,Puri (Odisha),37.6,81.4,11.6,996.6,2082.7,12,29.9,32.5,2.6,2
2025-01-02,Puri (Odisha),24.0,76.5,16.0,1014.0,1478.2,12,1.0,0.0,-1.0,2
2025-01-03,Puri (Odisha),34.0,74.3,3.7,1003.3,1817.6,12,16.2,6.2,-9.9,2
2025-01-04,Puri (Odisha),32.7,96.0,20.6,998.8,2142.2,12,10.4,0.0,-10.4,2
2025-01-05,Puri (Odisha),31.9,49.0,16.7,1004.5,1398.5,12,18.5,7.8,-10.7,2
2025-01-06,Puri (Odisha),33.6,74.3,12.3,1007.7,1752.9,12,15.9,12.5,-3.4,2
2025-01-07,Puri (Odisha),28.8,87.3,13.0,1008.1,1816.7,12,3.3,0.0,-3.3,2
2025-01-08,Puri (Odisha),42.5,66.4,16.9,1010.6,1823.7,12,7.4,0.0,-7.4,2
2025-01-09,Puri (Odisha),32.8,82.2,7.5,1008.6,1836.7,12,39.7,29.0,-10.7,2
2025-01-10,Puri (Odisha),34.8,72.2,14.2,1005.4,1783.1,12,0.0,2.4,2.4,2
2025-01-11,Puri (Odisha),32.9,66.9,9.1,1012.3,1579.5,12,1.5,1.1,-0.4,2
2025-01-12,Puri (Odisha),32.3,69.4,17.7,1005.4,1681.4,12,29.6,22.7,-6.9,2
2025-01-13,Puri (Odisha),31.7,68.7,10.7,1014.2,1551.6,12,6.8,0.0,-6.8,2
2025-01-14,Puri (Odisha),33.9,69.9,2.0,1026.5,1476.1,12,3.3,0.0,-3.3,2
2025-01-15,Puri (Odisha),22.8,98.0,6.7,1010.4,1794.5,12,47.1,43.1,-4.0,2
2025-01-16,Puri (Odisha),30.0,58.2,9.1,1008.5,1432.7,12,13.0,8.9,-4.1,2
2025-01-17,Puri (Odisha),27.0,81.1,17.1,1009.2,1673.5,12,30.2,33.0,2.9,2
2025-01-18,Puri (Odisha),22.7,85.3,15.5,1010.7,1609.5,12,9.2,8.3,-0.9,2
2025-01-19,Puri (Odisha),38.2,51.5,19.1,1007.4,1549.9,12,2.4,0.0,-2.4,2
2025-01-20,Puri (Odisha),31.1,89.2,7.5,1010.9,1864.6,12,3.6,0.0,-3.6,2
2025-01-21,Puri (Odisha),30.6,82.0,11.9,999.8,1885.9,12,11.8,0.0,-11.8,2
2025-01-22,Puri (Odisha),27.6,75.6,11.2,1009.0,1614.6,12,9.6,5.4,-4.2,2
2025-01-23,Puri (Odisha),40.8,75.5,9.7,1008.5,1934.8,12,54.6,54.0,-0.6,2
2025-01-24,Puri (Odisha),33.4,70.5,12.7,1016.0,1596.5,12,2.8,0.0,-2.8,2
2025-01-25,Puri (Odisha),32.1,60.5,4.7,1001.3,1601.7,12,49.0,54.2,5.2,2
2025-01-26,Puri (Odisha),34.0,81.6,23.9,1003.2,1921.4,12,11.5,0.0,-11.5,2
2025-01-27,Puri (Odisha),34.9,75.9,16.4,1003.4,1859.3,12,32.6,33.1,0.4,2
2025-01-28,Puri (Odisha),28.2,88.1,10.1,1004.9,1850.7,12,0.9,0.0,-0.9,2
2025-01-29,Puri (Odisha),33.4,95.0,21.5,1009.8,2014.2,12,4.6,6.8,2.3,2
2025-01-30,Puri (Odisha),32.7,69.4,16.1,1006.8,1675.1,12,21.3,15.5,-5.8,2
2025-01-31,Puri (Odisha),31.2,73.6,12.9,1006.1,1706.0,12,26.9,21.4,-5.5,2
2025-02-01,Puri (Odisha),29.2,68.4,14.7,1007.6,1568.2,12,20.4,10.0,-10.4,2
2025-02-02,Puri (Odisha),35.4,95.1,9.3,1004.9,2123.3,12,10.4,5.1,-5.3,2
2025-02-03,Puri (Odisha),28.7,65.6,7.8,1009.6,1491.3,12,36.4,28.2,-8.2,2
2025-02-04,Puri (Odisha),28.1,58.3,8.8,1006.0,1418.3,12,46.9,45.0,-1.9,2
2025-02-05,Puri (Odisha),33.5,63.4,10.5,1007.9,1595.9,12,2.1,0.0,-2.1,2
2025-02-06,Puri (Odisha),23.8,76.9,16.6,1001.2,1631.5,12,5.6,0.0,-5.6,2
2025-02-07,Puri (Odisha),31.8,62.3,13.4,1011.5,1496.3,12,8.6,0.0,-8.6,2
2025-02-08,Puri (Odisha),33.0,59.8,7.8,1003.6,1584.2,12,38.3,33.7,-4.6,2
2025-02-09,Puri (Odisha),38.0,91.4,10.6,1005.9,2120.0,12,19.0,13.2,-5.8,2
2025-02-10,Puri (Odisha),28.5,84.4,16.1,1006.5,1787.6,12,8.5,0.0,-8.5,2
2025-02-11,Puri (Odisha),32.7,76.4,11.8,1009.6,1740.3,12,22.0,22.5,0.5,2
2025-02-12,Puri (Odisha),28.1,68.7,5.4,1010.7,1508.4,12,4.9,0.0,-4.9,2
2025-02-13,Puri (Odisha),32.5,70.0,9.3,999.9,1761.2,12,11.3,9.0,-2.3,2
2025-02-14,Puri (Odisha),25.7,74.6,12.0,1010.0,1541.2,12,42.2,30.1,-12.1,2
2025-02-15,Puri (Odisha),31.8,98.0,12.7,1003.8,2089.0,12,4.4,0.0,-4.4,2
2025-02-16,Puri (Odisha),28.9,68.7,21.3,1004.1,1605.0,12,23.1,16.2,-6.9,2
2025-02-17,Puri (Odisha),29.2,51.9,5.4,1003.6,1384.3,12,6.6,0.8,-5.8,2
2025-02-18,Puri (Odisha),33.3,73.5,4.6,1014.8,1648.9,12,0.3,0.0,-0.3,2
2025-02-19,Puri (Odisha),33.2,86.0,10.6,1016.0,1810.1,12,3.2,1.0,-2.3,2
2025-02-20,Puri (Odisha),27.6,70.3,14.6,1011.1,1515.0,12,21.6,16.8,-4.9,2
2025-02-21,Puri (Odisha),26.1,88.6,15.6,1009.2,1756.9,12,26.8,20.5,-6.3,2
2025-02-22,Puri (Odisha),32.7,56.4,2.0,1009.9,1454.9,12,11.0,2.9,-8.0,2
2025-02-23,Puri (Odisha),28.9,64.8,8.0,1011.9,1458.9,12,1.1,0.0,-1.1,2
2025-02-24,Puri (Odisha),35.0,68.3,3.2,1012.4,1645.8,12,12.5,10.6,-1.9,2
2025-02-25,Puri (Odisha),31.3,79.3,2.0,1015.4,1676.6,12,5.0,0.0,-5.0,2
2025-02-26,Puri (Odisha),36.6,81.8,6.2,1007.7,1932.2,12,0.6,0.0,-0.6,2
2025-02-27,Puri (Odisha),33.1,92.6,2.0,1005.7,2022.7,12,11.1,0.0,-11.1,2
2025-02-28,Puri (Odisha),30.2,80.2,7.8,1008.6,1744.4,12,6.5,0.0,-6.5,2
2025-03-01,Puri (Odisha),28.5,73.9,24.2,1000.9,1708.8,12,9.7,0.0,-9.7,2
2025-03-02,Puri (Odisha),31.5,81.2,10.2,1006.8,1810.8,12,5.2,0.8,-4.4,2
2025-03-03,Puri (Odisha),33.7,81.7,3.7,1006.6,1873.3,12,2.7,4.9,2.1,2
2025-03-04,Puri (Odisha),31.4,67.2,21.5,1008.2,1596.2,12,39.8,38.1,-1.7,2
2025-03-05,Puri (Odisha),30.0,67.2,14.5,1010.1,1538.7,12,1.0,0.0,-1.0,2
2025-03-06,Puri (Odisha),37.2,79.8,13.1,999.6,2015.1,12,4.6,0.0,-4.6,2
2025-03-07,Puri (Odisha),35.0,79.0,8.0,1004.5,1891.9,12,6.6,0.0,-6.6,2
2025-03-08,Puri (Odisha),28.8,74.8,10.3,1008.2,1639.5,12,68.6,63.4,-5.2,2
2025-03-09,Puri (Odisha),38.0,84.3,6.8,998.3,2113.0,12,5.8,0.0,-5.8,2
2025-03-10,Puri (Odisha),33.9,72.6,11.7,999.5,1837.5,12,29.4,16.2,-13.2,2
2025-03-11,Puri (Odisha),30.1,55.2,9.5,1003.5,1453.3,12,21.6,19.5,-2.1,2
2025-03-12,Puri (Odisha),31.8,78.1,8.7,1002.5,1826.5,12,27.4,26.9,-0.5,2
2025-03-13,Puri (Odisha),32.5,62.3,18.8,1010.9,1520.6,12,48.8,55.0,6.1,2
2025-03-14,Puri (Odisha),28.0,84.4,15.3,1006.3,1776.5,12,47.6,38.9,-8.7,2
2025-03-15,Puri (Odisha),31.6,62.6,9.2,1011.5,1496.4,12,0.0,0.0,0.0,2
2025-03-16,Puri (Odisha),35.3,77.6,12.6,1017.6,1721.7,12,5.0,0.0,-5.0,2
2025-03-17,Puri (Odisha),35.3,78.6,14.9,1005.6,1881.8,12,61.3,57.3,-4.0,2
2025-03-18,Puri (Odisha),32.6,55.6,11.6,997.9,1585.4,12,1.1,0.9,-0.2,2
2025-03-19,Puri (Odisha),28.5,78.5,20.8,1004.8,1725.3,12,11.7,0.0,-11.7,2
2025-03-20,Puri (Odisha),26.9,79.3,10.0,1014.7,1579.0,12,10.3,8.5,-1.9,2
2025-03-21,Puri (Odisha),29.0,55.5,10.3,1009.2,1362.0,12,17.7,8.3,-9.3,2
2025-03-22,Puri (Odisha),29.3,81.0,19.3,1004.0,1788.0,12,13.4,7.9,-5.5,2
2025-03-23,Puri (Odisha),30.5,91.1,10.4,1009.4,1894.5,12,12.1,0.0,-12.1,2
2025-03-24,Puri (Odisha),27.4,72.3,8.6,1001.9,1647.2,12,42.9,34.1,-8.8,2
2025-03-25,Puri (Odisha),31.2,74.5,2.0,1001.0,1781.1,12,7.8,10.2,2.4,2
2025-03-26,Puri (Odisha),27.3,81.9,10.1,1007.1,1715.9,12,0.0,0.0,0.0,2
2025-03-27,Puri (Odisha),33.8,73.8,6.7,1015.0,1665.1,12,3.5,0.0,-3.5,2
2025-03-28,Puri (Odisha),31.3,68.4,17.7,1006.7,1629.4,12,0.0,0.0,0.0,2
2025-03-29,Puri (Odisha),28.8,66.2,8.4,1009.6,1501.4,12,2.6,3.6,1.0,2
2025-03-30,Puri (Odisha),27.2,61.4,9.9,1010.7,1384.8,12,2.0,0.0,-2.0,2
2025-03-31,Puri (Odisha),30.2,49.8,4.8,1006.8,1341.2,12,6.8,1.8,-5.0,2
2025-04-01,Puri (Odisha),31.1,69.4,3.1,1003.6,1675.7,12,31.4,30.3,-1.1,2
2025-04-02,Puri (Odisha),33.7,84.9,5.3,1008.2,1899.1,12,14.0,4.4,-9.6,2
2025-04-03,Puri (Odisha),35.3,71.7,21.9,1009.1,1742.3,12,5.3,0.0,-5.3,2
2025-04-04,Puri (Odisha),30.6,79.9,2.0,1007.0,1768.2,12,0.0,0.1,0.1,2
2025-04-05,Puri (Odisha),31.5,97.0,14.3,1001.6,2094.7,12,0.0,2.3,2.3,2
2025-04-06,Puri (Odisha),34.3,85.9,5.2,1011.2,1892.4,12,22.3,14.6,-7.7,2
2025-04-07,Puri (Odisha),30.0,56.7,9.8,1008.6,1411.0,12,0.0,0.0,0.0,2
2025-04-08,Puri (Odisha),36.3,76.6,8.6,1015.9,1752.1,12,13.3,6.4,-6.9,2
2025-04-09,Puri (Odisha),33.6,67.5,12.6,1010.2,1628.8,12,35.8,29.3,-6.5,2
2025-04-10,Puri (Odisha),33.8,74.2,9.2,1006.8,1769.9,12,31.9,27.5,-4.5,2
2025-04-11,Puri (Odisha),26.9,66.4,12.4,1001.2,1560.7,12,25.6,16.0,-9.6,2
2025-04-12,Puri (Odisha),30.7,64.0,11.3,1003.9,1584.6,12,14.6,9.4,-5.2,2
2025-04-13,Puri (Odisha),32.3,62.0,17.0,1003.2,1603.9,12,4.0,0.0,-4.0,2
2025-04-14,Puri (Odisha),28.1,82.2,8.3,1006.3,1750.9,12,73.5,61.9,-11.6,2
2025-04-15,Puri (Odisha),33.0,83.8,16.9,1004.5,1910.9,12,8.2,0.0,-8.2,2
2025-04-16,Puri (Odisha),32.5,94.9,4.8,1013.1,1951.6,12,7.8,7.2,-0.6,2
2025-04-17,Puri (Odisha),32.3,75.1,14.0,1006.2,1750.4,12,25.6,25.3,-0.3,2
2025-04-18,Puri (Odisha),26.7,89.5,5.1,1011.8,1750.9,12,9.6,6.0,-3.6,2
2025-04-19,Puri (Odisha),28.7,86.8,7.7,1000.5,1897.8,12,3.8,0.0,-3.8,2
2025-04-20,Puri (Odisha),33.7,65.1,17.0,1010.2,1598.9,12,0.0,0.0,0.0,2
2025-04-21,Puri (Odisha),32.0,79.9,15.9,1006.3,1810.1,12,23.4,19.2,-4.2,2
2025-04-22,Puri (Odisha),35.3,50.1,18.7,1000.4,1543.9,12,0.0,0.0,0.0,2
2025-04-23,Puri (Odisha),28.8,54.4,12.6,1003.5,1409.0,12,38.4,34.8,-3.7,2
2025-04-24,Puri (Odisha),32.9,81.8,19.2,1005.5,1868.7,12,28.3,20.9,-7.4,2
2025-04-25,Puri (Odisha),27.2,78.8,19.7,1011.1,1623.7,12,28.3,33.4,5.0,2
2025-04-26,Puri (Odisha),34.8,55.4,11.5,1008.4,1508.9,12,114.3,115.4,1.1,2
2025-04-27,Puri (Odisha),32.1,76.9,11.4,1005.9,1777.0,12,9.4,8.5,-0.9,2
2025-04-28,Puri (Odisha),41.6,58.0,15.5,1015.4,1626.0,12,7.9,0.0,-7.9,2
2025-04-29,Puri (Odisha),29.7,68.7,10.1,1004.9,1614.9,12,9.9,2.5,-7.5,2
2025-04-30,Puri (Odisha),29.0,90.8,16.1,1014.2,1795.3,12,8.7,11.9,3.2,2
2025-05-01,Puri (Odisha),29.9,87.4,7.6,1002.7,1909.6,12,1.5,0.0,-1.5,2
2025-05-02,Puri (Odisha),27.4,76.8,17.6,1015.0,1552.8,12,16.7,11.4,-5.3,2
2025-05-03,Puri (Odisha),37.3,82.2,7.8,1001.4,2028.2,12,4.4,0.0,-4.4,2
2025-05-04,Puri (Odisha),27.5,69.7,17.5,1011.6,1496.3,12,45.0,46.6,1.6,2
2025-05-05,Puri (Odisha),33.1,77.0,8.2,1002.9,1839.8,12,2.4,0.0,-2.4,2
2025-05-06,Puri (Odisha),30.1,76.9,13.0,1011.3,1663.9,12,56.0,54.7,-1.4,2
2025-05-07,Puri (Odisha),33.1,74.0,18.3,1017.2,1623.0,12,50.9,45.9,-5.1,2
2025-05-08,Puri (Odisha),32.9,69.3,8.3,1007.0,1673.8,12,11.7,16.7,4.9,2
2025-05-09,Puri (Odisha),28.6,75.7,16.3,1011.9,1603.4,12,9.5,0.0,-9.5,2
2025-05-10,Puri (Odisha),29.6,81.0,16.5,1001.0,1833.2,12,1.1,0.0,-1.1,2
2025-05-11,Puri (Odisha),24.9,83.6,24.8,1001.8,1747.2,12,26.2,26.1,-0.1,2
2025-05-12,Puri (Odisha),29.9,71.1,15.3,1010.6,1584.9,12,5.3,0.0,-5.3,2
2025-05-13,Puri (Odisha),30.3,69.6,10.3,1004.7,1644.7,12,34.5,31.0,-3.5,2
2025-05-14,Puri (Odisha),35.6,54.5,4.6,1010.4,1492.2,12,83.5,83.1,-0.3,2
2025-05-15,Puri (Odisha),33.0,51.4,5.6,1010.1,1390.2,12,3.5,0.0,-3.5,2
2025-05-16,Puri (Odisha),35.8,93.3,24.4,1005.0,2105.9,12,17.7,15.8,-1.9,2
2025-05-17,Puri (Odisha),32.2,85.5,11.0,1010.5,1842.8,12,65.0,52.0,-13.0,2
2025-05-18,Puri (Odisha),35.6,89.6,8.4,999.0,2122.8,12,29.6,33.0,3.4,2
2025-05-19,Puri (Odisha),31.4,70.6,20.0,1006.4,1664.6,12,4.1,0.0,-4.1,2
2025-05-20,Puri (Odisha),30.7,80.5,7.2,1016.0,1672.6,12,11.2,7.2,-4.0,2
2025-05-21,Puri (Odisha),35.3,93.2,10.7,1013.4,1989.9,12,1.3,0.0,-1.3,2
2025-05-22,Puri (Odisha),32.3,87.0,7.5,1002.4,1965.2,12,9.0,1.2,-7.8,2
2025-05-23,Puri (Odisha),30.8,59.8,3.9,1001.6,1557.4,12,0.0,0.0,0.0,2
2025-05-24,Puri (Odisha),30.1,94.2,2.0,1006.3,1965.2,12,0.1,0.0,-0.1,2
2025-05-25,Puri (Odisha),33.3,82.1,16.7,1013.6,1785.9,12,0.5,0.0,-0.5,2
2025-05-26,Puri (Odisha),29.9,94.3,7.0,1008.7,1932.7,12,10.2,0.0,-10.2,2
2025-05-27,Puri (Odisha),26.4,76.7,23.8,1005.2,1644.6,12,9.7,4.5,-5.2,2
2025-05-28,Puri (Odisha),35.0,74.5,19.3,1010.0,1764.7,12,9.0,9.4,0.4,2
2025-05-29,Puri (Odisha),28.1,69.3,14.6,1006.9,1562.4,12,10.6,0.0,-10.6,2
2025-05-30,Puri (Odisha),28.4,87.6,22.4,1008.5,1805.7,12,68.9,65.6,-3.3,2
2025-05-31,Puri (Odisha),35.8,77.5,12.8,1004.5,1891.3,12,14.7,16.9,2.2,2
2025-06-01,Puri (Odisha),31.5,69.2,2.0,1004.8,1666.8,12,11.0,3.1,-7.9,2
2025-06-02,Puri (Odisha),32.4,57.7,4.2,1001.5,1567.6,12,0.0,0.7,0.7,2
2025-06-03,Puri (Odisha),37.2,63.8,2.0,1008.6,1682.5,12,31.3,27.5,-3.8,2
2025-06-04,Puri (Odisha),33.6,60.6,13.8,1012.3,1507.2,12,9.5,2.7,-6.8,2
2025-06-05,Puri (Odisha),39.0,58.1,18.9,999.6,1753.0,12,0.0,4.0,4.0,2
2025-06-06,Puri (Odisha),26.3,57.8,17.4,1013.1,1282.7,12,23.8,25.0,1.2,2
2025-06-07,Puri (Odisha),29.6,57.2,11.9,1005.1,1450.1,12,2.1,0.0,-2.1,2
2025-06-08,Puri (Odisha),34.7,82.9,8.0,1012.7,1841.7,12,33.5,32.1,-1.4,2
2025-06-09,Puri (Odisha),34.9,62.8,13.1,1013.0,1560.5,12,0.0,0.0,0.0,2
2025-06-10,Puri (Odisha),33.3,94.0,2.0,1012.6,1963.9,12,0.6,0.0,-0.6,2
2025-06-11,Puri (Odisha),29.5,81.0,13.3,1014.4,1667.8,12,51.1,49.2,-1.9,2
2025-06-12,Puri (Odisha),24.9,84.4,19.4,1007.7,1686.1,12,53.7,46.7,-6.9,2
2025-06-13,Puri (Odisha),40.6,64.6,17.6,1012.6,1728.6,12,6.3,0.0,-6.3,2
2025-06-14,Puri (Odisha),31.7,82.4,13.8,1004.6,1861.1,12,15.0,14.4,-0.6,2
2025-06-15,Puri (Odisha),30.1,66.6,2.0,1005.9,1583.6,12,12.7,0.0,-12.7,2
2025-06-16,Puri (Odisha),30.2,52.1,20.5,1014.8,1277.2,12,13.3,8.7,-4.7,2
2025-06-17,Puri (Odisha),34.0,77.4,3.3,1012.0,1754.0,12,19.9,13.1,-6.8,2
2025-06-18,Puri (Odisha),26.5,87.7,10.3,1008.4,1764.3,12,85.5,78.6,-7.0,2
2025-06-19,Puri (Odisha),36.0,72.7,5.3,1009.8,1763.4,12,17.6,13.2,-4.4,2
2025-06-20,Puri (Odisha),32.2,91.5,7.2,997.6,2082.4,12,9.1,5.1,-4.0,2
2025-06-21,Puri (Odisha),34.9,55.2,14.2,1001.0,1599.5,12,0.0,0.0,0.0,2
2025-06-22,Puri (Odisha),42.0,76.7,2.0,997.2,2114.2,12,24.1,18.7,-5.4,2
2025-06-23,Puri (Odisha),30.8,79.2,7.2,995.3,1904.4,12,8.7,9.9,1.2,2
2025-06-24,Puri (Odisha),29.3,75.5,17.1,1013.4,1600.3,12,54.9,54.0,-0.9,2
2025-06-25,Puri (Odisha),33.6,58.5,4.4,997.5,1656.6,12,9.9,9.8,-0.2,2
2025-06-26,Puri (Odisha),33.4,62.0,11.3,1005.7,1600.8,12,0.2,8.7,8.6,2
2025-06-27,Puri (Odisha),35.9,73.7,19.6,1016.6,1694.5,12,45.7,34.7,-11.0,2
2025-06-28,Puri (Odisha),36.2,83.8,10.6,1018.2,1822.5,12,3.3,0.0,-3.3,2
2025-06-29,Puri (Odisha),32.2,67.1,12.9,999.5,1717.6,12,1.7,0.0,-1.7,2
2025-06-30,Puri (Odisha),37.3,71.3,2.0,1010.0,1774.2,12,12.1,0.0,-12.1,2
2025-07-01,Puri (Odisha),32.9,84.5,7.1,1005.9,1901.3,12,4.7,0.0,-4.7,2
2025-07-02,Puri (Odisha),35.9,79.9,2.0,1004.9,1922.5,12,3.1,0.0,-3.1,2
2025-07-03,Puri (Odisha),40.1,60.6,16.5,1002.1,1787.0,12,13.7,4.7,-9.0,2
2025-07-04,Puri (Odisha),30.1,75.6,7.7,1008.4,1679.3,12,5.6,0.0,-5.6,2
2025-07-05,Puri (Odisha),29.2,86.3,9.1,1007.3,1822.0,12,33.6,29.1,-4.5,2
2025-07-06,Puri (Odisha),34.8,55.1,8.1,1013.9,1438.0,12,13.3,4.0,-9.3,2
2025-07-07,Puri (Odisha),28.6,94.2,16.3,1012.9,1850.3,12,0.1,0.0,-0.1,2
2025-07-08,Puri (Odisha),26.2,65.5,11.1,1004.4,1493.3,12,3.9,4.9,1.0,2
2025-07-09,Puri (Odisha),27.1,86.5,13.3,1016.1,1667.7,12,45.8,45.8,-0.0,2
2025-07-10,Puri (Odisha),32.0,95.8,15.7,1006.2,2035.8,12,51.6,45.5,-6.1,2
2025-07-11,Puri (Odisha),29.1,88.2,10.4,1006.4,1856.8,12,3.1,2.0,-1.1,2
2025-07-12,Puri (Odisha),30.7,43.0,14.3,1009.3,1227.0,12,0.0,0.0,0.0,2
2025-07-13,Puri (Odisha),33.4,69.5,16.2,1000.1,1773.0,12,32.5,28.7,-3.8,2
2025-07-14,Puri (Odisha),32.4,74.2,9.6,1009.6,1701.7,12,3.8,0.0,-3.8,2
2025-07-15,Puri (Odisha),35.6,83.9,10.8,1007.7,1936.0,12,32.0,23.4,-8.5,2
2025-07-16,Puri (Odisha),33.5,54.4,16.0,1016.3,1370.8,12,12.3,7.4,-4.9,2
2025-07-17,Puri (Odisha),36.4,60.1,9.4,1000.2,1712.1,12,55.7,53.4,-2.3,2
2025-07-18,Puri (Odisha),30.2,68.7,10.0,1012.4,1537.7,12,5.9,0.0,-5.9,2
2025-07-19,Puri (Odisha),27.0,82.5,5.1,1015.4,1618.3,12,4.0,0.0,-4.0,2
2025-07-20,Puri (Odisha),26.0,74.5,12.2,1011.7,1526.3,12,6.0,0.0,-6.0,2
2025-07-21,Puri (Odisha),31.2,74.3,9.2,1009.2,1679.4,12,4.4,0.0,-4.4,2
2025-07-22,Puri (Odisha),29.8,86.3,15.1,1013.9,1755.2,12,127.2,118.8,-8.4,2
2025-07-23,Puri (Odisha),32.7,76.3,9.0,1014.2,1683.3,12,0.1,0.0,-0.1,2
2025-07-24,Puri (Odisha),32.3,81.9,10.3,1008.5,1819.6,12,21.4,20.7,-0.7,2
2025-07-25,Puri (Odisha),32.3,75.5,13.4,1016.2,1637.9,12,18.5,5.9,-12.6,2
2025-07-26,Puri (Odisha),32.9,77.2,16.0,1009.1,1762.0,12,10.2,6.3,-3.9,2
2025-07-27,Puri (Odisha),30.4,82.3,15.9,1009.1,1773.5,12,25.5,30.1,4.6,2
2025-07-28,Puri (Odisha),41.0,72.2,9.2,1012.3,1847.3,12,9.1,0.2,-8.9,2
2025-07-29,Puri (Odisha),34.1,56.3,11.4,1007.9,1512.8,12,6.2,0.0,-6.2,2
2025-07-30,Puri (Odisha),27.2,69.7,13.8,1010.5,1501.8,12,2.6,0.0,-2.6,2
2025-07-31,Puri (Odisha),31.9,63.4,14.0,999.0,1666.0,12,78.0,62.0,-16.0,2
2025-08-01,Puri (Odisha),31.1,67.4,18.1,1008.8,1586.4,12,8.8,0.0,-8.8,2
2025-08-02,Puri (Odisha),35.5,72.9,17.2,1004.9,1814.1,12,13.1,13.0,-0.1,2
2025-08-03,Puri (Odisha),31.7,68.8,5.0,1008.8,1618.8,12,14.4,0.0,-14.4,2
2025-08-04,Puri (Odisha),30.4,55.5,2.0,1006.7,1425.9,12,9.9,4.4,-5.5,2
2025-08-05,Puri (Odisha),28.9,95.5,11.8,1014.4,1857.8,12,7.0,0.0,-7.0,2
2025-08-06,Puri (Odisha),26.6,61.5,3.5,1006.9,1417.2,12,0.6,0.0,-0.6,2
2025-08-07,Puri (Odisha),34.6,81.8,13.5,1005.5,1908.8,12,14.2,3.6,-10.6,2
2025-08-08,Puri (Odisha),29.4,89.1,2.0,1011.4,1816.1,12,46.7,50.2,3.5,2
2025-08-09,Puri (Odisha),30.4,66.2,2.0,1008.2,1558.3,12,8.8,0.0,-8.8,2
2025-08-10,Puri (Odisha),25.6,63.3,10.8,1015.9,1310.1,12,7.4,0.0,-7.4,2
2025-08-11,Puri (Odisha),31.3,61.7,11.9,1006.5,1536.7,12,20.4,24.3,3.9,2
2025-08-12,Puri (Odisha),36.0,74.5,9.3,999.3,1913.8,12,13.5,5.1,-8.4,2
2025-08-13,Puri (Odisha),34.3,70.4,14.3,997.8,1834.7,12,6.8,0.0,-6.8,2
2025-08-14,Puri (Odisha),32.6,75.0,7.3,1012.2,1686.4,12,56.9,45.6,-11.3,2
2025-08-15,Puri (Odisha),34.1,54.2,11.7,1015.7,1388.1,12,13.2,3.5,-9.7,2
2025-08-16,Puri (Odisha),27.0,76.8,7.9,1005.2,1659.0,12,47.9,44.2,-3.7,2
2025-08-17,Puri (Odisha),32.3,84.6,18.3,1007.3,1873.3,12,0.0,0.0,0.0,2
2025-08-18,Puri (Odisha),37.5,65.3,10.6,1007.7,1720.3,12,49.0,43.2,-5.8,2
2025-08-19,Puri (Odisha),26.3,66.4,2.5,1006.9,1479.4,12,5.7,0.0,-5.7,2
2025-08-20,Puri (Odisha),29.5,65.9,16.4,1005.1,1569.5,12,3.2,0.0,-3.2,2
2025-08-21,Puri (Odisha),34.8,98.0,12.7,1011.7,2067.7,12,6.9,0.0,-6.9,2
2025-08-22,Puri (Odisha),30.6,82.8,11.0,1005.9,1824.0,12,10.7,0.0,-10.7,2
2025-08-23,Puri (Odisha),30.2,98.0,15.1,1018.0,1881.5,12,9.0,0.0,-9.0,2
2025-08-24,Puri (Odisha),32.4,90.9,10.1,1007.0,1965.2,12,0.0,0.0,0.0,2
2025-08-25,Puri (Odisha),33.2,77.0,11.6,1012.3,1726.9,12,28.0,14.7,-13.2,2
2025-08-26,Puri (Odisha),34.3,79.9,8.0,1006.2,1866.5,12,1.7,0.0,-1.7,2
2025-08-27,Puri (Odisha),26.8,80.2,9.7,1013.1,1608.4,12,10.6,6.4,-4.2,2
2025-08-28,Puri (Odisha),29.9,67.5,12.6,1007.8,1567.5,12,33.2,24.7,-8.5,2
2025-08-29,Puri (Odisha),31.1,81.0,11.0,1020.1,1640.6,12,15.9,17.8,1.8,2
2025-08-30,Puri (Odisha),29.8,82.5,17.2,1010.1,1747.0,12,15.5,15.4,-0.2,2
2025-08-31,Puri (Odisha),23.6,63.9,4.0,1016.6,1261.8,12,12.3,0.0,-12.3,2
2025-09-01,Puri (Odisha),30.7,62.6,10.6,1009.4,1499.9,12,8.5,2.8,-5.7,2
2025-09-02,Puri (Odisha),35.7,93.2,10.7,1017.1,1955.5,12,9.8,0.0,-9.8,2
2025-09-03,Puri (Odisha),37.2,68.6,3.7,1007.3,1765.1,12,0.0,0.0,0.0,2
2025-09-04,Puri (Odisha),25.1,61.3,8.5,1008.7,1355.4,12,48.0,38.1,-9.9,2
2025-09-05,Puri (Odisha),30.7,74.9,10.4,1006.7,1705.8,12,12.6,0.0,-12.6,2
2025-09-06,Puri (Odisha),32.1,58.3,25.2,1004.4,1533.6,12,1.0,0.0,-1.0,2
2025-09-07,Puri (Odisha),30.1,86.0,16.5,1006.5,1849.0,12,54.8,48.7,-6.1,2
2025-09-08,Puri (Odisha),35.7,45.3,12.6,1000.1,1489.1,12,54.6,50.4,-4.1,2
2025-09-09,Puri (Odisha),34.5,94.9,6.4,1005.4,2091.7,12,12.7,8.2,-4.5,2
2025-09-10,Puri (Odisha),31.8,75.5,15.7,1007.6,1726.9,12,10.3,2.0,-8.3,2
2025-09-11,Puri (Odisha),32.4,86.0,5.0,1000.3,1976.5,12,5.5,1.8,-3.8,2
2025-09-12,Puri (Odisha),33.1,48.3,16.1,1002.2,1445.0,12,0.0,0.0,0.0,2
2025-09-13,Puri (Odisha),31.5,86.3,10.9,1010.1,1844.3,12,3.4,0.0,-3.4,2
2025-09-14,Puri (Odisha),32.5,81.4,14.5,1009.3,1809.6,12,42.1,49.5,7.4,2
2025-09-15,Puri (Odisha),35.4,60.3,10.9,1010.0,1573.4,12,38.2,34.4,-3.8,2
2025-09-16,Puri (Odisha),27.2,89.4,9.0,1005.0,1844.8,12,0.0,0.0,0.0,2
2025-09-17,Puri (Odisha),34.0,68.7,10.5,1001.7,1756.5,12,16.6,7.7,-8.9,2
2025-09-18,Puri (Odisha),34.4,70.8,18.7,1004.8,1758.9,12,12.5,10.3,-2.2,2
2025-09-19,Puri (Odisha),36.3,70.0,21.5,1002.6,1819.2,12,5.4,0.0,-5.4,2
2025-09-20,Puri (Odisha),33.8,79.6,2.0,1010.6,1797.8,12,23.1,24.5,1.3,2
2025-09-21,Puri (Odisha),31.5,88.9,6.7,1003.3,1962.0,12,4.8,3.0,-1.9,2
2025-09-22,Puri (Odisha),39.0,78.7,13.3,1003.7,1993.7,12,4.1,0.0,-4.1,2
2025-09-23,Puri (Odisha),35.1,66.3,3.2,1009.4,1659.3,12,27.9,22.0,-5.9,2
2025-09-24,Puri (Odisha),29.6,82.3,2.0,1009.7,1746.5,12,8.3,0.0,-8.3,2
2025-09-25,Puri (Odisha),32.9,96.9,21.1,1009.2,2035.4,12,0.9,0.8,-0.1,2
2025-09-26,Puri (Odisha),29.4,91.6,2.6,1012.6,1838.0,12,1.5,0.0,-1.5,2
2025-09-27,Puri (Odisha),32.9,79.1,8.1,998.5,1916.4,12,7.8,0.0,-7.8,2
2025-09-28,Puri (Odisha),34.7,88.5,2.0,1017.2,1864.7,12,4.3,0.3,-4.1,2
2025-09-29,Puri (Odisha),33.0,56.3,19.9,1009.0,1473.0,12,24.5,26.2,1.7,2
2025-09-30,Puri (Odisha),29.7,71.5,8.3,1012.5,1564.9,12,21.9,23.5,1.6,2
2025-10-01,Puri (Odisha),26.0,90.2,17.7,1006.2,1812.0,12,15.5,13.2,-2.3,2
2025-10-02,Puri (Odisha),30.7,79.7,12.4,1005.8,1783.2,12,2.0,0.0,-2.0,2
2025-10-03,Puri (Odisha),27.1,47.7,12.5,1007.2,1231.0,12,5.2,0.0,-5.2,2
2025-10-04,Puri (Odisha),34.9,82.6,12.0,1013.1,1835.2,12,3.0,0.0,-3.0,2
2025-10-05,Puri (Odisha),34.6,80.6,2.0,1008.5,1857.3,12,5.3,0.0,-5.3,2
2025-10-06,Puri (Odisha),34.1,77.1,2.0,1007.8,1804.0,12,96.6,91.4,-5.2,2
2025-10-07,Puri (Odisha),29.8,83.1,16.3,1010.2,1756.5,12,0.0,0.0,0.0,2
2025-10-08,Puri (Odisha),26.2,78.5,9.2,1013.1,1571.6,12,17.7,19.4,1.7,2
2025-10-09,Puri (Odisha),32.5,88.5,11.4,1002.6,1986.9,12,23.5,17.2,-6.3,2
2025-10-10,Puri (Odisha),36.8,72.8,17.8,1008.8,1798.3,12,11.0,6.4,-4.6,2
2025-10-11,Puri (Odisha),29.6,69.3,12.2,995.7,1732.1,12,46.5,44.3,-2.2,2
2025-10-12,Puri (Odisha),31.0,97.6,15.1,1005.9,2039.4,12,0.6,0.0,-0.6,2
2025-10-13,Puri (Odisha),31.2,61.4,18.2,1007.7,1516.5,12,12.1,0.0,-12.1,2
2025-10-14,Puri (Odisha),32.3,80.9,7.1,1003.0,1872.9,12,27.9,23.9,-4.0,2
2025-10-15,Puri (Odisha),22.5,78.0,27.4,1012.6,1480.8,12,13.8,0.0,-13.8,2
2025-10-16,Puri (Odisha),31.6,77.2,21.4,1005.3,1774.7,12,0.3,0.0,-0.3,2
2025-10-17,Puri (Odisha),31.6,85.4,8.1,1006.3,1878.5,12,12.5,6.7,-5.8,2
2025-10-18,Puri (Odisha),37.7,92.3,12.7,1006.9,2115.5,12,38.7,32.1,-6.6,2
2025-10-19,Puri (Odisha),35.3,53.5,11.3,1007.7,1504.9,12,1.4,0.0,-1.4,2
2025-10-20,Puri (Odisha),34.3,77.3,19.0,1006.4,1827.7,12,1.1,0.0,-1.1,2
2025-10-21,Puri (Odisha),33.8,54.3,14.6,1003.8,1525.8,12,0.0,0.0,0.0,2
2025-10-22,Puri (Odisha),39.5,70.0,6.1,1010.2,1807.0,12,12.8,0.0,-12.8,2
2025-10-23,Puri (Odisha),28.3,77.9,11.1,1003.3,1730.2,12,32.0,26.0,-6.0,2
2025-10-24,Puri (Odisha),38.1,65.7,16.8,1011.5,1697.1,12,47.1,39.2,-7.9,2
2025-10-25,Puri (Odisha),28.8,73.8,12.5,1009.4,1613.7,12,11.0,0.0,-11.0,2
2025-10-26,Puri (Odisha),28.5,96.3,10.3,1014.5,1857.1,12,8.7,9.7,0.9,2
2025-10-27,Puri (Odisha),36.6,55.7,7.8,1010.9,1526.2,12,3.3,0.0,-3.3,2
2025-10-28,Puri (Odisha),32.7,90.9,15.4,1008.2,1959.1,12,56.7,44.4,-12.3,2
2025-10-29,Puri (Odisha),32.3,79.8,13.3,1006.0,1821.7,12,1.7,0.0,-1.7,2
2025-10-30,Puri (Odisha),41.4,81.6,8.4,1004.6,2081.6,12,32.8,32.8,-0.0,2
2025-10-31,Puri (Odisha),30.5,77.7,12.7,1003.3,1779.8,12,74.6,65.9,-8.6,2
2025-11-01,Puri (Odisha),33.9,83.5,21.0,1004.1,1933.9,12,40.5,35.0,-5.6,2
2025-11-02,Puri (Odisha),32.4,70.6,24.7,1008.5,1663.8,12,129.9,128.1,-1.7,2
2025-11-03,Puri (Odisha),31.1,68.2,4.2,1013.5,1539.3,12,3.1,0.0,-3.1,2
2025-11-04,Puri (Odisha),35.2,70.3,8.1,1008.5,1727.6,12,7.9,0.0,-7.9,2
2025-11-05,Puri (Odisha),32.8,87.1,11.1,1006.3,1931.8,12,9.8,10.2,0.5,2
2025-11-06,Puri (Odisha),32.1,58.0,4.7,1005.3,1519.9,12,0.0,0.0,0.0,2
2025-11-07,Puri (Odisha),28.1,76.0,6.0,1010.8,1609.3,12,6.6,0.0,-6.6,2
2025-11-08,Puri (Odisha),35.4,83.2,18.6,1007.9,1919.6,12,0.0,0.0,0.0,2
2025-11-09,Puri (Odisha),31.4,69.0,12.4,1003.7,1674.4,12,10.4,0.0,-10.4,2
2025-11-10,Puri (Odisha),31.2,91.4,5.4,1001.4,2012.7,12,42.0,31.7,-10.2,2
2025-11-11,Puri (Odisha),41.3,79.6,10.4,1008.3,2005.6,12,10.4,0.0,-10.4,2
2025-11-12,Puri (Odisha),36.9,72.5,10.3,1005.9,1830.5,12,24.2,18.4,-5.8,2
2025-11-13,Puri (Odisha),26.3,97.3,21.1,1007.1,1907.5,12,1.5,0.0,-1.5,2
2025-11-14,Puri (Odisha),31.6,66.8,6.6,1006.0,1621.8,12,9.1,0.0,-9.1,2
2025-11-15,Puri (Odisha),34.7,81.8,13.4,1007.8,1884.0,12,35.8,34.0,-1.8,2
2025-11-16,Puri (Odisha),30.6,87.3,17.0,1006.8,1874.4,12,13.6,0.0,-13.6,2
2025-11-17,Puri (Odisha),39.1,85.8,12.5,1012.2,1993.5,12,0.0,0.0,0.0,2
2025-11-18,Puri (Odisha),31.5,73.9,9.9,1008.4,1689.4,12,0.0,0.0,0.0,2
2025-11-19,Puri (Odisha),31.2,90.3,16.3,1005.4,1948.3,12,11.3,4.4,-6.9,2
2025-11-20,Puri (Odisha),31.9,89.8,7.0,1005.8,1953.3,12,24.8,19.2,-5.5,2
2025-11-21,Puri (Odisha),36.0,83.2,17.0,1010.4,1903.7,12,13.6,0.0,-13.6,2
2025-11-22,Puri (Odisha),35.4,73.2,15.2,1007.6,1781.6,12,0.0,0.0,0.0,2
2025-11-23,Puri (Odisha),25.5,76.9,10.2,1014.8,1510.8,12,9.1,0.0,-9.1,2
2025-11-24,Puri (Odisha),37.2,77.9,14.6,1009.5,1869.6,12,30.3,21.0,-9.3,2
2025-11-25,Puri (Odisha),26.6,75.0,16.6,1004.3,1635.7,12,3.3,0.0,-3.3,2
2025-11-26,Puri (Odisha),37.3,62.7,22.5,1000.8,1763.4,12,4.6,0.0,-4.6,2
2025-11-27,Puri (Odisha),36.6,78.1,8.8,1000.1,1969.6,12,65.6,59.6,-6.0,2
2025-11-28,Puri (Odisha),30.1,88.9,20.3,1004.9,1909.0,12,20.0,4.5,-15.5,2
2025-11-29,Puri (Odisha),32.3,55.1,21.2,998.7,1561.2,12,70.0,62.3,-7.7,2
2025-11-30,Puri (Odisha),28.4,61.1,2.0,1008.3,1438.0,12,0.0,0.0,0.0,2
2025-12-01,Puri (Odisha),39.0,62.5,17.3,1014.7,1635.9,12,0.0,0.0,0.0,2
2025-12-02,Puri (Odisha),28.8,75.5,9.7,1002.0,1724.1,12,94.9,91.7,-3.2,2
2025-12-03,Puri (Odisha),29.1,98.0,9.1,1010.8,1941.9,12,1.3,0.0,-1.3,2
2025-12-04,Puri (Odisha),43.7,71.3,14.7,1005.3,1984.7,12,103.5,93.1,-10.4,2
2025-12-05,Puri (Odisha),23.7,93.3,14.5,1008.4,1773.7,12,6.4,4.6,-1.7,2
2025-12-06,Puri (Odisha),33.4,86.8,19.8,1018.0,1800.8,12,11.5,3.3,-8.2,2
2025-12-07,Puri (Odisha),29.3,66.6,14.9,1012.5,1484.7,12,45.4,43.7,-1.7,2
2025-12-08,Puri (Odisha),32.8,74.2,7.1,1003.3,1788.0,12,0.7,0.0,-0.7,2
2025-12-09,Puri (Odisha),36.7,69.5,2.0,994.7,1918.8,12,0.6,0.0,-0.6,2
2025-12-10,Puri (Odisha),25.6,71.4,5.2,1003.0,1579.4,12,6.0,0.0,-6.0,2
2025-12-11,Puri (Odisha),36.0,57.6,21.5,1007.9,1575.5,12,8.7,7.2,-1.5,2
2025-12-12,Puri (Odisha),33.5,82.4,13.0,1010.3,1833.7,12,20.1,22.9,2.8,2
2025-12-13,Puri (Odisha),24.3,77.9,27.1,999.1,1684.9,12,38.9,26.4,-12.5,2
2025-12-14,Puri (Odisha),32.1,78.8,17.5,1005.8,1805.1,12,31.8,31.3,-0.5,2
2025-12-15,Puri (Odisha),36.2,68.7,16.1,1019.5,1595.4,12,14.2,4.6,-9.6,2
2025-12-16,Puri (Odisha),36.4,50.3,8.6,1019.5,1342.9,12,23.0,16.5,-6.5,2
2025-12-17,Puri (Odisha),31.5,49.6,5.6,1014.6,1275.8,12,12.8,0.0,-12.8,2
2025-12-18,Puri (Odisha),33.9,68.8,9.9,1005.9,1705.9,12,9.5,4.8,-4.7,2
2025-12-19,Puri (Odisha),27.0,64.9,18.1,1009.9,1438.9,12,23.8,19.5,-4.3,2
2025-12-20,Puri (Odisha),32.1,70.8,9.3,1002.9,1726.0,12,51.7,48.1,-3.6,2
2025-12-21,Puri (Odisha),33.2,78.9,12.4,1012.6,1751.3,12,5.2,1.3,-3.9,2
2025-12-22,Puri (Odisha),30.6,62.9,2.7,1015.3,1430.3,12,7.5,0.0,-7.5,2
2025-12-23,Puri (Odisha),33.6,66.4,7.2,1007.6,1643.5,12,15.7,22.0,6.3,2
2025-12-24,Puri (Odisha),31.6,98.0,12.5,1009.5,2015.3,12,22.9,23.8,0.9,2
2025-12-25,Puri (Odisha),27.5,75.5,19.5,1002.7,1684.6,12,0.0,0.0,0.0,2
2025-12-26,Puri (Odisha),30.2,45.7,10.8,1002.9,1329.1,12,6.5,0.0,-6.5,2
2025-12-27,Puri (Odisha),27.9,49.5,8.8,1017.8,1149.2,12,32.5,25.5,-7.0,2
2025-12-28,Puri (Odisha),29.1,80.3,12.5,1007.7,1728.2,12,0.0,0.0,0.0,2
2025-12-29,Puri (Odisha),35.4,63.2,12.9,1015.5,1547.2,12,13.0,0.0,-13.0,2
2025-12-30,Puri (Odisha),33.0,68.4,10.5,1002.3,1722.8,12,20.8,22.8,2.0,2
2025-12-31,Puri (Odisha),31.6,88.3,2.0,1008.0,1898.7,12,0.9,0.0,-0.9,2
2026-01-01,Puri (Odisha),32.3,61.1,13.8,1000.9,1621.3,12,81.9,72.7,-9.2,2
2026-01-02,Puri (Odisha),29.5,80.5,20.4,1005.1,1774.2,12,161.7,164.3,2.6,2
2026-01-03,Puri (Odisha),32.2,76.8,11.6,1007.0,1763.5,12,1.8,0.0,-1.8,2
2026-01-04,Puri (Odisha),35.2,84.3,16.0,1007.8,1932.4,12,3.1,0.0,-3.1,2
2026-01-05,Puri (Odisha),33.0,88.0,9.0,1007.8,1930.2,12,0.0,0.0,0.0,2
2026-01-06,Puri (Odisha),26.7,76.6,8.4,1006.5,1634.6,12,0.7,0.0,-0.7,2
2026-01-07,Puri (Odisha),32.6,84.7,17.7,1011.4,1831.1,12,73.0,67.3,-5.7,2
2026-01-08,Puri (Odisha),32.4,68.5,3.8,1012.8,1582.1,12,13.0,8.6,-4.4,2
2026-01-09,Puri (Odisha),26.7,80.4,10.7,997.7,1795.6,12,13.0,2.1,-10.9,2
2026-01-10,Puri (Odisha),34.8,83.0,15.6,1007.8,1902.9,12,32.6,29.7,-2.9,2
2026-01-11,Puri (Odisha),34.0,69.2,11.7,997.6,1813.5,12,38.5,32.6,-5.9,2
2026-01-12,Puri (Odisha),32.4,86.0,14.1,1004.1,1931.9,12,8.6,0.0,-8.6,2
2026-01-13,Puri (Odisha),32.1,53.5,17.0,1010.3,1395.5,12,9.0,7.4,-1.5,2
2026-01-14,Puri (Odisha),31.7,65.6,21.5,1016.3,1483.3,12,0.0,0.0,0.0,2
2026-01-15,Puri (Odisha),23.1,81.4,9.7,1005.5,1628.6,12,7.4,0.0,-7.4,2
2026-01-16,Puri (Odisha),35.4,62.5,23.5,1002.9,1688.3,12,60.8,46.5,-14.2,2
2026-01-17,Puri (Odisha),29.7,78.3,12.8,1008.9,1701.7,12,5.4,0.0,-5.4,2
2026-01-18,Puri (Odisha),35.3,70.4,7.5,1008.4,1731.5,12,49.3,39.0,-10.3,2
2026-01-19,Puri (Odisha),32.4,83.4,11.4,1014.3,1773.2,12,2.0,2.4,0.3,2
2026-01-20,Puri (Odisha),25.6,88.5,10.0,1006.0,1780.6,12,14.0,4.4,-9.6,2
2026-01-21,Puri (Odisha),28.6,73.4,8.2,1009.7,1596.4,12,38.4,31.4,-6.9,2
2026-01-22,Puri (Odisha),34.4,66.7,26.4,1005.8,1689.9,12,0.8,0.0,-0.8,2
2026-01-23,Puri (Odisha),29.6,71.5,11.2,1013.5,1550.0,12,17.0,24.1,7.1,2
2026-01-24,Puri (Odisha),17.3,75.6,12.4,1012.0,1330.6,12,22.2,7.8,-14.4,2
2026-01-25,Puri (Odisha),35.6,54.2,19.3,1013.9,1446.9,12,5.7,0.0,-5.7,2
2026-01-26,Puri (Odisha),32.0,66.0,12.9,1004.5,1637.2,12,0.0,0.0,0.0,2
2026-01-27,Puri (Odisha),30.9,81.7,6.7,1012.6,1733.1,12,20.5,16.6,-3.9,2
2026-01-28,Puri (Odisha),37.4,80.3,5.5,1004.4,1968.0,12,24.0,14.2,-9.8,2
2026-01-29,Puri (Odisha),33.2,84.7,9.0,1017.9,1768.5,12,7.7,0.0,-7.7,2
2026-01-30,Puri (Odisha),25.4,75.7,10.0,1000.4,1666.0,12,6.5,0.0,-6.5,2
2026-01-31,Puri (Odisha),31.6,64.6,12.4,1011.1,1529.1,12,0.0,0.0,0.0,2
2026-02-01,Puri (Odisha),27.7,82.1,6.7,1002.4,1786.0,12,16.8,5.9,-10.9,2
2026-02-02,Puri (Odisha),33.0,62.5,7.3,1010.0,1546.7,12,0.0,6.2,6.2,2
2026-02-03,Puri (Odisha),30.9,68.3,18.4,1003.8,1652.6,12,1.1,5.1,4.0,2
2026-02-04,Puri (Odisha),34.6,57.1,8.3,1012.9,1475.8,12,0.0,0.0,0.0,2
2026-02-05,Puri (Odisha),31.5,98.0,7.6,1011.0,1996.0,12,10.0,0.0,-10.0,2
2026-02-06,Puri (Odisha),41.9,91.1,8.1,1016.7,2080.8,12,1.3,0.0,-1.3,2
2026-02-07,Puri (Odisha),31.0,94.7,11.8,1005.8,2000.2,12,4.0,0.0,-4.0,2
2026-02-08,Puri (Odisha),36.6,66.6,16.9,997.7,1838.0,12,0.0,0.0,0.0,2
2026-02-09,Puri (Odisha),32.4,64.9,13.7,1005.4,1620.2,12,0.0,4.4,4.4,2
2026-02-10,Puri (Odisha),31.3,79.2,10.7,1007.5,1768.6,12,1.3,0.0,-1.3,2
2026-02-11,Puri (Odisha),26.8,84.3,4.1,1012.6,1671.9,12,12.5,8.5,-3.9,2
2026-02-12,Puri (Odisha),30.0,93.2,11.6,1006.2,1951.6,12,0.0,0.0,0.0,2
2026-02-13,Puri (Odisha),25.0,70.0,12.9,1016.4,1382.0,12,32.9,26.3,-6.7,2
2026-02-14,Puri (Odisha),30.4,56.3,4.6,1001.8,1496.3,12,9.8,3.9,-5.8,2
2026-02-15,Puri (Odisha),26.2,64.3,11.8,996.0,1576.1,12,20.7,21.9,1.2,2
2026-02-16,Puri (Odisha),33.4,77.9,15.2,1008.4,1790.5,12,10.3,7.2,-3.1,2
2026-02-17,Puri (Odisha),33.7,78.1,18.9,1015.3,1718.6,12,0.0,0.0,0.0,2
2026-02-18,Puri (Odisha),29.0,65.4,19.0,1006.2,1536.4,12,51.4,42.5,-8.9,2
2026-02-19,Puri (Odisha),32.3,87.5,19.2,1007.6,1909.8,12,35.5,21.6,-13.9,2
2026-02-20,Puri (Odisha),28.4,46.9,10.1,1001.9,1315.3,12,8.1,0.0,-8.1,2
2026-02-21,Puri (Odisha),34.8,76.1,15.1,1010.2,1780.4,12,68.5,63.3,-5.2,2
2026-02-22,Puri (Odisha),26.5,55.9,3.2,1002.5,1388.6,12,7.6,12.0,4.5,2
2026-02-23,Puri (Odisha),28.3,57.7,14.5,1014.3,1315.7,12,56.8,44.7,-12.1,2
2026-02-24,Puri (Odisha),31.7,88.2,17.5,1000.3,1992.6,12,12.3,7.3,-5.0,2
2023-06-01,Mumbai,31.6,80.8,6.3,1004.5,1834.8,14,19.4,30.8,11.4,4
2023-06-02,Mumbai,36.0,54.2,19.3,1007.8,1528.5,14,0.0,0.0,0.0,4
2023-06-03,Mumbai,27.9,69.7,19.7,1000.0,1646.6,14,0.0,0.0,0.0,4
2023-06-04,Mumbai,34.4,61.5,5.3,999.9,1689.2,14,0.0,0.0,0.0,4
2023-06-05,Mumbai,30.8,71.6,9.4,1011.4,1603.4,14,3.0,4.9,1.9,4
2023-06-06,Mumbai,31.1,53.2,8.9,1008.1,1395.0,14,21.7,27.4,5.7,4
2023-06-07,Mumbai,32.6,89.3,10.2,1015.8,1843.1,14,0.0,0.0,0.0,4
2023-06-08,Mumbai,31.7,75.6,5.3,1005.2,1757.3,14,14.1,18.4,4.2,4
2023-06-09,Mumbai,27.2,79.8,8.6,1006.2,1696.7,14,0.0,0.0,0.0,4
2023-06-10,Mumbai,30.9,54.6,13.3,1008.6,1402.9,14,0.0,0.0,0.0,4
2023-06-11,Mumbai,28.7,81.1,4.1,1018.8,1599.0,14,3.3,3.6,0.3,4
2023-06-12,Mumbai,30.8,75.3,10.0,1004.6,1739.4,14,0.0,0.0,0.0,4
2023-06-13,Mumbai,34.9,70.1,16.8,1015.8,1628.3,14,0.0,6.5,6.5,4
2023-06-14,Mumbai,30.5,54.9,13.9,1011.3,1365.3,14,0.8,0.0,-0.8,4
2023-06-15,Mumbai,35.6,93.6,7.0,1020.8,1914.8,14,25.7,26.9,1.2,4
2023-06-16,Mumbai,31.9,79.1,6.6,1016.3,1678.0,14,0.0,0.0,0.0,4
2023-06-17,Mumbai,33.9,70.6,15.4,1012.7,1649.5,14,27.8,31.3,3.5,4
2023-06-18,Mumbai,33.8,71.3,10.1,1008.1,1711.3,14,0.0,3.1,3.1,4
2023-06-19,Mumbai,24.9,63.1,25.7,1009.4,1367.9,14,0.0,0.0,0.0,4
2023-06-20,Mumbai,33.8,64.6,2.0,1009.8,1597.6,14,26.4,25.7,-0.7,4
2023-06-21,Mumbai,31.5,53.5,12.2,1010.2,1382.2,14,0.0,0.0,0.0,4
2023-06-22,Mumbai,30.7,85.6,18.8,1009.7,1818.1,14,4.6,0.0,-4.6,4
2023-06-23,Mumbai,32.4,70.9,3.1,1004.0,1721.5,14,0.0,5.5,5.5,4
2023-06-24,Mumbai,35.4,61.6,18.9,1011.4,1575.1,14,0.0,0.0,0.0,4
2023-06-25,Mumbai,28.7,83.4,8.6,1004.7,1799.8,14,0.0,0.0,0.0,4
2023-06-26,Mumbai,31.6,90.0,13.4,1005.7,1949.6,14,19.3,25.2,5.9,4
2023-06-27,Mumbai,34.2,76.3,3.3,1000.6,1881.1,14,0.0,3.6,3.6,4
2023-06-28,Mumbai,25.5,81.8,11.3,1008.0,1661.5,14,26.3,32.2,5.9,4
2023-06-29,Mumbai,26.3,71.8,17.1,1012.4,1485.5,14,0.0,0.0,0.0,4
2023-06-30,Mumbai,34.9,82.4,4.7,1004.1,1942.9,14,67.7,66.3,-1.4,4
2023-07-01,Mumbai,31.8,72.5,9.3,1006.4,1700.2,14,0.1,0.0,-0.1,4
2023-07-02,Mumbai,26.2,73.5,12.4,1014.8,1479.7,14,0.9,0.0,-0.9,4
2023-07-03,Mumbai,28.7,95.8,15.8,1003.9,1981.6,14,1.7,0.0,-1.7,4
2023-07-04,Mumbai,26.2,97.3,9.3,1019.6,1757.8,14,13.7,11.7,-2.0,4
2023-07-05,Mumbai,28.5,75.7,3.9,1007.8,1648.6,14,4.6,5.2,0.6,4
2023-07-06,Mumbai,31.8,81.5,13.4,1010.3,1781.4,14,2.8,5.2,2.5,4
2023-07-07,Mumbai,29.5,79.6,11.3,1007.6,1730.8,14,1.0,0.0,-1.0,4
2023-07-08,Mumbai,38.3,66.4,18.6,1008.8,1744.4,14,38.5,39.7,1.2,4
2023-07-09,Mumbai,24.8,73.1,12.0,1006.4,1543.0,14,0.0,10.5,10.5,4
2023-07-10,Mumbai,32.9,61.4,17.4,1002.5,1619.8,14,0.0,0.0,0.0,4
2023-07-11,Mumbai,33.4,86.1,8.6,1010.2,1884.1,14,2.3,3.6,1.2,4
2023-07-12,Mumbai,34.1,70.2,8.5,1007.8,1708.1,14,13.6,9.9,-3.7,4
2023-07-13,Mumbai,34.0,77.0,3.4,1014.8,1717.8,14,0.0,5.2,5.2,4
2023-07-14,Mumbai,31.4,65.0,8.8,1007.0,1579.3,14,0.0,0.0,0.0,4
2023-07-15,Mumbai,35.2,53.1,15.5,1015.3,1402.8,14,0.0,0.0,0.0,4
2023-07-16,Mumbai,28.5,88.3,12.8,1006.9,1837.4,14,0.0,0.0,0.0,4
2023-07-17,Mumbai,23.2,68.4,18.4,999.4,1522.4,14,29.3,26.7,-2.5,4
2023-07-18,Mumbai,31.8,82.2,9.1,1004.9,1856.0,14,0.0,0.0,0.0,4
2023-07-19,Mumbai,30.9,65.9,8.6,1012.2,1517.1,14,25.8,30.5,4.7,4
2023-07-20,Mumbai,27.9,79.1,6.3,1006.4,1700.4,14,3.5,1.3,-2.2,4
2023-07-21,Mumbai,29.4,63.4,18.8,1007.4,1504.4,14,0.0,0.0,0.0,4
2023-07-22,Mumbai,23.5,84.8,3.2,1012.2,1605.0,14,3.0,2.3,-0.7,4
2023-07-23,Mumbai,34.7,97.5,9.5,1001.5,2180.2,14,0.0,0.0,0.0,4
2023-07-24,Mumbai,33.1,78.7,17.7,1012.5,1746.4,14,0.0,7.6,7.6,4
2023-07-25,Mumbai,28.9,69.5,6.5,1007.8,1572.1,14,0.0,0.0,0.0,4
2023-07-26,Mumbai,30.9,85.9,10.2,1002.2,1919.4,14,0.0,0.0,0.0,4
2023-07-27,Mumbai,30.6,51.4,11.2,1013.2,1294.3,14,12.4,6.9,-5.5,4
2023-07-28,Mumbai,31.1,80.5,10.1,1020.4,1628.8,14,1.3,1.8,0.5,4
2023-07-29,Mumbai,28.4,56.7,5.4,1011.8,1333.0,14,14.5,15.3,0.8,4
2023-07-30,Mumbai,33.5,80.1,9.3,1003.6,1882.2,14,30.9,25.2,-5.7,4
2023-07-31,Mumbai,25.4,69.6,8.0,1010.8,1455.1,14,2.7,4.1,1.4,4
2023-08-01,Mumbai,35.6,69.4,4.6,1005.7,1758.7,14,0.0,0.0,0.0,4
2023-08-02,Mumbai,34.2,78.9,8.2,1009.6,1809.1,14,1.2,0.0,-1.2,4
2023-08-03,Mumbai,35.5,65.4,9.9,1013.2,1608.3,14,26.1,32.8,6.8,4
2023-08-04,Mumbai,28.9,98.0,15.5,1007.2,1978.8,14,24.5,26.3,1.8,4
2023-08-05,Mumbai,26.2,93.5,11.9,1008.9,1830.7,14,0.0,0.6,0.6,4
2023-08-06,Mumbai,28.6,81.9,7.2,1009.6,1717.5,14,5.2,0.0,-5.2,4
2023-08-07,Mumbai,35.4,80.6,19.5,1006.7,1895.7,14,0.0,0.0,0.0,4
2023-08-08,Mumbai,29.3,70.3,4.8,1011.9,1544.5,14,8.1,10.9,2.8,4
2023-08-09,Mumbai,35.5,67.5,14.6,1007.6,1706.4,14,19.8,27.5,7.7,4
2023-08-10,Mumbai,29.1,61.8,14.2,1005.6,1496.7,14,10.6,19.8,9.2,4
2023-08-11,Mumbai,33.8,65.8,5.1,1016.5,1533.2,14,12.2,7.3,-4.9,4
2023-08-12,Mumbai,36.7,71.7,12.2,1003.6,1842.3,14,0.0,0.0,0.0,4
2023-08-13,Mumbai,31.8,81.0,9.4,1002.7,1864.3,14,52.0,52.2,0.2,4
2023-08-14,Mumbai,30.3,67.9,4.4,1014.8,1500.0,14,0.0,0.0,0.0,4
2023-08-15,Mumbai,29.2,62.9,13.0,1006.9,1496.9,14,104.7,105.4,0.7,4
2023-08-16,Mumbai,31.8,59.6,2.0,1018.7,1371.7,14,36.0,35.1,-0.9,4
2023-08-17,Mumbai,34.1,67.6,2.0,1005.2,1703.8,14,0.0,0.0,0.0,4
2023-08-18,Mumbai,29.2,67.5,7.2,1003.8,1601.1,14,11.9,17.8,5.9,4
2023-08-19,Mumbai,30.0,91.3,13.6,999.3,2006.8,14,6.4,0.0,-6.4,4
2023-08-20,Mumbai,32.5,91.3,12.3,1001.9,2034.5,14,0.0,0.0,0.0,4
2023-08-21,Mumbai,29.2,63.3,2.0,1015.6,1399.9,14,0.0,0.0,0.0,4
2023-08-22,Mumbai,22.9,52.0,22.8,1008.1,1179.5,14,0.0,6.3,6.3,4
2023-08-23,Mumbai,26.3,67.6,17.3,1003.9,1531.6,14,0.0,1.5,1.5,4
2023-08-24,Mumbai,36.0,45.3,10.0,1009.3,1386.0,14,2.3,0.0,-2.3,4
2023-08-25,Mumbai,27.0,82.9,15.6,1009.3,1699.4,14,0.0,0.0,0.0,4
2023-08-26,Mumbai,32.6,73.2,11.4,1013.1,1648.1,14,38.8,43.3,4.5,4
2023-08-27,Mumbai,33.3,65.7,2.0,1011.1,1584.6,14,4.3,12.8,8.5,4
2023-08-28,Mumbai,29.8,72.9,22.5,1006.5,1658.1,14,4.5,0.0,-4.5,4
2023-08-29,Mumbai,30.3,63.5,20.9,1020.6,1369.4,14,25.2,26.6,1.4,4
2023-08-30,Mumbai,34.1,83.5,2.0,1013.9,1821.8,14,1.1,0.0,-1.1,4
2023-08-31,Mumbai,29.9,82.2,5.3,1010.5,1743.7,14,82.8,82.9,0.1,4
2023-09-01,Mumbai,29.8,76.4,22.1,1004.4,1731.3,14,1.9,4.5,2.6,4
2023-09-02,Mumbai,27.2,65.3,5.5,1009.2,1457.5,14,50.8,55.9,5.1,4
2023-09-03,Mumbai,33.4,65.0,15.0,1008.6,1608.3,14,0.0,1.3,1.3,4
2023-09-04,Mumbai,26.7,75.8,13.1,1008.5,1599.4,14,0.0,0.0,0.0,4
2023-09-05,Mumbai,32.8,76.6,16.6,1006.2,1786.9,14,0.0,0.0,0.0,4
2023-09-06,Mumbai,24.2,84.1,11.3,999.2,1767.0,14,165.4,167.1,1.7,4
2023-09-07,Mumbai,26.6,83.0,11.8,1003.4,1759.4,14,45.7,47.5,1.8,4
2023-09-08,Mumbai,26.6,63.9,6.9,1011.7,1393.0,14,5.4,0.0,-5.4,4
2023-09-09,Mumbai,26.6,69.6,12.5,1010.3,1490.1,14,4.2,5.4,1.2,4
2023-09-10,Mumbai,35.5,80.5,8.0,1005.5,1912.8,14,0.0,0.0,0.0,4
2023-09-11,Mumbai,27.3,72.4,12.8,1015.4,1483.9,14,23.2,22.2,-0.9,4
2023-09-12,Mumbai,31.1,75.7,11.2,1007.9,1712.3,14,21.1,24.7,3.6,4
2023-09-13,Mumbai,23.1,87.4,2.0,1009.5,1662.3,14,20.6,24.5,3.9,4
2023-09-14,Mumbai,29.9,82.0,14.2,1004.6,1810.6,14,1.3,3.7,2.4,4
2023-09-15,Mumbai,29.5,75.6,7.7,1006.9,1684.6,14,4.8,0.0,-4.8,4
2023-09-16,Mumbai,32.2,75.7,18.9,998.7,1848.0,14,41.7,41.1,-0.6,4
2023-09-17,Mumbai,33.5,91.4,7.4,1003.7,2040.6,14,38.2,40.6,2.4,4
2023-09-18,Mumbai,30.5,62.3,21.5,1018.1,1386.4,14,32.4,41.0,8.6,4
2023-09-19,Mumbai,32.2,52.8,9.1,1012.1,1366.5,14,0.0,0.0,0.0,4
2023-09-20,Mumbai,28.5,77.3,8.3,1013.0,1608.6,14,1.1,11.9,10.8,4
2023-09-21,Mumbai,30.3,62.8,9.4,1008.4,1503.7,14,5.8,9.2,3.4,4
2023-09-22,Mumbai,34.5,81.3,12.7,1006.2,1891.6,14,15.5,26.1,10.6,4
2023-09-23,Mumbai,34.6,65.5,8.5,1006.1,1676.0,14,0.0,0.0,0.0,4
2023-09-24,Mumbai,36.5,60.6,19.1,1007.4,1634.7,14,66.7,74.3,7.6,4
2023-09-25,Mumbai,31.2,82.0,5.4,1002.3,1870.1,14,15.3,23.2,8.0,4
2023-09-26,Mumbai,30.5,54.3,8.8,1010.1,1371.0,14,32.8,41.6,8.8,4
2023-09-27,Mumbai,30.4,81.8,6.5,1008.6,1771.3,14,103.4,105.2,1.9,4
2023-09-28,Mumbai,36.1,39.7,11.1,1009.2,1310.7,14,6.3,0.0,-6.3,4
2023-09-29,Mumbai,30.9,75.6,13.0,1009.7,1684.8,14,0.7,0.0,-0.7,4
2023-09-30,Mumbai,33.8,76.2,9.5,1003.0,1843.8,14,29.0,28.4,-0.6,4
2023-10-01,Mumbai,33.4,73.6,16.2,1009.6,1718.5,14,0.0,0.0,-0.0,4
2023-10-02,Mumbai,29.9,92.1,12.7,1007.6,1915.9,14,19.8,22.8,3.0,4
2023-10-03,Mumbai,28.1,66.1,16.7,1000.9,1589.9,14,0.0,0.0,0.0,4
2023-10-04,Mumbai,36.8,87.4,8.8,996.1,2152.8,14,7.9,11.5,3.6,4
2023-10-05,Mumbai,31.0,87.8,15.0,1001.6,1955.1,14,0.0,0.0,0.0,4
2023-10-06,Mumbai,27.9,75.7,12.8,1012.4,1582.2,14,3.2,0.0,-3.2,4
2023-10-07,Mumbai,34.0,77.3,15.2,1011.3,1763.8,14,27.7,36.8,9.0,4
2023-10-08,Mumbai,25.5,75.6,11.7,1008.8,1565.0,14,52.6,60.1,7.5,4
2023-10-09,Mumbai,32.6,55.9,21.3,1007.5,1476.4,14,0.7,0.0,-0.7,4
2023-10-10,Mumbai,36.6,98.0,14.3,1009.4,2136.9,14,5.8,4.0,-1.8,4
2023-10-11,Mumbai,36.1,67.4,25.2,1004.9,1751.0,14,43.7,46.2,2.5,4
2023-10-12,Mumbai,23.8,66.6,13.2,1007.5,1414.1,14,0.0,0.0,0.0,4
2023-10-13,Mumbai,31.2,72.1,20.2,1005.0,1698.6,14,3.8,0.0,-3.8,4
2023-10-14,Mumbai,28.9,63.8,16.5,1014.6,1412.2,14,29.9,32.1,2.1,4
2023-10-15,Mumbai,37.3,52.7,16.5,1009.9,1515.0,14,65.7,66.8,1.1,4
2023-10-16,Mumbai,32.1,82.9,15.5,1018.8,1706.4,14,0.0,0.0,0.0,4
2023-10-17,Mumbai,27.7,98.0,21.7,1003.9,1989.5,14,0.0,0.0,0.0,4
2023-10-18,Mumbai,30.0,81.4,12.7,1006.1,1786.3,14,3.1,13.9,10.8,4
2023-10-19,Mumbai,28.6,49.7,8.6,997.3,1413.2,14,0.0,1.2,1.2,4
2023-10-20,Mumbai,36.1,63.1,2.0,1015.5,1565.3,14,16.3,16.9,0.6,4
2023-10-21,Mumbai,32.8,83.0,17.4,999.3,1958.8,14,4.7,0.6,-4.1,4
2023-10-22,Mumbai,35.1,64.6,8.0,1001.7,1726.8,14,0.0,0.0,0.0,4
2023-10-23,Mumbai,35.5,54.6,13.0,1001.2,1600.7,14,6.7,9.8,3.1,4
2023-10-24,Mumbai,35.5,70.8,8.8,1004.5,1787.8,14,16.0,16.4,0.4,4
2023-10-25,Mumbai,33.8,44.6,9.5,1006.6,1356.5,14,62.3,67.4,5.1,4
2023-10-26,Mumbai,28.4,52.9,8.8,1007.3,1334.5,14,5.8,14.6,8.8,4
2023-10-27,Mumbai,31.6,64.9,7.1,1007.2,1580.2,14,0.0,0.2,0.2,4
2023-10-28,Mumbai,28.7,75.3,10.0,1016.2,1547.5,14,30.3,24.2,-6.0,4
2023-10-29,Mumbai,27.2,70.4,13.3,1006.2,1564.9,14,0.0,0.0,0.0,4
2023-10-30,Mumbai,33.3,82.8,2.3,1004.6,1903.5,14,3.8,0.0,-3.8,4
2023-10-31,Mumbai,26.4,98.0,13.1,998.1,2028.2,14,3.3,0.0,-3.3,4
2023-11-01,Mumbai,28.1,46.6,21.9,1000.7,1318.1,14,0.0,0.0,0.0,4
2023-11-02,Mumbai,32.6,50.0,11.0,1016.9,1278.4,14,0.0,0.0,0.0,4
2023-11-03,Mumbai,30.7,82.9,10.0,1009.1,1788.0,14,0.0,2.1,2.1,4
2023-11-04,Mumbai,29.9,65.2,8.8,1011.5,1491.0,14,0.3,0.0,-0.3,4
2023-11-05,Mumbai,32.0,57.4,6.3,1008.3,1472.5,14,0.0,3.5,3.5,4
2023-11-06,Mumbai,30.3,80.0,12.4,1008.1,1749.5,14,16.0,17.7,1.7,4
2023-11-07,Mumbai,27.8,76.9,15.6,1014.6,1568.4,14,8.2,0.0,-8.2,4
2023-11-08,Mumbai,28.5,62.8,16.4,1007.0,1479.4,14,3.2,0.0,-3.2,4
2023-11-09,Mumbai,31.3,79.0,21.9,1011.2,1723.8,14,24.4,26.9,2.6,4
2023-11-10,Mumbai,31.4,83.4,10.0,1014.0,1754.3,14,0.4,0.0,-0.4,4
2023-11-11,Mumbai,29.2,58.9,6.2,1012.5,1377.0,14,0.0,0.0,0.0,4
2023-11-12,Mumbai,27.5,68.2,10.5,1010.3,1491.9,14,0.0,0.0,0.0,4
2023-11-13,Mumbai,34.3,98.0,5.4,1012.5,2045.2,14,0.5,0.0,-0.5,4
2023-11-14,Mumbai,28.7,70.3,2.6,1009.8,1554.5,14,0.7,0.0,-0.7,4
2023-11-15,Mumbai,28.2,44.9,12.5,1008.3,1203.6,14,22.3,21.3,-1.0,4
2023-11-16,Mumbai,31.1,90.0,25.4,1020.7,1757.6,14,0.0,0.0,0.0,4
2023-11-17,Mumbai,25.9,75.3,8.8,1003.7,1631.0,14,0.0,0.0,0.0,4
2023-11-18,Mumbai,30.9,56.1,12.1,1002.1,1501.6,14,0.0,0.0,0.0,4
2023-11-19,Mumbai,29.1,78.2,10.5,1019.8,1557.8,14,63.6,71.5,7.9,4
2023-11-20,Mumbai,28.0,89.5,26.5,1006.9,1841.2,14,29.4,26.8,-2.6,4
2023-11-21,Mumbai,24.6,75.9,7.1,1006.9,1569.8,14,32.6,40.7,8.1,4
2023-11-22,Mumbai,30.5,66.3,7.7,1016.7,1460.3,14,21.0,22.6,1.6,4
2023-11-23,Mumbai,27.1,98.0,14.7,1010.2,1900.6,14,0.0,0.0,0.0,4
2023-11-24,Mumbai,30.3,82.6,14.7,1005.0,1824.7,14,14.1,12.2,-1.9,4
2023-11-25,Mumbai,29.6,72.2,11.7,1012.8,1567.0,14,0.0,0.7,0.7,4
2023-11-26,Mumbai,30.6,86.2,15.6,1004.3,1888.5,14,0.4,0.0,-0.4,4
2023-11-27,Mumbai,29.3,63.1,11.8,1007.2,1499.0,14,0.0,0.0,0.0,4
2023-11-28,Mumbai,20.9,69.9,18.4,998.5,1497.3,14,7.3,5.0,-2.3,4
2023-11-29,Mumbai,27.3,80.5,9.0,1000.6,1774.4,14,30.1,22.6,-7.4,4
2023-11-30,Mumbai,29.4,75.1,9.1,1010.6,1630.2,14,0.0,0.0,0.0,4
2023-12-01,Mumbai,28.8,92.0,14.9,1004.2,1927.3,14,0.0,0.0,0.0,4
2023-12-02,Mumbai,24.2,74.9,14.3,1006.5,1551.3,14,4.4,10.6,6.2,4
2023-12-03,Mumbai,35.6,62.6,7.8,1014.0,1561.9,14,0.0,0.0,0.0,4
2023-12-04,Mumbai,34.4,73.9,5.2,1006.6,1780.5,14,42.2,39.9,-2.3,4
2023-12-05,Mumbai,35.1,70.0,5.6,1007.8,1729.3,14,31.6,27.0,-4.6,4
2023-12-06,Mumbai,27.5,72.0,17.2,1001.3,1651.5,14,106.7,103.6,-3.1,4
2023-12-07,Mumbai,30.2,70.7,12.3,1007.5,1623.5,14,3.6,0.0,-3.6,4
2023-12-08,Mumbai,34.8,68.9,14.8,1008.9,1692.1,14,0.0,0.0,-0.0,4
2023-12-09,Mumbai,29.7,85.1,14.8,1008.9,1797.8,14,1.6,3.9,2.3,4
2023-12-10,Mumbai,32.1,98.0,11.5,1006.2,2068.2,14,15.5,20.3,4.8,4
2023-12-11,Mumbai,30.4,64.6,7.0,1011.9,1490.2,14,27.1,28.7,1.6,4
2023-12-12,Mumbai,32.7,67.4,7.1,1011.8,1586.1,14,1.9,0.0,-1.9,4
2023-12-13,Mumbai,33.8,82.0,6.3,1018.7,1734.6,14,141.7,139.3,-2.4,4
2023-12-14,Mumbai,34.5,92.2,12.7,1004.2,2069.4,14,0.0,0.0,0.0,4
2023-12-15,Mumbai,28.9,83.2,14.1,1008.4,1756.9,14,1.5,0.0,-1.5,4
2023-12-16,Mumbai,33.0,97.6,3.7,1007.3,2071.6,14,46.0,48.0,2.0,4
2023-12-17,Mumbai,33.8,66.8,17.1,1001.7,1724.9,14,4.6,0.0,-4.6,4
2023-12-18,Mumbai,29.7,88.9,2.0,1007.6,1866.0,14,32.4,36.4,3.9,4
2023-12-19,Mumbai,30.9,66.2,15.2,1007.0,1584.1,14,42.7,46.4,3.7,4
2023-12-20,Mumbai,31.3,84.8,18.1,1011.9,1796.0,14,29.1,26.0,-3.0,4
2023-12-21,Mumbai,40.7,75.9,10.5,1008.8,1931.8,14,4.4,0.0,-4.4,4
2023-12-22,Mumbai,33.0,75.8,6.6,1011.5,1714.3,14,6.6,9.2,2.6,4
2023-12-23,Mumbai,20.9,62.2,20.4,1015.4,1188.4,14,0.0,0.0,0.0,4
2023-12-24,Mumbai,33.3,80.2,23.0,999.2,1931.9,14,34.1,46.9,12.8,4
2023-12-25,Mumbai,28.7,76.9,12.3,1001.3,1750.0,14,42.9,48.5,5.6,4
2023-12-26,Mumbai,25.8,59.1,7.8,1014.4,1275.2,14,128.9,132.4,3.5,4
2023-12-27,Mumbai,24.0,98.0,21.0,1002.6,1917.1,14,0.0,0.0,0.0,4
2023-12-28,Mumbai,29.6,71.6,8.0,1009.0,1606.0,14,0.0,0.0,0.0,4
2023-12-29,Mumbai,37.1,73.4,8.6,1016.0,1726.5,14,16.3,8.3,-8.0,4
2023-12-30,Mumbai,35.9,70.2,25.7,995.8,1893.9,14,50.2,50.8,0.6,4
2023-12-31,Mumbai,34.1,69.3,5.5,1008.6,1685.3,14,0.0,0.0,0.0,4
2024-01-01,Mumbai,30.3,69.6,24.3,1001.4,1683.4,14,4.1,0.0,-4.1,4
2024-01-02,Mumbai,30.9,51.6,21.0,1006.7,1384.6,14,0.0,0.0,0.0,4
2024-01-03,Mumbai,27.6,76.9,14.5,1005.5,1671.9,14,0.2,0.0,-0.2,4
2024-01-04,Mumbai,32.0,75.2,2.0,1012.7,1669.0,14,0.0,0.0,0.0,4
2024-01-05,Mumbai,35.5,89.6,4.2,1005.3,2043.3,14,6.0,0.0,-6.0,4
2024-01-06,Mumbai,33.1,74.5,2.0,1009.2,1726.4,14,15.8,23.0,7.1,4
2024-01-07,Mumbai,28.9,95.2,12.0,1012.0,1882.2,14,21.0,18.6,-2.4,4
2024-01-08,Mumbai,28.4,76.3,9.8,1004.0,1701.9,14,25.5,20.9,-4.6,4
2024-01-09,Mumbai,32.2,54.4,2.4,1008.3,1436.1,14,0.0,0.0,0.0,4
2024-01-10,Mumbai,30.6,86.3,10.3,1017.9,1728.9,14,0.0,0.0,0.0,4
2024-01-11,Mumbai,31.3,52.6,8.1,1008.1,1390.8,14,24.8,24.8,-0.1,4
2024-01-12,Mumbai,32.4,72.6,4.4,999.3,1803.8,14,6.3,0.0,-6.3,4
2024-01-13,Mumbai,28.4,83.8,10.6,1017.4,1647.3,14,0.0,1.4,1.4,4
2024-01-14,Mumbai,32.5,86.8,15.6,997.8,2021.8,14,2.7,8.2,5.5,4
2024-01-15,Mumbai,27.5,70.3,16.1,1002.4,1614.2,14,0.0,0.0,0.0,4
2024-01-16,Mumbai,35.5,86.9,22.2,1001.7,2047.6,14,0.0,0.0,0.0,4
2024-01-17,Mumbai,31.4,67.0,21.5,1006.8,1610.5,14,3.4,0.0,-3.4,4
2024-01-18,Mumbai,30.1,86.7,14.1,1003.3,1897.3,14,0.6,0.0,-0.6,4
2024-01-19,Mumbai,36.4,62.9,15.0,1010.1,1633.1,14,47.1,45.2,-1.9,4
2024-01-20,Mumbai,36.9,85.5,14.9,1001.3,2066.7,14,1.9,0.0,-1.9,4
2024-01-21,Mumbai,28.8,74.9,9.1,1009.8,1620.3,14,0.0,0.0,0.0,4
2024-01-22,Mumbai,26.3,63.6,3.5,1009.2,1411.6,14,29.1,37.7,8.6,4
2024-01-23,Mumbai,31.6,82.2,14.8,994.4,1975.7,14,58.6,66.2,7.5,4
2024-01-24,Mumbai,33.8,69.7,2.0,1009.2,1675.9,14,0.0,1.7,1.7,4
2024-01-25,Mumbai,34.8,98.0,12.9,1009.7,2090.0,14,0.0,0.0,0.0,4
2024-01-26,Mumbai,30.2,98.0,8.7,1003.3,2057.3,14,0.0,0.0,0.0,4
2024-01-27,Mumbai,25.8,58.1,18.6,1015.2,1249.5,14,45.7,48.8,3.2,4
2024-01-28,Mumbai,15.4,65.1,14.0,1003.5,1237.9,14,18.8,22.8,3.9,4
2024-01-29,Mumbai,33.8,73.2,9.0,1011.8,1695.7,14,34.5,29.7,-4.8,4
2024-01-30,Mumbai,28.5,83.0,5.4,1009.3,1734.3,14,32.9,38.0,5.1,4
2024-01-31,Mumbai,33.2,66.5,3.2,1003.6,1684.3,14,0.8,0.0,-0.8,4
2024-02-01,Mumbai,32.1,73.4,12.7,1007.4,1708.4,14,0.0,0.0,0.0,4
2024-02-02,Mumbai,24.5,60.2,18.0,1004.4,1379.2,14,2.1,0.0,-2.1,4
2024-02-03,Mumbai,27.2,52.2,15.0,1006.9,1299.2,14,3.5,0.0,-3.5,4
2024-02-04,Mumbai,33.7,73.5,8.4,1010.3,1715.1,14,0.0,0.0,0.0,4
2024-02-05,Mumbai,31.6,69.3,10.5,1009.5,1614.5,14,3.9,5.5,1.7,4
2024-02-06,Mumbai,34.5,86.3,11.0,1013.5,1874.3,14,0.0,2.4,2.4,4
2024-02-07,Mumbai,30.0,67.3,17.5,999.6,1666.1,14,0.0,0.0,0.0,4
2024-02-08,Mumbai,25.5,82.1,14.1,1004.1,1711.0,14,0.0,4.5,4.5,4
2024-02-09,Mumbai,26.1,98.0,19.9,1011.1,1864.4,14,0.0,0.0,0.0,4
2024-02-10,Mumbai,28.3,83.0,7.5,1006.9,1759.4,14,1.0,0.0,-1.0,4
2024-02-11,Mumbai,26.0,77.0,9.7,1010.7,1574.8,14,12.4,17.7,5.3,4
2024-02-12,Mumbai,33.9,58.9,14.8,1007.7,1544.7,14,62.6,58.9,-3.7,4
2024-02-13,Mumbai,26.0,79.4,16.2,1002.8,1703.5,14,13.8,21.7,7.9,4
2024-02-14,Mumbai,34.8,72.1,21.8,1002.4,1816.4,14,19.7,22.5,2.8,4
2024-02-15,Mumbai,29.0,69.5,29.5,1005.7,1600.8,14,5.7,12.9,7.3,4
2024-02-16,Mumbai,29.1,77.1,15.8,1004.4,1724.6,14,0.0,0.0,0.0,4
2024-02-17,Mumbai,34.3,64.2,12.8,1002.9,1686.3,14,19.0,20.0,1.0,4
2024-02-18,Mumbai,33.3,78.4,2.6,1007.1,1813.2,14,0.0,0.0,0.0,4
2024-02-19,Mumbai,31.4,80.4,3.1,1005.7,1811.2,14,19.1,6.7,-12.4,4
2024-02-20,Mumbai,34.4,60.3,10.1,1008.1,1571.3,14,20.4,24.2,3.8,4
2024-02-21,Mumbai,30.1,56.7,12.6,1018.4,1295.1,14,24.4,33.9,9.5,4
2024-02-22,Mumbai,28.6,69.7,12.9,1008.8,1557.1,14,0.0,0.0,0.0,4
2024-02-23,Mumbai,30.0,64.3,15.4,1001.9,1595.8,14,0.0,0.0,0.0,4
2024-02-24,Mumbai,31.8,49.7,12.0,1015.0,1278.8,14,0.0,0.0,0.0,4
2024-02-25,Mumbai,33.2,64.7,8.2,1008.8,1597.9,14,0.0,0.0,0.0,4
2024-02-26,Mumbai,29.9,83.4,19.4,1001.2,1872.4,14,7.1,10.9,3.8,4
2024-02-27,Mumbai,27.0,85.8,14.1,1019.0,1621.9,14,0.0,0.0,0.0,4
2024-02-28,Mumbai,29.9,82.5,16.2,1009.1,1763.5,14,20.1,25.4,5.3,4
2024-02-29,Mumbai,31.8,79.1,19.3,1003.4,1830.1,14,3.9,9.0,5.1,4
2024-03-01,Mumbai,37.6,64.5,2.2,1003.3,1766.3,14,0.0,0.0,0.0,4
2024-03-02,Mumbai,32.3,62.1,8.8,1015.7,1456.7,14,0.0,6.0,6.0,4
2024-03-03,Mumbai,36.1,71.4,10.4,1013.5,1704.3,14,117.4,125.3,7.9,4
2024-03-04,Mumbai,34.3,70.9,16.0,1015.5,1628.9,14,9.9,12.7,2.8,4
2024-03-05,Mumbai,38.2,98.0,9.8,1006.6,2208.3,14,5.6,3.2,-2.4,4
2024-03-06,Mumbai,29.2,82.4,14.3,998.9,1866.2,14,0.0,0.5,0.5,4
2024-03-07,Mumbai,27.2,62.5,4.6,1004.7,1470.9,14,0.0,0.0,0.0,4
2024-03-08,Mumbai,25.0,93.3,4.5,1001.3,1891.9,14,12.7,16.0,3.3,4
2024-03-09,Mumbai,30.0,70.6,15.9,1012.7,1556.3,14,0.0,9.1,9.1,4
2024-03-10,Mumbai,28.8,75.8,18.1,1010.4,1627.7,14,2.3,0.0,-2.3,4
2024-03-11,Mumbai,37.7,71.9,18.5,1001.9,1888.2,14,9.9,14.4,4.5,4
2024-03-12,Mumbai,33.2,87.8,8.8,1012.1,1881.5,14,5.6,11.9,6.4,4
2024-03-13,Mumbai,35.6,58.6,13.2,1006.8,1592.0,14,0.0,0.0,0.0,4
2024-03-14,Mumbai,39.1,94.6,12.8,1001.2,2248.2,14,0.0,0.0,0.0,4
2024-03-15,Mumbai,29.2,63.4,13.6,1007.3,1501.1,14,0.0,0.0,0.0,4
2024-03-16,Mumbai,29.6,80.6,14.0,1003.0,1802.7,14,4.4,5.9,1.5,4
2024-03-17,Mumbai,24.5,71.2,8.1,1010.7,1455.6,14,0.2,0.0,-0.2,4
2024-03-18,Mumbai,32.4,81.1,18.3,1007.5,1823.4,14,71.3,67.3,-4.0,4
2024-03-19,Mumbai,31.2,58.6,10.8,1002.0,1545.0,14,0.0,0.0,0.0,4
2024-03-20,Mumbai,33.4,52.9,2.5,1009.9,1424.2,14,0.0,0.0,0.0,4
2024-03-21,Mumbai,31.3,65.2,2.1,1005.3,1599.6,14,2.2,3.4,1.2,4
2024-03-22,Mumbai,28.5,56.0,12.3,1004.0,1418.9,14,0.0,0.0,0.0,4
2024-03-23,Mumbai,35.2,79.6,9.8,1005.1,1899.4,14,0.0,0.0,0.0,4
2024-03-24,Mumbai,33.0,50.7,9.0,1017.2,1294.5,14,0.0,0.0,0.0,4
2024-03-25,Mumbai,28.4,80.1,7.2,998.5,1820.8,14,12.5,13.8,1.3,4
2024-03-26,Mumbai,24.0,47.2,18.9,1007.9,1142.0,14,0.0,0.0,0.0,4
2024-03-27,Mumbai,25.4,79.7,25.4,1004.8,1667.0,14,0.0,0.1,0.1,4
2024-03-28,Mumbai,30.6,85.8,14.4,1012.6,1784.5,14,17.0,17.5,0.5,4
2024-03-29,Mumbai,33.3,59.4,10.0,1011.7,1490.8,14,7.7,10.1,2.4,4
2024-03-30,Mumbai,36.1,63.2,2.0,1007.9,1656.1,14,0.0,0.0,0.0,4
2024-03-31,Mumbai,29.0,97.9,13.0,1009.1,1956.0,14,9.1,14.5,5.4,4
2024-04-01,Mumbai,36.3,86.7,9.7,1011.6,1944.4,14,41.0,48.0,7.1,4
2024-04-02,Mumbai,26.3,73.6,12.7,1008.4,1562.0,14,0.5,0.0,-0.5,4
2024-04-03,Mumbai,34.1,75.9,14.3,1015.2,1698.6,14,50.9,55.7,4.8,4
2024-04-04,Mumbai,31.2,73.0,11.2,1009.6,1657.4,14,2.1,0.0,-2.1,4
2024-04-05,Mumbai,25.6,77.1,10.9,1010.3,1569.7,14,0.1,0.0,-0.1,4
2024-04-06,Mumbai,29.0,76.6,8.4,999.6,1773.5,14,18.0,20.7,2.7,4
2024-04-07,Mumbai,25.8,75.3,7.5,994.9,1735.0,14,0.0,0.0,0.0,4
2024-04-08,Mumbai,31.8,77.3,18.3,1017.6,1632.9,14,1.7,3.9,2.2,4
2024-04-09,Mumbai,32.2,87.3,21.8,1012.4,1845.8,14,0.0,0.0,0.0,4
2024-04-10,Mumbai,33.0,91.6,11.1,1004.3,2024.6,14,16.1,9.5,-6.6,4
2024-04-11,Mumbai,20.5,84.7,13.6,1008.1,1581.4,14,3.5,0.0,-3.5,4
2024-04-12,Mumbai,32.7,71.2,6.5,1012.5,1631.2,14,45.5,44.6,-0.8,4
2024-04-13,Mumbai,28.9,69.8,9.5,1011.1,1536.5,14,0.0,0.0,0.0,4
2024-04-14,Mumbai,27.7,79.1,26.3,1004.1,1722.5,14,0.0,0.0,0.0,4
2024-04-15,Mumbai,30.4,85.4,2.0,1014.9,1746.2,14,72.9,85.1,12.3,4
2024-04-16,Mumbai,34.8,48.8,16.6,1016.2,1323.4,14,0.0,0.0,0.0,4
2024-04-17,Mumbai,35.3,57.9,14.3,1013.1,1500.8,14,31.7,34.7,3.1,4
2024-04-18,Mumbai,28.1,79.6,6.1,1007.5,1699.7,14,2.3,8.6,6.3,4
2024-04-19,Mumbai,33.0,77.4,14.6,1018.0,1658.5,14,0.0,0.0,0.0,4
2024-04-20,Mumbai,30.3,71.8,15.1,1004.1,1682.6,14,0.0,0.0,0.0,4
2024-04-21,Mumbai,31.8,53.5,2.6,1005.3,1447.6,14,20.7,26.8,6.0,4
2024-04-22,Mumbai,28.5,82.2,21.2,1012.6,1684.7,14,4.9,9.5,4.6,4
2024-04-23,Mumbai,32.6,98.0,13.5,1011.2,2020.3,14,3.2,6.7,3.5,4
2024-04-24,Mumbai,29.5,75.7,10.2,997.6,1796.4,14,4.4,10.0,5.6,4
2024-04-25,Mumbai,30.2,75.2,7.2,1004.5,1722.8,14,0.0,0.0,0.0,4
2024-04-26,Mumbai,27.6,70.2,26.4,1005.6,1578.2,14,21.5,19.8,-1.8,4
2024-04-27,Mumbai,29.9,68.2,2.9,1015.8,1482.5,14,84.2,84.2,0.1,4
2024-04-28,Mumbai,27.9,68.7,17.6,1008.6,1529.0,14,0.0,3.6,3.6,4
2024-04-29,Mumbai,30.9,71.2,18.1,1007.1,1653.3,14,0.0,0.0,0.0,4
2024-04-30,Mumbai,29.0,56.9,15.7,1008.0,1397.7,14,13.8,13.1,-0.6,4
2024-05-01,Mumbai,28.8,85.3,14.6,1013.5,1724.9,14,9.4,1.5,-7.9,4
2024-05-02,Mumbai,35.6,63.9,10.0,1008.7,1643.0,14,2.8,0.0,-2.8,4
2024-05-03,Mumbai,34.2,66.7,6.8,1007.2,1667.7,14,40.1,48.0,8.0,4
2024-05-04,Mumbai,32.2,79.6,11.3,1011.2,1754.3,14,0.0,6.0,6.0,4
2024-05-05,Mumbai,33.4,83.0,14.8,1013.9,1798.5,14,8.4,0.0,-8.4,4
2024-05-06,Mumbai,32.4,62.5,3.8,1009.4,1538.8,14,0.0,0.0,0.0,4
2024-05-07,Mumbai,27.8,66.0,13.0,1004.0,1542.1,14,0.0,3.3,3.3,4
2024-05-08,Mumbai,32.0,94.0,19.0,1005.4,2019.2,14,0.0,0.0,0.0,4
2024-05-09,Mumbai,35.5,70.1,10.9,1006.8,1753.7,14,0.0,0.0,0.0,4
2024-05-10,Mumbai,27.3,82.1,8.1,1007.8,1711.2,14,8.5,14.8,6.3,4
2024-05-11,Mumbai,30.2,65.1,2.0,1008.5,1532.9,14,0.0,1.6,1.6,4
2024-05-12,Mumbai,34.0,87.3,2.8,1006.2,1964.4,14,24.5,23.4,-1.1,4
2024-05-13,Mumbai,35.8,57.8,18.9,1006.6,1589.9,14,0.0,0.0,0.0,4
2024-05-14,Mumbai,26.7,82.8,10.3,1006.1,1725.5,14,0.0,1.3,1.3,4
2024-05-15,Mumbai,34.5,86.3,5.2,1010.3,1912.1,14,0.0,0.0,0.0,4
2024-05-16,Mumbai,27.5,78.9,18.8,1009.8,1647.3,14,36.9,38.8,1.9,4
2024-05-17,Mumbai,31.2,57.9,9.6,1006.4,1483.0,14,0.0,0.0,0.0,4
2024-05-18,Mumbai,37.6,80.3,15.0,998.5,2044.2,14,0.0,0.0,0.0,4
2024-05-19,Mumbai,31.6,92.7,11.2,1011.1,1921.7,14,0.0,0.0,0.0,4
2024-05-20,Mumbai,27.6,65.4,12.8,1015.8,1388.3,14,0.0,0.0,0.0,4
2024-05-21,Mumbai,24.6,73.9,4.6,1011.1,1491.4,14,35.3,29.2,-6.0,4
2024-05-22,Mumbai,28.0,70.6,15.3,1012.5,1510.4,14,0.0,0.0,0.0,4
2024-05-23,Mumbai,25.8,80.4,7.1,1011.5,1607.7,14,16.7,21.4,4.7,4
2024-05-24,Mumbai,25.9,83.2,16.5,1013.9,1619.4,14,38.8,36.6,-2.2,4
2024-05-25,Mumbai,32.5,71.4,16.1,1007.5,1688.7,14,0.0,0.0,0.0,4
2024-05-26,Mumbai,31.7,77.3,13.5,1012.8,1690.9,14,62.3,61.1,-1.2,4
2024-05-27,Mumbai,32.3,98.0,13.9,1006.5,2070.0,14,34.5,40.2,5.7,4
2024-05-28,Mumbai,35.8,78.6,20.0,1009.2,1850.4,14,18.9,26.5,7.6,4
2024-05-29,Mumbai,33.8,98.0,18.5,1003.8,2137.3,14,12.0,16.3,4.2,4
2024-05-30,Mumbai,35.4,98.0,7.4,1013.5,2059.0,14,0.0,0.0,0.0,4
2024-05-31,Mumbai,29.0,58.9,10.4,1008.0,1424.4,14,0.0,0.0,0.0,4
2024-06-01,Mumbai,35.2,84.2,25.3,1008.0,1925.9,14,2.3,0.0,-2.3,4
2024-06-02,Mumbai,29.6,87.6,2.0,1018.5,1713.8,14,13.0,9.6,-3.5,4
2024-06-03,Mumbai,29.5,66.6,15.8,1003.4,1599.6,14,35.7,31.9,-3.9,4
2024-06-04,Mumbai,34.6,83.3,21.3,1008.0,1899.8,14,46.5,45.4,-1.2,4
2024-06-05,Mumbai,37.4,82.5,11.8,1003.6,2009.2,14,19.7,15.2,-4.5,4
2024-06-06,Mumbai,29.6,54.6,5.8,1004.9,1415.4,14,27.9,29.5,1.6,4
2024-06-07,Mumbai,35.8,93.2,19.1,1006.1,2092.3,14,0.0,0.1,0.1,4
2024-06-08,Mumbai,29.0,77.0,11.0,1002.3,1747.4,14,0.0,0.0,0.0,4
2024-06-09,Mumbai,28.2,79.1,23.7,1002.9,1750.1,14,6.1,0.0,-6.1,4
2024-06-10,Mumbai,29.2,98.0,2.8,1006.1,1998.9,14,0.0,0.0,0.0,4
2024-06-11,Mumbai,34.2,71.2,13.1,1013.6,1654.3,14,41.9,40.9,-1.0,4
2024-06-12,Mumbai,29.1,61.8,7.6,1014.3,1393.9,14,0.0,5.2,5.2,4
2024-06-13,Mumbai,29.9,90.8,12.8,1008.0,1892.5,14,0.0,0.0,0.0,4
2024-06-14,Mumbai,27.6,78.2,13.2,999.6,1762.4,14,7.1,7.1,-0.0,4
2024-06-15,Mumbai,33.9,71.1,6.9,1008.9,1702.0,14,0.0,0.0,0.0,4
2024-06-16,Mumbai,39.1,88.3,16.4,1009.6,2058.8,14,0.0,1.5,1.5,4
2024-06-17,Mumbai,27.8,61.3,8.6,1003.2,1486.7,14,7.4,0.0,-7.4,4
2024-06-18,Mumbai,30.2,57.4,15.9,1006.9,1445.8,14,80.4,75.5,-5.0,4
2024-06-19,Mumbai,36.3,68.9,15.1,1016.2,1641.8,14,0.0,1.0,1.0,4
2024-06-20,Mumbai,30.0,86.9,11.6,1008.9,1829.4,14,0.0,0.0,0.0,4
2024-06-21,Mumbai,26.1,64.2,10.7,1003.8,1479.8,14,29.0,30.0,1.0,4
2024-06-22,Mumbai,37.3,70.4,14.5,999.7,1885.1,14,25.3,22.8,-2.5,4
2024-06-23,Mumbai,31.8,70.3,15.0,995.0,1807.0,14,6.3,0.0,-6.3,4
2024-06-24,Mumbai,35.3,53.9,26.9,1007.4,1513.0,14,0.0,0.0,0.0,4
2024-06-25,Mumbai,34.2,73.7,6.4,1012.7,1699.4,14,43.5,42.0,-1.5,4
2024-06-26,Mumbai,22.1,63.1,6.0,1004.9,1354.6,14,1.2,0.0,-1.2,4
2024-06-27,Mumbai,37.5,80.0,7.3,1011.3,1884.1,14,16.7,18.7,2.0,4
2024-06-28,Mumbai,28.2,54.0,18.9,1011.4,1294.8,14,20.9,25.7,4.8,4
2024-06-29,Mumbai,25.1,75.0,2.0,1006.0,1580.3,14,54.8,59.5,4.6,4
2024-06-30,Mumbai,29.8,95.1,10.3,1004.1,1996.7,14,0.0,0.0,0.0,4
2024-07-01,Mumbai,29.7,65.8,17.3,1003.4,1593.2,14,83.9,88.9,5.0,4
2024-07-02,Mumbai,30.4,72.8,26.6,1014.2,1578.7,14,0.0,0.0,0.0,4
2024-07-03,Mumbai,33.9,85.2,18.9,1013.0,1851.3,14,79.8,85.4,5.6,4
2024-07-04,Mumbai,33.2,78.9,2.5,999.4,1909.5,14,2.3,0.0,-2.3,4
2024-07-05,Mumbai,32.4,80.5,24.5,1009.5,1791.3,14,1.7,12.7,11.0,4
2024-07-06,Mumbai,39.5,71.8,15.3,1007.6,1861.1,14,0.0,0.0,0.0,4
2024-07-07,Mumbai,31.9,98.0,18.1,997.9,2162.1,14,47.6,45.6,-2.0,4
2024-07-08,Mumbai,26.8,84.8,12.6,1005.6,1761.7,14,20.9,26.9,6.0,4
2024-07-09,Mumbai,32.0,73.7,9.6,1012.1,1655.7,14,0.0,10.1,10.1,4
2024-07-10,Mumbai,33.6,58.7,4.0,1014.3,1457.4,14,0.0,0.0,0.0,4
2024-07-11,Mumbai,36.1,86.9,16.3,1008.5,1981.3,14,14.4,25.2,10.7,4
2024-07-12,Mumbai,33.4,75.5,9.6,1001.7,1839.2,14,0.0,0.0,0.0,4
2024-07-13,Mumbai,29.5,66.0,11.1,1006.4,1555.1,14,6.5,6.8,0.3,4
2024-07-14,Mumbai,36.5,69.1,8.4,1002.2,1817.2,14,0.0,5.8,5.8,4
2024-07-15,Mumbai,33.4,39.0,4.1,1006.1,1275.1,14,29.0,29.5,0.5,4
2024-07-16,Mumbai,28.4,64.8,8.2,1004.6,1532.7,14,0.6,0.0,-0.6,4
2024-07-17,Mumbai,29.7,66.3,5.6,1011.8,1498.6,14,0.0,0.0,0.0,4
2024-07-18,Mumbai,28.3,98.0,15.5,1012.9,1897.5,14,0.0,1.5,1.5,4
2024-07-19,Mumbai,35.9,60.3,8.7,1003.9,1658.9,14,1.9,15.9,14.0,4
2024-07-20,Mumbai,34.3,72.8,18.7,1015.4,1658.7,14,0.0,0.0,0.0,4
2024-07-21,Mumbai,30.1,82.0,11.6,1003.7,1826.3,14,0.0,0.0,0.0,4
2024-07-22,Mumbai,28.0,98.0,13.8,1014.5,1869.9,14,0.0,0.0,0.0,4
2024-07-23,Mumbai,26.2,86.1,2.0,1002.3,1806.9,14,0.0,0.0,0.0,4
2024-07-24,Mumbai,30.7,98.0,15.0,1012.9,1953.9,14,1.6,5.3,3.7,4
2024-07-25,Mumbai,25.4,71.8,15.9,1005.1,1553.3,14,0.0,0.0,0.0,4
2024-07-26,Mumbai,35.7,80.9,6.7,1003.2,1952.4,14,35.1,44.7,9.6,4
2024-07-27,Mumbai,39.2,79.5,5.4,1006.6,1974.4,14,9.7,19.0,9.3,4
2024-07-28,Mumbai,27.7,58.0,15.6,1005.5,1410.4,14,0.0,0.0,0.0,4
2024-07-29,Mumbai,32.7,86.3,9.1,1015.4,1808.9,14,3.8,10.6,6.7,4
2024-07-30,Mumbai,31.2,72.9,21.3,999.5,1775.2,14,0.0,0.0,0.0,4
2024-07-31,Mumbai,29.2,73.1,4.8,994.1,1795.9,14,16.9,18.2,1.2,4
2024-08-01,Mumbai,34.4,92.1,2.0,1005.7,2044.8,14,16.6,13.3,-3.4,4
2024-08-02,Mumbai,31.8,83.5,11.7,1001.9,1907.9,14,21.2,25.8,4.6,4
2024-08-03,Mumbai,32.7,59.2,16.2,1014.7,1436.9,14,8.4,13.4,5.0,4
2024-08-04,Mumbai,27.7,78.7,17.7,1013.4,1605.0,14,4.9,8.2,3.3,4
2024-08-05,Mumbai,36.0,79.5,20.7,1010.7,1849.5,14,16.5,19.1,2.6,4
2024-08-06,Mumbai,26.5,84.9,8.2,1003.8,1777.8,14,0.2,0.0,-0.2,4
2024-08-07,Mumbai,32.5,75.5,21.1,1000.4,1832.4,14,11.0,9.6,-1.4,4
2024-08-08,Mumbai,36.6,68.3,20.2,1011.5,1697.5,14,30.2,42.2,12.0,4
2024-08-09,Mumbai,30.3,82.2,23.1,1002.9,1844.0,14,0.0,0.0,0.0,4
2024-08-10,Mumbai,32.0,84.0,2.0,1004.6,1888.1,14,0.0,0.0,0.0,4
2024-08-11,Mumbai,32.5,67.5,10.8,1003.0,1688.5,14,31.6,31.8,0.2,4
2024-08-12,Mumbai,34.6,73.9,10.8,1001.5,1847.2,14,0.0,1.8,1.8,4
2024-08-13,Mumbai,24.2,70.0,2.0,1000.0,1561.2,14,0.0,0.0,0.0,4
2024-08-14,Mumbai,31.3,60.4,9.2,1013.1,1439.5,14,14.2,19.0,4.8,4
2024-08-15,Mumbai,27.2,67.1,13.5,1002.4,1563.1,14,8.8,5.5,-3.3,4
2024-08-16,Mumbai,29.7,88.2,6.6,995.7,1999.3,14,13.2,16.3,3.2,4
2024-08-17,Mumbai,26.2,54.5,19.2,1004.0,1344.3,14,73.4,84.1,10.7,4
2024-08-18,Mumbai,33.3,64.8,19.0,1003.4,1665.1,14,0.0,0.0,0.0,4
2024-08-19,Mumbai,28.4,59.6,18.4,1002.3,1488.2,14,83.8,86.1,2.3,4
2024-08-20,Mumbai,33.4,79.6,10.8,1004.4,1864.2,14,3.5,0.0,-3.5,4
2024-08-21,Mumbai,31.9,97.3,16.8,1002.4,2099.6,14,4.3,3.9,-0.5,4
2024-08-22,Mumbai,36.5,68.4,21.2,1018.5,1611.2,14,0.0,0.0,0.0,4
2024-08-23,Mumbai,26.6,61.9,2.0,1010.8,1375.9,14,13.7,14.9,1.2,4
2024-08-24,Mumbai,24.7,89.4,2.0,1005.4,1779.8,14,0.0,0.0,0.0,4
2024-08-25,Mumbai,30.2,79.6,10.2,1010.3,1715.5,14,0.0,0.0,0.0,4
2024-08-26,Mumbai,36.5,65.6,17.4,1020.6,1546.3,14,15.3,21.9,6.6,4
2024-08-27,Mumbai,35.0,68.2,11.5,1007.0,1711.3,14,0.3,0.0,-0.3,4
2024-08-28,Mumbai,26.9,79.7,6.2,1008.2,1662.8,14,31.0,37.8,6.9,4
2024-08-29,Mumbai,30.3,79.8,9.1,998.1,1866.0,14,0.0,0.0,0.0,4
2024-08-30,Mumbai,31.8,71.7,3.6,1010.8,1635.3,14,10.5,2.9,-7.7,4
2024-08-31,Mumbai,28.7,72.5,15.4,1001.8,1682.4,14,21.9,20.4,-1.5,4
2024-09-01,Mumbai,32.8,89.4,9.6,1011.3,1903.0,14,1.7,0.0,-1.7,4
2024-09-02,Mumbai,33.1,65.7,9.6,1008.1,1615.7,14,0.0,0.0,0.0,4
2024-09-03,Mumbai,33.9,84.0,2.0,1008.9,1882.4,14,60.5,67.8,7.3,4
2024-09-04,Mumbai,26.1,60.3,15.5,1006.3,1394.0,14,0.0,0.0,0.0,4
2024-09-05,Mumbai,25.9,89.3,2.0,999.1,1881.9,14,0.0,1.8,1.8,4
2024-09-06,Mumbai,26.7,68.0,12.4,1011.4,1455.4,14,30.5,32.4,1.9,4
2024-09-07,Mumbai,35.2,77.3,24.8,1013.3,1767.3,14,0.0,0.5,0.5,4
2024-09-08,Mumbai,33.2,70.9,10.4,1001.5,1771.2,14,1.0,0.0,-1.0,4
2024-09-09,Mumbai,26.7,98.0,18.8,1006.8,1930.4,14,0.0,0.0,0.0,4
2024-09-10,Mumbai,32.6,87.7,19.6,1006.7,1929.4,14,0.0,0.0,0.0,4
2024-09-11,Mumbai,29.6,84.2,11.5,1000.1,1888.5,14,1.3,0.0,-1.3,4
2024-09-12,Mumbai,25.7,69.4,2.0,1014.6,1411.8,14,2.4,2.7,0.2,4
2024-09-13,Mumbai,34.4,68.1,4.8,1013.9,1613.6,14,17.1,17.8,0.7,4
2024-09-14,Mumbai,29.4,86.1,18.1,1008.8,1806.2,14,0.0,0.0,0.0,4
2024-09-15,Mumbai,34.6,71.6,14.5,1012.6,1683.4,14,54.4,55.9,1.5,4
2024-09-16,Mumbai,27.3,72.8,5.4,1005.2,1610.9,14,15.8,21.0,5.2,4
2024-09-17,Mumbai,31.8,64.6,6.0,1011.1,1534.8,14,0.0,0.0,0.0,4
2024-09-18,Mumbai,37.8,55.5,2.0,1006.7,1604.0,14,0.0,0.0,0.0,4
2024-09-19,Mumbai,24.9,75.4,2.0,1008.5,1551.5,14,86.8,86.3,-0.5,4
2024-09-20,Mumbai,30.5,60.3,21.0,1009.8,1458.6,14,16.4,15.9,-0.4,4
2024-09-21,Mumbai,27.7,60.7,5.1,1004.6,1458.2,14,0.0,1.7,1.7,4
2024-09-22,Mumbai,29.0,69.0,13.2,1007.8,1568.8,14,45.6,53.4,7.8,4
2024-09-23,Mumbai,30.2,85.5,7.3,1003.7,1877.0,14,65.3,66.3,1.0,4
2024-09-24,Mumbai,35.1,64.0,8.4,1008.9,1630.5,14,7.4,10.1,2.7,4
2024-09-25,Mumbai,29.7,79.6,9.2,1013.3,1667.2,14,5.1,0.0,-5.1,4
2024-09-26,Mumbai,37.3,75.7,7.2,1006.1,1880.8,14,34.8,25.5,-9.3,4
2024-09-27,Mumbai,31.4,77.8,4.4,1002.0,1818.4,14,0.0,7.5,7.5,4
2024-09-28,Mumbai,29.7,78.2,17.9,999.9,1807.7,14,28.8,41.0,12.2,4
2024-09-29,Mumbai,34.2,85.7,13.8,1015.1,1839.1,14,0.0,5.1,5.1,4
2024-09-30,Mumbai,21.6,79.3,16.3,999.5,1634.0,14,0.0,3.6,3.6,4
2024-10-01,Mumbai,30.7,62.6,18.7,1005.9,1542.1,14,0.0,3.1,3.1,4
2024-10-02,Mumbai,35.6,63.0,12.0,1005.5,1670.1,14,24.3,25.9,1.6,4
2024-10-03,Mumbai,32.1,80.3,14.6,998.9,1907.9,14,9.2,20.9,11.7,4
2024-10-04,Mumbai,33.2,76.2,10.2,1021.0,1610.0,14,0.0,0.0,0.0,4
2024-10-05,Mumbai,41.3,89.7,12.5,1007.1,2160.8,14,0.2,0.0,-0.2,4
2024-10-06,Mumbai,34.5,85.8,11.7,1010.9,1898.7,14,0.0,0.0,0.0,4
2024-10-07,Mumbai,31.4,67.6,16.9,1007.1,1615.9,14,0.0,0.0,0.0,4
2024-10-08,Mumbai,22.3,66.1,17.0,1008.3,1360.8,14,12.2,18.6,6.4,4
2024-10-09,Mumbai,31.4,91.1,6.1,1007.4,1940.5,14,1.9,3.5,1.6,4
2024-10-10,Mumbai,30.2,65.5,9.2,1007.9,1546.9,14,18.5,11.4,-7.1,4
2024-10-11,Mumbai,21.3,71.7,9.7,1010.7,1386.4,14,5.7,13.0,7.2,4
2024-10-12,Mumbai,25.7,70.6,21.2,1004.5,1551.1,14,44.2,46.9,2.7,4
2024-10-13,Mumbai,35.9,67.5,18.7,1003.5,1765.7,14,10.2,15.4,5.2,4
2024-10-14,Mumbai,32.8,60.9,5.9,1013.8,1473.7,14,3.6,7.8,4.2,4
2024-10-15,Mumbai,36.3,82.7,9.2,1001.0,2016.5,14,0.0,0.0,0.0,4
2024-10-16,Mumbai,32.5,78.3,16.8,1014.5,1700.4,14,27.8,24.6,-3.2,4
2024-10-17,Mumbai,33.7,72.1,10.7,1012.1,1672.3,14,17.6,21.1,3.5,4
2024-10-18,Mumbai,29.7,52.8,10.6,1001.8,1430.2,14,12.2,6.1,-6.1,4
2024-10-19,Mumbai,30.2,76.1,16.0,1007.8,1695.8,14,0.0,0.0,0.0,4
2024-10-20,Mumbai,26.9,73.7,16.6,1016.6,1478.7,14,3.7,1.3,-2.4,4
2024-10-21,Mumbai,30.1,67.7,13.6,1000.4,1666.1,14,0.0,0.0,0.0,4
2024-10-22,Mumbai,30.5,69.8,5.5,1009.7,1594.0,14,47.7,42.5,-5.2,4
2024-10-23,Mumbai,35.1,74.6,8.9,1010.2,1764.7,14,3.6,0.0,-3.6,4
2024-10-24,Mumbai,28.9,70.6,14.1,1007.8,1588.6,14,2.7,3.8,1.2,4
2024-10-25,Mumbai,29.3,78.2,2.0,1009.7,1681.4,14,38.7,40.8,2.0,4
2024-10-26,Mumbai,34.2,58.7,11.5,1007.0,1558.6,14,0.0,0.0,0.0,4
2024-10-27,Mumbai,29.9,73.0,10.7,1015.2,1556.5,14,1.2,7.4,6.2,4
2024-10-28,Mumbai,33.2,84.7,12.7,1009.2,1871.9,14,5.2,6.6,1.4,4
2024-10-29,Mumbai,29.6,65.1,14.2,1010.3,1497.5,14,0.0,2.4,2.4,4
2024-10-30,Mumbai,31.7,89.0,14.7,1009.8,1888.5,14,1.4,0.0,-1.4,4
2024-10-31,Mumbai,32.0,67.7,10.8,1002.1,1691.2,14,0.8,0.0,-0.8,4
2024-11-01,Mumbai,30.5,71.4,12.8,1010.3,1607.9,14,0.0,0.0,0.0,4
2024-11-02,Mumbai,30.1,77.4,8.2,1005.9,1736.4,14,0.0,0.0,0.0,4
2024-11-03,Mumbai,34.6,55.7,12.1,1015.8,1420.5,14,4.4,0.0,-4.4,4
2024-11-04,Mumbai,34.3,81.9,9.4,1001.3,1952.4,14,5.6,7.2,1.6,4
2024-11-05,Mumbai,30.7,60.4,3.2,999.3,1589.9,14,0.0,0.0,0.0,4
2024-11-06,Mumbai,31.9,86.8,13.2,1007.1,1895.3,14,0.0,0.0,0.0,4
2024-11-07,Mumbai,30.2,75.6,11.3,1004.9,1723.4,14,0.0,0.0,0.0,4
2024-11-08,Mumbai,30.2,84.9,12.4,1005.6,1846.6,14,0.1,0.0,-0.1,4
2024-11-09,Mumbai,29.3,63.9,11.3,998.0,1623.3,14,0.0,0.0,0.0,4
2024-11-10,Mumbai,39.3,58.3,16.9,1004.2,1709.1,14,0.0,0.0,0.0,4
2024-11-11,Mumbai,36.4,75.6,18.5,1010.3,1808.2,14,89.0,89.7,0.7,4
2024-11-12,Mumbai,31.7,64.0,24.4,1007.5,1565.7,14,21.4,19.0,-2.4,4
2024-11-13,Mumbai,35.6,61.7,4.5,1007.2,1632.7,14,39.6,36.2,-3.4,4
2024-11-14,Mumbai,19.7,76.4,15.3,1005.9,1472.3,14,0.0,0.0,0.0,4
2024-11-15,Mumbai,32.3,67.9,5.4,1011.2,1590.8,14,6.8,0.0,-6.8,4
2024-11-16,Mumbai,34.2,79.5,2.0,1011.1,1800.5,14,0.0,0.0,0.0,4
2024-11-17,Mumbai,39.0,72.5,11.0,1007.6,1859.1,14,252.5,262.2,9.8,4
2024-11-18,Mumbai,28.8,83.5,7.4,1003.9,1813.4,14,5.4,10.2,4.9,4
2024-11-19,Mumbai,35.2,69.4,9.7,1011.2,1683.5,14,1.6,4.5,2.9,4
2024-11-20,Mumbai,33.4,54.5,5.8,1007.7,1471.8,14,0.0,0.0,0.0,4
2024-11-21,Mumbai,34.1,82.7,7.0,1014.0,1808.9,14,0.0,0.0,0.0,4
2024-11-22,Mumbai,37.0,75.8,6.7,1008.0,1853.6,14,3.5,6.2,2.7,4
2024-11-23,Mumbai,27.8,76.4,8.1,1001.4,1718.5,14,36.7,43.5,6.8,4
2024-11-24,Mumbai,32.0,68.4,19.6,1004.3,1675.1,14,0.0,4.1,4.1,4
2024-11-25,Mumbai,32.4,67.2,10.6,1004.8,1660.8,14,119.1,120.4,1.3,4
2024-11-26,Mumbai,30.1,79.0,7.9,1012.8,1675.1,14,0.4,0.0,-0.4,4
2024-11-27,Mumbai,30.9,62.5,10.7,1011.7,1476.0,14,99.8,97.1,-2.7,4
2024-11-28,Mumbai,29.3,80.2,2.0,1017.3,1618.8,14,0.0,0.0,0.0,4
2024-11-29,Mumbai,39.4,89.0,5.4,1012.4,2043.0,14,36.4,32.6,-3.7,4
2024-11-30,Mumbai,36.4,67.9,8.6,1013.1,1666.7,14,14.1,14.2,0.1,4
2024-12-01,Mumbai,34.1,75.4,16.1,1003.0,1838.5,14,6.2,0.0,-6.2,4
2024-12-02,Mumbai,29.4,50.6,5.4,1009.2,1303.1,14,0.0,0.0,0.0,4
2024-12-03,Mumbai,27.3,71.1,9.6,1001.8,1629.8,14,0.0,0.0,0.0,4
2024-12-04,Mumbai,34.1,69.3,27.1,1012.8,1635.6,14,20.2,12.8,-7.4,4
2024-12-05,Mumbai,34.4,64.2,12.5,1004.4,1670.7,14,1.2,1.1,-0.1,4
2024-12-06,Mumbai,30.9,74.0,2.2,1019.7,1541.5,14,30.5,31.8,1.3,4
2024-12-07,Mumbai,27.9,75.8,13.7,1014.5,1557.8,14,0.0,0.0,0.0,4
2024-12-08,Mumbai,36.0,79.4,10.1,1000.2,1973.3,14,7.7,0.0,-7.7,4
2024-12-09,Mumbai,34.2,51.5,2.6,1002.9,1506.6,14,0.0,0.0,0.0,4
2024-12-10,Mumbai,29.5,49.4,10.1,1009.9,1281.1,14,0.0,1.0,1.0,4
2024-12-11,Mumbai,24.1,75.0,7.3,1001.4,1611.5,14,0.0,0.0,0.0,4
2024-12-12,Mumbai,34.0,79.2,10.1,1002.4,1895.1,14,2.5,0.0,-2.5,4
2024-12-13,Mumbai,32.7,92.8,15.5,1008.6,1981.7,14,2.1,0.0,-2.1,4
2024-12-14,Mumbai,32.3,82.4,14.2,1003.2,1890.6,14,18.3,15.8,-2.5,4
2024-12-15,Mumbai,32.1,87.8,6.1,1000.9,1989.5,14,3.3,0.0,-3.3,4
2024-12-16,Mumbai,35.4,78.6,5.9,1007.6,1859.6,14,7.3,1.9,-5.5,4
2024-12-17,Mumbai,30.3,74.9,12.8,1017.4,1567.4,14,0.0,4.0,4.0,4
2024-12-18,Mumbai,30.8,96.4,9.4,1008.7,1984.1,14,2.3,0.0,-2.3,4
2024-12-19,Mumbai,39.1,65.2,7.4,1005.2,1789.1,14,0.0,0.0,0.0,4
2024-12-20,Mumbai,24.2,76.8,14.5,1011.4,1520.3,14,0.0,0.0,0.0,4
2024-12-21,Mumbai,32.6,73.4,16.6,1016.1,1616.4,14,9.4,0.0,-9.4,4
2024-12-22,Mumbai,31.9,81.8,16.0,1008.9,1804.9,14,0.0,4.5,4.5,4
2024-12-23,Mumbai,36.4,78.9,11.8,1010.3,1854.3,14,0.0,0.0,0.0,4
2024-12-24,Mumbai,32.4,98.0,10.1,1000.0,2149.3,14,0.0,0.0,0.0,4
2024-12-25,Mumbai,31.0,74.2,9.6,1015.5,1596.4,14,8.4,13.5,5.1,4
2024-12-26,Mumbai,31.6,69.0,2.0,1008.7,1621.6,14,0.0,0.0,0.0,4
2024-12-27,Mumbai,28.6,56.5,2.0,998.9,1491.9,14,8.6,17.1,8.5,4
2024-12-28,Mumbai,29.0,72.8,21.7,1015.8,1525.4,14,49.1,54.6,5.6,4
2024-12-29,Mumbai,32.3,72.0,9.6,1013.6,1619.7,14,3.5,0.0,-3.5,4
2024-12-30,Mumbai,29.1,89.8,7.7,1003.2,1916.9,14,0.0,0.0,0.0,4
2024-12-31,Mumbai,28.8,70.3,11.6,1011.8,1533.2,14,106.3,108.1,1.8,4
2025-01-01,Mumbai,32.9,74.6,8.1,1003.4,1792.3,14,104.2,108.2,4.1,4
2025-01-02,Mumbai,35.5,71.3,7.8,1006.7,1767.8,14,0.0,0.0,0.0,4
2025-01-03,Mumbai,34.9,69.6,9.2,1003.9,1765.3,14,1.7,0.0,-1.7,4
2025-01-04,Mumbai,26.1,62.5,10.8,1001.3,1487.5,14,0.0,0.0,0.0,4
2025-01-05,Mumbai,28.7,69.5,17.3,1011.4,1524.4,14,1.6,0.0,-1.6,4
2025-01-06,Mumbai,36.5,69.8,5.2,1005.2,1790.3,14,30.6,33.9,3.3,4
2025-01-07,Mumbai,31.2,89.1,2.0,1009.2,1886.1,14,49.3,44.3,-5.1,4
2025-01-08,Mumbai,27.4,72.0,18.7,1017.6,1455.7,14,8.1,7.7,-0.3,4
2025-01-09,Mumbai,40.2,87.3,7.5,1022.3,1917.9,14,0.6,7.0,6.4,4
2025-01-10,Mumbai,28.2,97.2,6.8,1004.9,1979.8,14,0.0,6.2,6.2,4
2025-01-11,Mumbai,31.1,87.4,2.0,1009.4,1857.4,14,1.5,0.0,-1.5,4
2025-01-12,Mumbai,24.4,94.5,11.1,1002.5,1878.8,14,40.6,34.9,-5.7,4
2025-01-13,Mumbai,32.4,86.8,17.4,1001.6,1975.6,14,8.4,8.3,-0.1,4
2025-01-14,Mumbai,25.9,57.5,17.6,1012.6,1274.9,14,0.0,0.0,0.0,4
2025-01-15,Mumbai,30.9,80.3,4.6,1003.9,1818.7,14,29.4,33.5,4.1,4
2025-01-16,Mumbai,34.3,54.1,9.2,1017.1,1375.8,14,0.0,0.0,0.0,4
2025-01-17,Mumbai,31.6,80.7,14.3,1013.4,1728.1,14,1.3,0.0,-1.3,4
2025-01-18,Mumbai,33.7,54.6,21.6,1006.6,1492.8,14,2.5,0.0,-2.5,4
2025-01-19,Mumbai,23.4,73.8,21.9,1008.2,1496.2,14,3.1,0.0,-3.1,4
2025-01-20,Mumbai,40.7,75.6,17.7,1006.5,1956.9,14,3.2,1.2,-2.0,4
2025-01-21,Mumbai,29.4,97.0,8.3,1002.7,2030.9,14,0.0,0.0,0.0,4
2025-01-22,Mumbai,31.3,98.0,16.7,1000.3,2119.7,14,2.7,0.6,-2.1,4
2025-01-23,Mumbai,26.2,93.4,5.6,1010.9,1805.5,14,0.0,0.0,0.0,4
2025-01-24,Mumbai,31.2,76.4,6.7,1015.4,1633.2,14,17.1,17.9,0.7,4
2025-01-25,Mumbai,27.9,78.1,11.2,1018.2,1546.3,14,0.0,3.7,3.7,4
2025-01-26,Mumbai,30.6,83.1,12.6,1010.4,1773.6,14,0.0,0.0,0.0,4
2025-01-27,Mumbai,32.7,88.6,16.8,1008.8,1918.6,14,0.0,0.0,0.0,4
2025-01-28,Mumbai,31.5,71.7,5.4,1010.8,1629.0,14,0.0,1.1,1.1,4
2025-01-29,Mumbai,27.2,69.5,9.2,1000.5,1621.1,14,0.0,0.0,0.0,4
2025-01-30,Mumbai,30.9,82.0,14.9,1005.8,1820.5,14,25.9,35.1,9.2,4
2025-01-31,Mumbai,32.5,69.9,9.9,1007.9,1663.6,14,32.4,28.2,-4.2,4
2025-02-01,Mumbai,31.9,44.2,9.4,1004.6,1328.6,14,0.0,0.0,0.0,4
2025-02-02,Mumbai,30.5,45.4,12.5,1006.0,1296.1,14,0.0,0.0,0.0,4
2025-02-03,Mumbai,31.1,87.2,7.6,1015.4,1782.5,14,45.2,48.3,3.0,4
2025-02-04,Mumbai,33.4,74.9,9.2,1017.7,1638.2,14,11.5,0.0,-11.5,4
2025-02-05,Mumbai,29.8,68.8,20.4,1005.0,1618.8,14,0.0,0.0,0.0,4
2025-02-06,Mumbai,24.1,64.7,22.5,1010.3,1361.2,14,0.0,0.0,0.0,4
2025-02-07,Mumbai,31.0,89.6,2.0,995.8,2047.9,14,0.0,0.0,0.0,4
2025-02-08,Mumbai,30.4,71.8,8.0,1012.4,1586.8,14,32.8,41.5,8.7,4
2025-02-09,Mumbai,34.3,75.1,8.5,1007.1,1790.3,14,0.5,3.1,2.6,4
2025-02-10,Mumbai,37.3,72.0,15.0,1004.7,1846.1,14,0.0,0.0,0.0,4
2025-02-11,Mumbai,28.4,79.4,14.3,1006.9,1710.4,14,23.9,26.2,2.3,4
2025-02-12,Mumbai,31.7,59.7,10.7,1006.0,1525.1,14,0.0,4.9,4.9,4
2025-02-13,Mumbai,33.5,62.1,12.9,1008.0,1578.9,14,130.9,135.5,4.5,4
2025-02-14,Mumbai,30.5,87.3,6.8,1007.1,1869.2,14,38.0,46.4,8.4,4
2025-02-15,Mumbai,28.2,64.9,16.4,1000.9,1573.6,14,0.0,4.2,4.2,4
2025-02-16,Mumbai,26.7,88.2,4.7,1011.6,1737.1,14,10.8,13.4,2.6,4
2025-02-17,Mumbai,37.8,64.2,9.3,1014.1,1637.7,14,8.5,4.4,-4.1,4
2025-02-18,Mumbai,27.4,80.3,13.0,1000.4,1776.9,14,0.0,0.0,0.0,4
2025-02-19,Mumbai,31.4,76.7,5.2,1003.5,1786.1,14,26.2,27.7,1.4,4
2025-02-20,Mumbai,32.8,98.0,15.1,1011.2,2025.3,14,0.0,0.0,0.0,4
2025-02-21,Mumbai,35.3,74.2,3.6,1006.0,1815.3,14,0.0,0.0,0.0,4
2025-02-22,Mumbai,31.8,63.1,7.7,1005.9,1577.3,14,0.0,0.0,0.0,4
2025-02-23,Mumbai,36.5,78.1,10.4,1001.5,1950.1,14,0.0,0.0,0.0,4
2025-02-24,Mumbai,29.3,59.6,2.0,1007.7,1445.2,14,72.1,68.7,-3.4,4
2025-02-25,Mumbai,26.3,76.6,22.2,1014.5,1529.3,14,20.8,22.3,1.5,4
2025-02-26,Mumbai,30.5,57.9,2.0,1008.9,1435.2,14,9.9,0.0,-9.9,4
2025-02-27,Mumbai,26.3,75.5,11.5,1009.5,1574.1,14,0.0,0.0,0.0,4
2025-02-28,Mumbai,36.0,63.8,21.0,1016.1,1563.4,14,0.0,0.0,0.0,4
2025-03-01,Mumbai,31.8,71.0,8.2,1017.9,1543.0,14,0.0,0.0,0.0,4
2025-03-02,Mumbai,32.3,68.7,12.4,1002.9,1702.8,14,0.0,0.0,0.0,4
2025-03-03,Mumbai,29.8,77.8,6.5,1002.0,1781.0,14,5.2,10.7,5.5,4
2025-03-04,Mumbai,29.1,69.9,2.0,1012.8,1523.6,14,29.2,34.2,4.9,4
2025-03-05,Mumbai,25.7,76.7,8.3,1003.2,1652.9,14,17.8,23.3,5.5,4
2025-03-06,Mumbai,33.2,73.6,10.7,1003.5,1785.5,14,0.1,12.2,12.1,4
2025-03-07,Mumbai,28.1,50.1,8.8,1012.5,1226.0,14,13.2,26.5,13.4,4
2025-03-08,Mumbai,28.0,64.1,4.1,1004.7,1514.6,14,18.4,23.1,4.7,4
2025-03-09,Mumbai,30.1,61.2,11.3,1009.0,1471.2,14,4.3,0.0,-4.3,4
2025-03-10,Mumbai,30.9,88.3,16.6,1009.7,1862.2,14,0.0,0.0,0.0,4
2025-03-11,Mumbai,27.1,75.3,14.3,1014.9,1527.6,14,0.0,0.0,0.0,4
2025-03-12,Mumbai,28.2,72.8,17.7,1005.3,1632.7,14,134.3,135.5,1.2,4
2025-03-13,Mumbai,26.9,67.2,15.7,1006.8,1505.6,14,2.8,0.0,-2.8,4
2025-03-14,Mumbai,30.9,78.6,14.9,1004.1,1791.6,14,1.8,0.0,-1.8,4
2025-03-15,Mumbai,26.4,61.5,8.3,998.5,1513.4,14,5.6,0.0,-5.6,4
2025-03-16,Mumbai,30.2,81.6,15.9,1015.9,1674.3,14,27.9,29.6,1.7,4
2025-03-17,Mumbai,30.3,98.0,13.6,1009.7,1982.2,14,35.2,32.5,-2.7,4
2025-03-18,Mumbai,34.9,81.6,11.2,1007.2,1893.3,14,0.0,0.0,0.0,4
2025-03-19,Mumbai,27.0,86.4,20.2,1004.3,1805.7,14,0.0,0.0,0.0,4
2025-03-20,Mumbai,31.0,65.9,6.4,999.4,1673.1,14,35.9,37.3,1.4,4
2025-03-21,Mumbai,34.1,83.3,7.5,1009.1,1875.9,14,75.7,85.5,9.8,4
2025-03-22,Mumbai,25.7,72.1,13.7,1008.1,1529.0,14,0.0,0.0,0.0,4
2025-03-23,Mumbai,34.2,79.1,3.8,1012.2,1782.2,14,42.9,43.8,0.8,4
2025-03-24,Mumbai,29.8,86.6,4.8,1008.3,1828.8,14,24.9,32.5,7.6,4
2025-03-25,Mumbai,31.3,73.7,4.7,1007.2,1696.4,14,0.0,0.0,0.0,4
2025-03-26,Mumbai,33.5,68.8,16.5,1009.8,1649.3,14,0.0,0.0,0.0,4
2025-03-27,Mumbai,30.0,71.0,17.0,1010.9,1585.2,14,0.0,0.0,0.0,4
2025-03-28,Mumbai,21.3,57.6,10.1,1002.7,1285.3,14,3.3,11.4,8.1,4
2025-03-29,Mumbai,28.6,83.5,19.3,1011.1,1721.8,14,31.3,35.8,4.5,4
2025-03-30,Mumbai,26.8,71.7,8.7,1013.8,1481.2,14,0.0,0.0,0.0,4
2025-03-31,Mumbai,28.1,72.2,18.5,1013.9,1519.3,14,0.0,0.0,0.0,4
2025-04-01,Mumbai,26.5,89.8,4.8,1011.1,1761.7,14,8.2,2.0,-6.2,4
2025-04-02,Mumbai,31.2,57.6,23.6,1002.6,1522.0,14,1.1,0.0,-1.1,4
2025-04-03,Mumbai,28.6,82.2,11.5,1015.7,1649.8,14,3.1,0.0,-3.1,4
2025-04-04,Mumbai,32.4,84.5,15.3,1011.2,1826.1,14,6.6,0.0,-6.6,4
2025-04-05,Mumbai,30.4,65.1,10.4,1016.1,1446.7,14,0.3,0.0,-0.3,4
2025-04-06,Mumbai,23.5,85.6,2.6,1010.2,1638.8,14,2.5,0.0,-2.5,4
2025-04-07,Mumbai,33.2,80.2,15.8,1002.8,1885.0,14,0.0,0.0,0.0,4
2025-04-08,Mumbai,28.9,72.9,5.5,1007.0,1630.8,14,8.6,13.3,4.7,4
2025-04-09,Mumbai,33.9,51.7,2.0,1012.2,1390.5,14,0.0,1.4,1.4,4
2025-04-10,Mumbai,33.2,56.9,23.0,1004.2,1541.9,14,15.3,19.5,4.2,4
2025-04-11,Mumbai,31.4,79.0,11.5,1002.0,1836.2,14,0.0,0.0,0.0,4
2025-04-12,Mumbai,36.9,77.8,11.5,1011.6,1836.1,14,22.6,21.1,-1.4,4
2025-04-13,Mumbai,33.1,67.6,14.2,1011.4,1603.7,14,0.0,0.0,0.0,4
2025-04-14,Mumbai,26.9,98.0,10.7,1001.3,2000.8,14,12.2,11.5,-0.8,4
2025-04-15,Mumbai,34.8,82.9,15.3,1014.2,1824.1,14,8.8,7.7,-1.1,4
2025-04-16,Mumbai,30.5,79.4,2.0,1004.9,1783.9,14,0.0,0.0,0.0,4
2025-04-17,Mumbai,26.5,70.0,16.5,1013.8,1450.1,14,0.0,0.0,0.0,4
2025-04-18,Mumbai,28.9,73.2,17.1,1008.2,1619.5,14,0.0,0.0,0.0,4
2025-04-19,Mumbai,27.9,94.7,22.5,1002.3,1969.1,14,10.3,9.1,-1.3,4
2025-04-20,Mumbai,22.9,82.8,8.6,1009.4,1597.5,14,6.6,6.9,0.3,4
2025-04-21,Mumbai,35.5,73.7,5.8,1007.3,1796.4,14,0.4,0.0,-0.4,4
2025-04-22,Mumbai,34.9,76.1,15.9,1017.3,1696.0,14,65.2,59.1,-6.2,4
2025-04-23,Mumbai,27.7,72.8,22.1,1014.7,1507.3,14,74.7,67.7,-7.0,4
2025-04-24,Mumbai,28.3,85.3,11.9,1007.9,1778.8,14,4.8,0.0,-4.8,4
2025-04-25,Mumbai,29.9,72.9,10.0,1002.4,1709.6,14,1.6,0.0,-1.6,4
2025-04-26,Mumbai,28.3,63.9,18.1,1003.5,1533.0,14,0.0,4.6,4.6,4
2025-04-27,Mumbai,32.6,63.2,10.0,1005.5,1602.9,14,35.7,40.6,4.9,4
2025-04-28,Mumbai,30.5,65.0,12.7,1009.7,1527.1,14,116.1,128.3,12.3,4
2025-04-29,Mumbai,32.5,62.6,2.0,1006.4,1579.2,14,34.0,27.6,-6.4,4
2025-04-30,Mumbai,33.3,47.8,14.8,1010.0,1348.9,14,27.9,22.3,-5.6,4
2025-05-01,Mumbai,30.8,75.7,20.9,1002.4,1770.0,14,2.6,0.0,-2.5,4
2025-05-02,Mumbai,28.1,74.4,12.2,1005.2,1652.9,14,0.0,0.0,0.0,4
2025-05-03,Mumbai,29.1,66.0,11.3,1000.1,1622.3,14,6.8,0.0,-6.8,4
2025-05-04,Mumbai,33.6,67.3,11.3,1006.1,1675.4,14,0.0,0.0,0.0,4
2025-05-05,Mumbai,32.0,98.0,16.7,1004.2,2089.5,14,0.0,0.0,0.0,4
2025-05-06,Mumbai,27.1,81.2,5.9,1008.4,1688.0,14,3.2,0.0,-3.2,4
2025-05-07,Mumbai,28.9,61.9,4.0,1003.4,1520.6,14,9.2,10.0,0.8,4
2025-05-08,Mumbai,34.4,77.5,22.9,1005.5,1845.7,14,32.1,37.1,5.1,4
2025-05-09,Mumbai,30.4,68.1,2.0,1006.8,1602.2,14,0.0,0.0,0.0,4
2025-05-10,Mumbai,29.4,68.7,8.6,1015.3,1481.9,14,0.0,0.0,0.0,4
2025-05-11,Mumbai,27.5,78.6,4.4,1007.8,1668.4,14,0.3,6.6,6.3,4
2025-05-12,Mumbai,35.3,88.9,13.6,999.2,2102.6,14,75.7,78.7,3.0,4
2025-05-13,Mumbai,36.8,89.6,12.2,1011.7,1996.9,14,8.7,4.3,-4.3,4
2025-05-14,Mumbai,31.7,58.8,10.9,1004.6,1528.3,14,0.3,0.0,-0.3,4
2025-05-15,Mumbai,31.9,70.2,9.5,1001.0,1737.6,14,0.0,0.0,0.0,4
2025-05-16,Mumbai,32.0,61.2,10.4,1009.2,1514.4,14,59.0,57.6,-1.4,4
2025-05-17,Mumbai,27.5,59.9,13.2,1006.5,1421.1,14,0.0,0.0,0.0,4
2025-05-18,Mumbai,30.9,94.8,14.5,1009.8,1950.6,14,0.0,0.0,0.0,4
2025-05-19,Mumbai,28.4,68.4,10.9,1006.9,1557.6,14,50.7,55.1,4.3,4
2025-05-20,Mumbai,35.6,71.5,18.3,1002.7,1824.0,14,0.0,0.0,0.0,4
2025-05-21,Mumbai,27.7,67.6,4.9,1007.7,1519.0,14,0.0,0.0,0.0,4
2025-05-22,Mumbai,31.4,81.2,14.9,1001.6,1870.7,14,0.0,0.0,0.0,4
2025-05-23,Mumbai,33.2,68.3,9.5,1017.3,1544.2,14,0.0,0.0,0.0,4
2025-05-24,Mumbai,27.7,40.4,15.2,1012.6,1080.8,14,62.8,57.8,-5.0,4
2025-05-25,Mumbai,30.9,68.0,12.8,997.7,1722.7,14,3.2,5.6,2.3,4
2025-05-26,Mumbai,36.3,81.1,6.2,1011.6,1866.1,14,1.9,13.4,11.5,4
2025-05-27,Mumbai,33.9,72.0,2.0,1010.8,1692.0,14,26.7,24.2,-2.5,4
2025-05-28,Mumbai,27.3,65.7,11.0,1010.7,1447.4,14,36.0,33.4,-2.6,4
2025-05-29,Mumbai,34.2,70.3,2.0,1016.0,1613.7,14,3.4,7.0,3.6,4
2025-05-30,Mumbai,35.0,73.4,12.4,1008.9,1759.4,14,8.6,13.7,5.1,4
2025-05-31,Mumbai,30.8,80.9,21.1,1008.0,1775.1,14,0.0,0.0,0.0,4
2025-06-01,Mumbai,28.4,76.0,10.9,1011.4,1608.6,14,0.0,0.0,0.0,4
2025-06-02,Mumbai,33.2,80.9,2.0,1006.1,1855.2,14,0.0,0.0,0.0,4
2025-06-03,Mumbai,35.5,81.3,8.4,1010.7,1862.8,14,1.7,6.8,5.1,4
2025-06-04,Mumbai,32.2,72.8,12.3,1003.5,1751.6,14,17.6,23.3,5.7,4
2025-06-05,Mumbai,30.2,84.1,4.2,999.3,1912.4,14,0.0,0.0,0.0,4
2025-06-06,Mumbai,31.3,80.8,20.0,1010.5,1756.2,14,1.0,0.0,-1.0,4
2025-06-07,Mumbai,32.8,66.4,14.6,1010.5,1590.2,14,0.0,0.0,0.0,4
2025-06-08,Mumbai,27.6,69.3,2.5,1007.2,1545.6,14,16.9,22.0,5.2,4
2025-06-09,Mumbai,27.8,52.2,9.7,1007.2,1311.6,14,33.2,35.0,1.8,4
2025-06-10,Mumbai,31.9,78.0,13.9,1005.8,1787.6,14,13.6,15.8,2.3,4
2025-06-11,Mumbai,31.1,74.5,7.5,1008.9,1682.7,14,3.4,0.0,-3.4,4
2025-06-12,Mumbai,31.4,78.4,10.2,1009.3,1739.9,14,70.6,66.9,-3.7,4
2025-06-13,Mumbai,31.6,96.2,13.4,1008.7,2001.7,14,0.0,0.0,0.0,4
2025-06-14,Mumbai,33.9,66.8,4.0,1002.6,1716.2,14,49.2,51.6,2.5,4
2025-06-15,Mumbai,34.3,61.0,5.5,1006.5,1597.7,14,26.4,32.8,6.4,4
2025-06-16,Mumbai,28.6,64.4,20.2,1001.7,1569.3,14,17.6,19.8,2.2,4
2025-06-17,Mumbai,27.2,80.4,12.6,1010.4,1653.9,14,51.0,56.9,5.9,4
2025-06-18,Mumbai,33.4,90.2,7.3,1006.7,1983.4,14,68.0,64.7,-3.3,4
2025-06-19,Mumbai,32.2,68.1,24.7,1013.0,1569.8,14,12.0,20.8,8.8,4
2025-06-20,Mumbai,29.8,63.9,6.5,1018.7,1386.2,14,0.0,0.0,0.0,4
2025-06-21,Mumbai,37.9,63.3,12.3,1008.8,1690.3,14,0.0,0.0,0.0,4
2025-06-22,Mumbai,27.1,87.9,2.0,1008.4,1779.1,14,122.6,127.8,5.2,4
2025-06-23,Mumbai,26.2,79.3,9.2,1016.6,1538.9,14,62.5,58.4,-4.1,4
2025-06-24,Mumbai,35.5,89.8,10.5,1007.8,2016.5,14,41.8,44.2,2.4,4
2025-06-25,Mumbai,28.1,78.4,5.3,1011.2,1636.5,14,0.0,0.0,0.0,4
2025-06-26,Mumbai,32.2,69.0,2.7,1010.2,1616.5,14,8.8,3.9,-4.9,4
2025-06-27,Mumbai,29.5,79.8,23.3,1007.0,1741.8,14,0.0,0.0,0.0,4
2025-06-28,Mumbai,37.0,57.8,4.4,1012.8,1543.9,14,0.0,0.0,0.0,4
2025-06-29,Mumbai,29.2,66.6,10.9,1007.2,1546.2,14,35.0,42.5,7.5,4
2025-06-30,Mumbai,29.2,83.6,14.6,999.6,1876.6,14,0.4,0.0,-0.4,4
2025-07-01,Mumbai,31.0,80.5,6.2,1003.8,1826.5,14,16.0,14.4,-1.6,4
2025-07-02,Mumbai,39.2,67.6,9.0,1006.2,1813.6,14,26.3,25.1,-1.2,4
2025-07-03,Mumbai,32.6,73.0,13.8,1010.3,1681.4,14,1.9,0.0,-1.9,4
2025-07-04,Mumbai,34.6,71.6,17.5,995.6,1884.5,14,3.4,0.0,-3.4,4
2025-07-05,Mumbai,34.9,72.2,10.0,1003.9,1802.7,14,0.0,0.0,0.0,4
2025-07-06,Mumbai,31.9,82.9,22.2,1020.0,1686.4,14,55.9,52.8,-3.1,4
2025-07-07,Mumbai,37.7,76.6,10.3,1009.9,1857.3,14,12.4,12.2,-0.2,4
2025-07-08,Mumbai,35.7,80.7,12.0,1008.1,1889.5,14,77.2,81.1,3.9,4
2025-07-09,Mumbai,31.5,73.3,12.2,1015.8,1592.4,14,15.8,21.1,5.4,4
2025-07-10,Mumbai,33.3,85.4,7.5,1005.6,1927.1,14,0.1,6.7,6.6,4
2025-07-11,Mumbai,26.5,78.7,20.2,1006.8,1656.8,14,0.0,0.0,0.0,4
2025-07-12,Mumbai,34.8,79.4,10.4,1008.1,1847.8,14,39.5,42.0,2.5,4
2025-07-13,Mumbai,30.8,66.9,12.1,1006.6,1598.2,14,0.0,0.0,0.0,4
2025-07-14,Mumbai,27.9,70.9,12.4,1007.2,1576.6,14,0.0,3.5,3.5,4
2025-07-15,Mumbai,27.0,71.0,2.0,1007.2,1555.2,14,67.6,71.4,3.8,4
2025-07-16,Mumbai,32.9,74.8,7.9,1002.4,1808.0,14,0.0,0.0,0.0,4
2025-07-17,Mumbai,30.6,86.7,2.0,1005.3,1882.7,14,0.0,0.0,0.0,4
2025-07-18,Mumbai,32.8,98.0,6.1,1008.2,2059.6,14,4.4,4.1,-0.4,4
2025-07-19,Mumbai,30.6,75.9,9.1,999.1,1807.0,14,0.0,0.0,0.0,4
2025-07-20,Mumbai,31.3,84.4,18.9,1012.2,1785.6,14,17.2,15.4,-1.7,4
2025-07-21,Mumbai,27.5,83.2,20.4,1017.0,1621.6,14,26.5,34.5,8.0,4
2025-07-22,Mumbai,30.0,64.4,13.6,999.5,1627.8,14,0.0,0.0,0.0,4
2025-07-23,Mumbai,31.9,84.5,7.7,1008.7,1844.5,14,23.1,24.0,0.9,4
2025-07-24,Mumbai,34.2,82.0,14.5,1000.9,1959.2,14,0.7,0.0,-0.7,4
2025-07-25,Mumbai,28.9,90.1,14.3,1007.0,1870.2,14,0.0,0.0,0.0,4
2025-07-26,Mumbai,34.7,82.4,6.9,1002.8,1950.9,14,11.5,14.7,3.2,4
2025-07-27,Mumbai,37.6,71.7,13.7,1012.5,1756.6,14,76.1,87.3,11.2,4
2025-07-28,Mumbai,31.1,61.4,9.7,1008.3,1507.6,14,0.0,0.0,0.0,4
2025-07-29,Mumbai,36.2,78.0,17.2,1011.5,1824.4,14,28.6,34.6,6.0,4
2025-07-30,Mumbai,32.7,96.1,4.1,1009.4,2017.0,14,14.5,9.4,-5.2,4
2025-07-31,Mumbai,31.8,79.8,19.3,1005.9,1810.0,14,0.0,0.0,0.0,4
2025-08-01,Mumbai,27.3,53.3,11.4,1011.2,1266.1,14,69.2,63.9,-5.3,4
2025-08-02,Mumbai,31.4,56.1,3.4,1003.0,1503.4,14,46.8,55.0,8.2,4
2025-08-03,Mumbai,28.0,69.3,3.8,1014.8,1464.5,14,18.5,25.1,6.7,4
2025-08-04,Mumbai,30.4,54.6,6.9,1005.7,1426.5,14,0.1,1.2,1.1,4
2025-08-05,Mumbai,28.0,98.0,3.8,1012.4,1895.3,14,2.3,7.9,5.5,4
2025-08-06,Mumbai,31.5,60.4,10.0,1008.8,1496.6,14,6.9,10.5,3.5,4
2025-08-07,Mumbai,22.3,71.0,6.5,1008.9,1421.6,14,0.9,0.0,-0.9,4
2025-08-08,Mumbai,31.9,74.4,5.3,1002.1,1782.1,14,0.0,0.0,0.0,4
2025-08-09,Mumbai,32.3,56.7,11.7,1012.9,1415.9,14,57.2,60.0,2.7,4
2025-08-10,Mumbai,26.2,57.4,19.0,1012.4,1282.8,14,0.0,0.0,0.0,4
2025-08-11,Mumbai,28.6,71.4,8.0,1013.6,1521.6,14,6.4,10.6,4.2,4
2025-08-12,Mumbai,31.7,73.3,19.5,1006.9,1703.1,14,0.6,0.0,-0.6,4
2025-08-13,Mumbai,31.3,80.4,19.3,1011.0,1743.7,14,16.1,22.8,6.7,4
2025-08-14,Mumbai,32.6,88.8,2.0,1005.6,1958.8,14,6.3,0.0,-6.3,4
2025-08-15,Mumbai,30.8,93.4,8.8,1008.3,1948.1,14,9.3,5.7,-3.7,4
2025-08-16,Mumbai,24.8,55.9,10.3,1006.8,1295.2,14,15.1,23.8,8.7,4
2025-08-17,Mumbai,35.0,98.0,14.7,1010.3,2088.5,14,1.0,0.0,-1.0,4
2025-08-18,Mumbai,31.9,73.5,6.7,1009.4,1682.7,14,0.0,4.3,4.3,4
2025-08-19,Mumbai,23.2,61.4,9.3,1009.8,1299.1,14,54.7,60.6,5.8,4
2025-08-20,Mumbai,30.4,78.9,14.1,1005.5,1769.1,14,19.5,20.7,1.2,4
2025-08-21,Mumbai,35.2,60.5,5.2,1005.3,1627.8,14,64.7,73.9,9.2,4
2025-08-22,Mumbai,35.5,74.1,10.6,1010.6,1762.7,14,0.0,0.0,0.0,4
2025-08-23,Mumbai,27.9,66.0,9.0,1007.1,1507.9,14,56.8,66.2,9.5,4
2025-08-24,Mumbai,33.3,60.8,21.1,1013.3,1490.3,14,0.0,2.1,2.1,4
2025-08-25,Mumbai,22.9,63.9,12.1,1016.3,1248.2,14,0.0,0.0,0.0,4
2025-08-26,Mumbai,37.5,79.9,10.2,1007.0,1934.1,14,22.6,24.5,2.0,4
2025-08-27,Mumbai,26.1,71.1,11.9,1002.5,1591.2,14,10.1,9.1,-1.0,4
2025-08-28,Mumbai,35.4,74.1,9.2,995.9,1935.3,14,0.0,0.0,0.0,4
2025-08-29,Mumbai,33.8,87.0,2.4,1000.9,2018.4,14,0.0,0.0,0.0,4
2025-08-30,Mumbai,36.1,71.4,7.6,1007.5,1775.9,14,0.0,0.0,0.0,4
2025-08-31,Mumbai,26.9,80.7,24.3,1009.4,1663.6,14,19.7,29.5,9.7,4
2025-09-01,Mumbai,29.0,73.4,17.7,1003.3,1682.7,14,16.9,12.3,-4.5,4
2025-09-02,Mumbai,31.5,68.4,18.1,1010.8,1584.3,14,0.0,0.0,0.0,4
2025-09-03,Mumbai,28.0,68.3,20.2,1018.4,1408.2,14,0.0,0.0,0.0,4
2025-09-04,Mumbai,29.8,93.9,4.3,1005.3,1966.4,14,0.0,0.0,0.0,4
2025-09-05,Mumbai,36.4,68.1,15.6,1004.3,1776.0,14,0.0,0.0,0.0,4
2025-09-06,Mumbai,31.9,70.2,6.0,1010.3,1625.5,14,0.9,0.0,-0.9,4
2025-09-07,Mumbai,34.4,98.0,17.0,1001.7,2176.7,14,0.0,0.0,0.0,4
2025-09-08,Mumbai,24.0,81.6,8.8,1013.3,1557.7,14,10.4,4.5,-5.9,4
2025-09-09,Mumbai,32.8,78.7,5.4,1009.0,1780.6,14,30.7,44.0,13.3,4
2025-09-10,Mumbai,33.4,98.0,12.9,1010.9,2043.1,14,4.1,2.3,-1.9,4
2025-09-11,Mumbai,34.2,64.3,22.0,1001.3,1705.5,14,0.0,0.0,0.0,4
2025-09-12,Mumbai,27.7,69.1,19.2,1006.6,1552.4,14,0.0,0.0,0.0,4
2025-09-13,Mumbai,29.1,90.9,7.1,1010.1,1849.8,14,0.0,1.2,1.2,4
2025-09-14,Mumbai,33.5,51.4,12.3,1003.9,1476.0,14,0.0,2.4,2.4,4
2025-09-15,Mumbai,36.4,67.0,2.0,1008.4,1712.3,14,6.1,0.0,-6.1,4
2025-09-16,Mumbai,28.5,66.1,4.0,1013.6,1446.0,14,0.0,0.0,0.0,4
2025-09-17,Mumbai,26.4,80.6,22.7,1016.4,1564.4,14,11.1,6.1,-5.0,4
2025-09-18,Mumbai,27.3,81.4,2.0,1007.6,1702.5,14,0.1,0.0,-0.1,4
2025-09-19,Mumbai,31.6,68.7,9.1,1006.5,1640.5,14,15.3,25.8,10.5,4
2025-09-20,Mumbai,32.2,63.9,16.6,1005.6,1599.5,14,18.5,14.8,-3.8,4
2025-09-21,Mumbai,22.4,82.8,9.8,1004.8,1640.2,14,52.0,68.7,16.7,4
2025-09-22,Mumbai,28.5,79.3,2.0,1005.4,1730.4,14,11.1,13.4,2.3,4
2025-09-23,Mumbai,28.6,85.0,2.1,1006.6,1797.1,14,0.0,0.0,0.0,4
2025-09-24,Mumbai,29.2,83.0,11.9,1013.5,1700.9,14,5.7,0.0,-5.7,4
2025-09-25,Mumbai,32.2,65.2,19.1,1007.1,1601.7,14,0.9,0.0,-0.9,4
2025-09-26,Mumbai,30.1,81.5,9.7,1009.1,1754.8,14,0.0,0.0,0.0,4
2025-09-27,Mumbai,32.6,69.6,4.0,1014.2,1587.4,14,0.0,2.5,2.5,4
2025-09-28,Mumbai,34.5,75.3,13.4,1013.2,1725.4,14,0.0,2.8,2.8,4
2025-09-29,Mumbai,30.6,58.0,4.2,1004.5,1490.7,14,15.7,14.0,-1.7,4
2025-09-30,Mumbai,32.8,67.7,11.8,999.1,1747.5,14,0.0,0.0,0.0,4
2025-10-01,Mumbai,32.1,55.6,26.6,1005.3,1486.6,14,9.2,0.0,-9.2,4
2025-10-02,Mumbai,33.2,79.6,12.4,1010.5,1785.0,14,19.8,14.8,-5.1,4
2025-10-03,Mumbai,35.1,76.3,15.7,1012.0,1765.8,14,0.0,0.0,0.0,4
2025-10-04,Mumbai,30.7,82.3,13.8,1006.9,1805.6,14,3.8,0.2,-3.6,4
2025-10-05,Mumbai,31.7,65.9,4.6,1012.2,1537.9,14,8.3,8.2,-0.2,4
2025-10-06,Mumbai,30.5,73.3,11.6,1003.0,1721.2,14,4.2,11.5,7.3,4
2025-10-07,Mumbai,29.8,81.0,12.6,1006.4,1772.4,14,0.0,3.2,3.2,4
2025-10-08,Mumbai,25.2,78.3,8.0,1006.1,1627.7,14,0.0,0.0,0.0,4
2025-10-09,Mumbai,29.4,85.9,8.0,1019.2,1677.3,14,0.0,0.0,0.0,4
2025-10-10,Mumbai,32.6,88.0,11.4,1008.6,1911.5,14,0.0,0.0,0.0,4
2025-10-11,Mumbai,29.9,84.4,10.6,998.4,1918.1,14,0.0,0.5,0.5,4
2025-10-12,Mumbai,35.5,54.0,22.8,1015.0,1428.9,14,0.0,0.0,0.0,4
2025-10-13,Mumbai,30.3,58.8,16.2,1014.1,1382.0,14,47.1,47.4,0.3,4
2025-10-14,Mumbai,36.0,91.0,11.9,1010.1,2017.0,14,0.7,0.0,-0.7,4
2025-10-15,Mumbai,30.4,71.3,10.1,1018.5,1505.6,14,10.1,21.9,11.8,4
2025-10-16,Mumbai,36.0,73.7,11.3,1009.2,1785.3,14,0.0,0.0,0.0,4
2025-10-17,Mumbai,30.8,70.3,14.7,1003.0,1686.5,14,0.0,1.0,1.0,4
2025-10-18,Mumbai,27.2,63.6,24.8,1003.4,1503.1,14,0.0,0.0,0.0,4
2025-10-19,Mumbai,33.0,74.1,10.8,1009.7,1711.9,14,0.4,0.0,-0.4,4
2025-10-20,Mumbai,30.6,90.0,4.2,1009.4,1881.4,14,3.8,0.0,-3.8,4
2025-10-21,Mumbai,33.5,68.9,2.0,1011.5,1631.2,14,14.3,14.1,-0.2,4
2025-10-22,Mumbai,29.7,69.5,26.8,997.2,1719.9,14,0.3,0.0,-0.3,4
2025-10-23,Mumbai,24.7,67.5,13.5,1010.0,1417.2,14,1.3,5.3,4.0,4
2025-10-24,Mumbai,30.9,63.5,5.3,1009.0,1523.3,14,38.1,41.9,3.8,4
2025-10-25,Mumbai,33.2,98.0,13.7,1008.8,2063.8,14,0.0,0.0,0.0,4
2025-10-26,Mumbai,34.1,77.8,12.7,1022.2,1639.9,14,23.7,27.0,3.3,4
2025-10-27,Mumbai,30.5,81.6,11.2,1007.7,1782.2,14,4.0,9.3,5.3,4
2025-10-28,Mumbai,29.2,76.6,12.5,1012.8,1619.9,14,0.0,0.0,0.0,4
2025-10-29,Mumbai,30.5,65.9,6.3,1001.8,1632.0,14,26.2,32.5,6.3,4
2025-10-30,Mumbai,31.0,60.1,7.7,1011.0,1454.5,14,5.3,3.2,-2.1,4
2025-10-31,Mumbai,28.6,60.2,12.1,1000.7,1519.7,14,30.9,30.1,-0.8,4
2025-11-01,Mumbai,33.3,91.0,4.1,1007.5,1983.6,14,0.0,0.2,0.2,4
2025-11-02,Mumbai,37.8,71.2,16.8,1016.5,1706.4,14,0.0,0.0,0.0,4
2025-11-03,Mumbai,35.3,80.1,11.6,1010.8,1839.5,14,4.1,0.0,-4.1,4
2025-11-04,Mumbai,33.7,55.3,14.4,1013.7,1419.0,14,1.6,8.3,6.6,4
2025-11-05,Mumbai,31.0,68.5,9.8,1010.2,1581.4,14,0.5,0.0,-0.5,4
2025-11-06,Mumbai,35.2,76.4,11.4,1014.5,1741.0,14,2.0,10.4,8.4,4
2025-11-07,Mumbai,25.2,79.5,14.0,1013.7,1552.9,14,0.0,0.0,0.0,4
2025-11-08,Mumbai,34.1,67.6,12.0,999.0,1776.6,14,0.0,0.0,0.0,4
2025-11-09,Mumbai,32.8,54.6,15.3,1004.4,1499.8,14,0.0,0.0,0.0,4
2025-11-10,Mumbai,25.8,83.4,17.5,1004.4,1733.6,14,34.8,32.1,-2.7,4
2025-11-11,Mumbai,27.5,85.1,8.6,1013.9,1683.9,14,0.3,0.0,-0.3,4
2025-11-12,Mumbai,29.7,70.6,11.7,1016.7,1501.0,14,0.7,2.0,1.3,4
2025-11-13,Mumbai,30.8,52.2,25.4,1001.4,1453.5,14,153.6,153.0,-0.5,4
2025-11-14,Mumbai,33.4,77.0,21.9,1011.6,1740.6,14,26.0,28.6,2.6,4
2025-11-15,Mumbai,28.7,85.6,10.7,1007.5,1796.5,14,2.1,0.0,-2.1,4
2025-11-16,Mumbai,32.9,59.4,2.8,1004.8,1565.0,14,0.0,0.0,0.0,4
2025-11-17,Mumbai,33.4,73.1,17.9,1009.8,1707.0,14,0.0,5.0,5.0,4
2025-11-18,Mumbai,31.8,68.4,10.4,1005.2,1658.6,14,52.8,49.2,-3.6,4
2025-11-19,Mumbai,25.9,78.7,6.8,1010.9,1592.1,14,0.0,0.0,0.0,4
2025-11-20,Mumbai,26.9,82.1,11.7,1001.2,1780.2,14,13.5,15.0,1.5,4
2025-11-21,Mumbai,29.7,87.4,20.1,1005.2,1874.6,14,9.0,21.5,12.5,4
2025-11-22,Mumbai,30.3,73.4,3.6,1003.5,1712.5,14,20.9,21.4,0.5,4
2025-11-23,Mumbai,32.8,78.2,16.1,1004.6,1826.1,14,0.0,0.0,0.0,4
2025-11-24,Mumbai,32.3,81.3,3.1,1015.3,1730.1,14,34.2,36.7,2.5,4
2025-11-25,Mumbai,34.5,61.4,6.5,1019.2,1457.9,14,0.0,0.0,0.0,4
2025-11-26,Mumbai,32.3,73.5,2.8,1009.0,1695.4,14,0.0,0.0,0.0,4
2025-11-27,Mumbai,30.1,73.7,9.0,999.5,1759.6,14,24.3,26.6,2.2,4
2025-11-28,Mumbai,23.1,67.1,17.4,1000.8,1484.0,14,0.0,0.6,0.6,4
2025-11-29,Mumbai,28.6,60.4,20.6,1012.1,1386.7,14,0.0,0.0,0.0,4
2025-11-30,Mumbai,32.8,87.7,16.8,1014.5,1841.8,14,10.5,4.7,-5.8,4
2025-12-01,Mumbai,36.5,67.9,23.8,1009.8,1710.2,14,0.0,0.0,0.0,4
2025-12-02,Mumbai,29.6,59.9,7.5,1011.2,1415.3,14,0.0,0.0,0.0,4
2025-12-03,Mumbai,31.7,96.9,14.4,1005.0,2058.3,14,0.0,0.0,0.0,4
2025-12-04,Mumbai,30.0,75.9,14.1,1014.1,1612.4,14,0.0,0.0,0.0,4
2025-12-05,Mumbai,31.7,79.0,20.4,1009.4,1753.8,14,53.8,54.5,0.7,4
2025-12-06,Mumbai,32.7,66.2,5.0,1010.9,1581.3,14,0.0,0.0,0.0,4
2025-12-07,Mumbai,30.7,86.9,13.3,1007.9,1857.8,14,6.3,0.0,-6.3,4
2025-12-08,Mumbai,34.1,84.5,10.5,1015.4,1817.2,14,13.3,18.8,5.5,4
2025-12-09,Mumbai,26.6,73.4,6.9,1006.2,1592.7,14,0.0,0.0,0.0,4
2025-12-10,Mumbai,28.0,78.4,8.6,1014.1,1601.0,14,5.2,2.2,-3.0,4
2025-12-11,Mumbai,30.5,70.0,13.4,1012.6,1560.4,14,0.0,0.0,0.0,4
2025-12-12,Mumbai,32.1,64.9,17.8,1013.7,1514.6,14,0.0,0.0,0.0,4
2025-12-13,Mumbai,30.0,70.5,14.2,1010.0,1587.2,14,0.0,0.0,0.0,4
2025-12-14,Mumbai,36.1,63.0,7.5,1012.2,1601.8,14,1.6,0.0,-1.6,4
2025-12-15,Mumbai,31.7,78.1,16.1,1007.8,1761.9,14,3.0,0.0,-3.0,4
2025-12-16,Mumbai,34.8,84.5,9.2,1004.6,1961.9,14,0.0,0.0,0.0,4
2025-12-17,Mumbai,35.4,65.7,13.8,1004.6,1715.0,14,0.0,4.9,4.9,4
2025-12-18,Mumbai,33.2,57.2,10.4,997.6,1626.5,14,11.7,19.2,7.5,4
2025-12-19,Mumbai,26.0,76.0,11.9,1005.9,1616.9,14,0.6,8.0,7.4,4
2025-12-20,Mumbai,41.0,89.7,4.2,1007.9,2143.5,14,1.2,7.1,6.0,4
2025-12-21,Mumbai,33.5,88.8,16.8,1009.4,1933.9,14,0.5,0.0,-0.5,4
2025-12-22,Mumbai,30.2,82.8,14.9,999.4,1893.1,14,4.7,2.0,-2.7,4
2025-12-23,Mumbai,27.8,57.0,2.0,1018.4,1244.2,14,0.0,0.0,0.0,4
2025-12-24,Mumbai,31.3,82.1,13.2,1014.4,1726.6,14,0.0,7.8,7.8,4
2025-12-25,Mumbai,32.8,98.0,7.2,1007.4,2069.7,14,0.0,0.0,0.0,4
2025-12-26,Mumbai,27.7,73.6,12.3,1011.4,1556.3,14,0.0,0.0,0.0,4
2025-12-27,Mumbai,32.9,80.2,10.6,1006.8,1831.4,14,0.0,0.0,0.0,4
2025-12-28,Mumbai,28.6,68.5,19.4,1004.6,1591.7,14,0.0,0.0,0.0,4
2025-12-29,Mumbai,35.5,68.0,18.9,1015.3,1619.7,14,0.0,0.7,0.7,4
2025-12-30,Mumbai,32.0,74.5,10.1,1005.8,1741.4,14,0.0,0.0,0.0,4
2025-12-31,Mumbai,33.3,76.7,18.1,1009.7,1756.8,14,0.0,0.0,0.0,4
2026-01-01,Mumbai,32.5,55.9,20.0,1013.7,1398.3,14,4.3,6.8,2.5,4
2026-01-02,Mumbai,27.0,61.9,11.7,1015.6,1327.7,14,36.2,42.4,6.2,4
2026-01-03,Mumbai,28.7,53.8,12.2,1009.3,1332.0,14,29.2,31.8,2.6,4
2026-01-04,Mumbai,23.0,69.1,14.7,1009.9,1400.7,14,0.0,0.0,0.0,4
2026-01-05,Mumbai,24.7,86.6,7.9,1009.0,1697.1,14,6.8,8.5,1.7,4
2026-01-06,Mumbai,27.3,67.8,17.1,1003.1,1566.1,14,0.0,0.0,0.0,4
2026-01-07,Mumbai,37.9,74.0,5.0,1004.0,1897.7,14,0.0,5.5,5.5,4
2026-01-08,Mumbai,29.8,62.8,20.3,1005.1,1533.1,14,1.7,2.1,0.5,4
2026-01-09,Mumbai,38.8,86.7,8.5,1005.6,2076.7,14,42.9,35.8,-7.1,4
2026-01-10,Mumbai,31.5,65.0,12.5,998.2,1688.0,14,13.9,17.1,3.3,4
2026-01-11,Mumbai,28.3,73.8,11.6,1019.0,1484.0,14,2.8,4.1,1.3,4
2026-01-12,Mumbai,31.7,80.7,16.5,1017.8,1677.6,14,0.0,0.0,0.0,4
2026-01-13,Mumbai,25.7,85.1,9.0,1010.5,1683.4,14,0.0,0.0,0.0,4
2026-01-14,Mumbai,29.3,94.7,3.4,1013.1,1871.3,14,0.0,1.0,1.0,4
2026-01-15,Mumbai,32.8,60.6,15.2,1008.6,1532.9,14,6.2,0.0,-6.2,4
2026-01-16,Mumbai,30.4,75.3,11.4,1011.8,1642.5,14,0.5,3.4,2.8,4
2026-01-17,Mumbai,27.6,65.8,17.5,1012.1,1438.5,14,0.0,4.0,4.0,4
2026-01-18,Mumbai,30.4,47.1,2.0,1006.7,1308.7,14,11.4,10.3,-1.0,4
2026-01-19,Mumbai,30.0,94.8,18.2,1009.7,1931.7,14,2.6,6.7,4.1,4
2026-01-20,Mumbai,31.7,72.4,15.8,1011.3,1639.6,14,5.2,7.8,2.6,4
2026-01-21,Mumbai,31.3,58.2,4.3,1000.7,1557.3,14,5.2,20.2,15.0,4
2026-01-22,Mumbai,25.7,67.9,18.6,1011.1,1433.2,14,26.7,26.2,-0.5,4
2026-01-23,Mumbai,31.2,71.9,11.8,1008.5,1653.1,14,0.0,0.0,0.0,4
2026-01-24,Mumbai,34.3,75.2,9.9,1014.3,1703.9,14,0.0,0.0,0.0,4
2026-01-25,Mumbai,32.6,64.0,21.0,1010.7,1549.4,14,20.6,21.0,0.4,4
2026-01-26,Mumbai,29.7,69.0,12.3,1002.6,1647.6,14,26.6,32.9,6.3,4
2026-01-27,Mumbai,29.4,68.6,15.7,1009.1,1557.6,14,1.0,0.0,-1.0,4
2026-01-28,Mumbai,30.9,68.4,18.3,1005.0,1637.7,14,22.5,23.8,1.3,4
2026-01-29,Mumbai,24.6,69.2,13.1,1013.0,1402.5,14,0.0,0.0,0.0,4
2026-01-30,Mumbai,28.3,76.9,10.3,1009.0,1647.4,14,1.2,2.8,1.6,4
2026-01-31,Mumbai,33.9,86.5,14.2,1006.9,1940.7,14,0.0,3.8,3.8,4
2026-02-01,Mumbai,29.2,76.6,6.2,1013.9,1605.9,14,8.9,4.5,-4.4,4
2026-02-02,Mumbai,35.1,92.7,4.9,1009.6,2023.3,14,20.0,21.6,1.5,4
2026-02-03,Mumbai,32.3,64.8,7.9,1006.2,1609.0,14,0.0,0.0,0.0,4
2026-02-04,Mumbai,28.7,86.5,15.0,1001.1,1886.9,14,18.1,12.7,-5.4,4
2026-02-05,Mumbai,27.4,96.5,5.6,1002.1,1984.3,14,26.9,32.7,5.8,4
2026-02-06,Mumbai,33.4,64.4,17.0,1009.2,1591.7,14,0.0,0.0,0.0,4
2026-02-07,Mumbai,23.5,79.8,22.3,1009.0,1574.2,14,0.0,1.9,1.9,4
2026-02-08,Mumbai,35.0,73.2,11.0,1001.1,1851.1,14,0.0,0.0,0.0,4
2026-02-09,Mumbai,30.4,67.7,16.0,1004.0,1630.9,14,31.2,41.0,9.8,4
2026-02-10,Mumbai,37.1,94.9,4.9,1009.7,2101.4,14,0.6,0.0,-0.6,4
2026-02-11,Mumbai,31.1,87.7,26.8,1012.4,1823.7,14,21.8,16.3,-5.5,4
2026-02-12,Mumbai,29.0,71.2,10.3,1004.3,1640.8,14,0.0,0.0,0.0,4
2026-02-13,Mumbai,21.8,71.2,9.1,1014.9,1340.6,14,0.0,2.5,2.5,4
2026-02-14,Mumbai,30.4,76.7,2.0,1011.3,1666.5,14,46.3,47.3,1.0,4
2026-02-15,Mumbai,28.2,89.8,13.6,1004.7,1876.9,14,0.0,3.3,3.3,4
2026-02-16,Mumbai,31.1,59.6,5.7,1004.3,1529.2,14,0.0,0.0,0.0,4
2026-02-17,Mumbai,36.1,63.4,22.3,1007.6,1663.6,14,19.1,21.3,2.2,4
2026-02-18,Mumbai,31.9,82.7,21.5,1008.1,1826.3,14,0.0,0.0,0.0,4
2026-02-19,Mumbai,26.4,67.6,11.0,1000.5,1574.8,14,0.0,5.3,5.3,4
2026-02-20,Mumbai,29.4,77.3,11.4,1005.9,1717.1,14,5.4,0.0,-5.4,4
2026-02-21,Mumbai,29.7,78.3,23.0,1004.7,1750.5,14,8.6,13.2,4.6,4
2026-02-22,Mumbai,30.9,68.4,12.3,1017.1,1495.2,14,0.0,0.0,0.0,4
2026-02-23,Mumbai,27.0,70.6,14.4,1008.6,1533.4,14,20.5,29.7,9.2,4
2026-02-24,Mumbai,23.9,93.0,13.6,1010.0,1754.1,14,36.6,44.0,7.5,4
